[2026-03-13T07:56:50.248Z] [ACCESS] GET /api/test-admin - ::1
[2026-03-13T07:56:50.263Z] [ACCESS] GET /api/admin-data/users - ::1
[2026-03-13T07:56:50.255Z] [ACCESS] GET /api/admin-data/stats - ::1
[2026-03-13T07:56:50.267Z] [ACCESS] GET /api/admin-data/posts - ::1
[2026-03-13T07:56:50.286Z] [ACCESS] GET /api/admin-data/sos - ::1
[2026-03-13T07:56:50.290Z] [ACCESS] GET /api/admin-data/help-requests - ::1
[2026-03-13T07:56:50.334Z] [ACCESS] GET /api/admin-data/chat-analytics - ::ffff:127.0.0.1
[2026-03-13T07:56:50.340Z] [ACCESS] GET /api/admin-data/nlp-status - ::1
[2026-03-13T07:56:50.361Z] [ACCESS] GET /api/admin-data/logs?type=all&lines=100 - ::1
[2026-03-13T07:57:18.205Z] [ACCESS] GET /api/test-admin - ::1
[2026-03-13T07:57:18.237Z] [ACCESS] GET /api/admin-data/stats - ::1
[2026-03-13T07:57:18.239Z] [ACCESS] GET /api/admin-data/users - ::1
[2026-03-13T07:57:18.241Z] [ACCESS] GET /api/admin-data/posts - ::1
[2026-03-13T07:57:18.243Z] [ACCESS] GET /api/admin-data/sos - ::1
[2026-03-13T07:57:18.255Z] [ACCESS] GET /api/admin-data/help-requests - ::1
[2026-03-13T07:57:18.257Z] [ACCESS] GET /api/admin-data/chat-analytics - ::1
[2026-03-13T07:57:18.269Z] [ACCESS] GET /api/admin-data/nlp-status - ::1
[2026-03-13T07:57:18.276Z] [ACCESS] GET /api/admin-data/logs?type=all&lines=100 - ::1
[2026-03-13T07:57:35.389Z] [ACCESS] GET /api/test-admin - ::1
[2026-03-13T07:57:35.392Z] [ACCESS] GET /api/test-admin - ::1
[2026-03-13T07:57:35.395Z] [ACCESS] GET /api/admin-data/stats - ::1
[2026-03-13T07:57:35.401Z] [ACCESS] GET /api/admin-data/users - ::1
[2026-03-13T07:57:35.403Z] [ACCESS] GET /api/admin-data/posts - ::1
[2026-03-13T07:57:35.404Z] [ACCESS] GET /api/admin-data/sos - ::1
[2026-03-13T07:57:35.405Z] [ACCESS] GET /api/admin-data/help-requests - ::1
[2026-03-13T07:57:35.406Z] [ACCESS] GET /api/admin-data/chat-analytics - ::1
[2026-03-13T07:57:35.430Z] [ACCESS] GET /api/admin-data/nlp-status - ::1
[2026-03-13T07:57:35.438Z] [ACCESS] GET /api/admin-data/logs?type=all&lines=100 - ::1
[2026-03-13T07:57:35.440Z] [ACCESS] GET /api/admin-data/sos - ::1
[2026-03-13T07:57:35.443Z] [ACCESS] GET /api/admin-data/posts - ::1
[2026-03-13T07:57:35.444Z] [ACCESS] GET /api/admin-data/help-requests - ::1
[2026-03-13T07:57:35.446Z] [ACCESS] GET /api/admin-data/users - ::1
[2026-03-13T07:57:35.459Z] [ACCESS] GET /api/admin-data/logs?type=all&lines=100 - ::1
[2026-03-13T07:57:35.473Z] [ACCESS] GET /api/admin-data/nlp-status - ::1
[2026-03-13T07:57:35.484Z] [ACCESS] GET /api/admin-data/stats - ::1
[2026-03-13T07:57:35.490Z] [ACCESS] GET /api/admin-data/chat-analytics - ::1
[2026-03-13T07:57:41.203Z] [ACCESS] GET /api/chat/chats - ::1
[2026-03-13T07:58:05.394Z] [ACCESS] GET /api/test-admin - ::1
[2026-03-13T07:58:05.416Z] [ACCESS] GET /api/admin-data/stats - ::1
[2026-03-13T07:58:05.418Z] [ACCESS] GET /api/admin-data/users - ::1
[2026-03-13T07:58:05.420Z] [ACCESS] GET /api/admin-data/posts - ::1
[2026-03-13T07:58:05.423Z] [ACCESS] GET /api/admin-data/help-requests - ::1
[2026-03-13T07:58:05.421Z] [ACCESS] GET /api/admin-data/sos - ::1
[2026-03-13T07:58:05.424Z] [ACCESS] GET /api/admin-data/chat-analytics - ::1
[2026-03-13T07:58:05.446Z] [ACCESS] GET /api/admin-data/nlp-status - ::1
[2026-03-13T07:58:05.453Z] [ACCESS] GET /api/admin-data/logs?type=all&lines=100 - ::1
[2026-03-13T07:58:14.433Z] [ACCESS] GET /api/test-admin - ::1
[2026-03-13T07:58:14.440Z] [ACCESS] GET /api/test-admin - ::1
[2026-03-13T07:58:14.451Z] [ACCESS] GET /api/admin-data/stats - ::1
[2026-03-13T07:58:14.453Z] [ACCESS] GET /api/admin-data/users - ::1
[2026-03-13T07:58:14.455Z] [ACCESS] GET /api/admin-data/posts - ::1
[2026-03-13T07:58:14.456Z] [ACCESS] GET /api/admin-data/sos - ::1
[2026-03-13T07:58:14.475Z] [ACCESS] GET /api/admin-data/help-requests - ::1
[2026-03-13T07:58:14.476Z] [ACCESS] GET /api/admin-data/chat-analytics - ::1
[2026-03-13T07:58:14.478Z] [ACCESS] GET /api/admin-data/nlp-status - ::1
[2026-03-13T07:58:14.485Z] [ACCESS] GET /api/admin-data/logs?type=all&lines=100 - ::1
[2026-03-13T07:58:14.502Z] [ACCESS] GET /api/admin-data/sos - ::1
[2026-03-13T07:58:14.506Z] [ACCESS] GET /api/admin-data/nlp-status - ::1
[2026-03-13T07:58:14.511Z] [ACCESS] GET /api/admin-data/posts - ::1
[2026-03-13T07:58:14.543Z] [ACCESS] GET /api/admin-data/logs?type=all&lines=100 - ::1
[2026-03-13T07:58:14.554Z] [ACCESS] GET /api/admin-data/users - ::1
[2026-03-13T07:58:14.555Z] [ACCESS] GET /api/admin-data/help-requests - ::1
[2026-03-13T07:58:14.594Z] [ACCESS] GET /api/admin-data/stats - ::1
[2026-03-13T07:58:14.620Z] [ACCESS] GET /api/admin-data/chat-analytics - ::1
[2026-03-13T07:58:41.201Z] [ACCESS] GET /api/chat/chats - ::1
[2026-03-13T07:58:45.191Z] [ACCESS] GET /api/test-admin - ::1
[2026-03-13T07:58:45.216Z] [ACCESS] GET /api/admin-data/stats - ::1
[2026-03-13T07:58:45.217Z] [ACCESS] GET /api/admin-data/users - ::1
[2026-03-13T07:58:45.219Z] [ACCESS] GET /api/admin-data/posts - ::1
[2026-03-13T07:58:45.220Z] [ACCESS] GET /api/admin-data/sos - ::1
[2026-03-13T07:58:45.228Z] [ACCESS] GET /api/admin-data/help-requests - ::1
[2026-03-13T07:58:45.228Z] [ACCESS] GET /api/admin-data/chat-analytics - ::1
[2026-03-13T07:58:45.245Z] [ACCESS] GET /api/admin-data/nlp-status - ::1
[2026-03-13T07:58:45.246Z] [ACCESS] GET /api/admin-data/logs?type=all&lines=100 - ::1
[2026-03-13T07:59:15.202Z] [ACCESS] GET /api/test-admin - ::1
[2026-03-13T07:59:15.221Z] [ACCESS] GET /api/admin-data/stats - ::1
[2026-03-13T07:59:15.223Z] [ACCESS] GET /api/admin-data/users - ::1
[2026-03-13T07:59:15.224Z] [ACCESS] GET /api/admin-data/posts - ::1
[2026-03-13T07:59:15.229Z] [ACCESS] GET /api/admin-data/sos - ::1
[2026-03-13T07:59:15.231Z] [ACCESS] GET /api/admin-data/help-requests - ::1
[2026-03-13T07:59:15.296Z] [ACCESS] GET /api/admin-data/chat-analytics - ::1
[2026-03-13T07:59:15.298Z] [ACCESS] GET /api/admin-data/logs?type=all&lines=100 - ::1
[2026-03-13T07:59:15.299Z] [ACCESS] GET /api/admin-data/nlp-status - ::1
[2026-03-13T07:59:41.197Z] [ACCESS] GET /api/chat/chats - ::1
[2026-03-13T07:59:45.190Z] [ACCESS] GET /api/test-admin - ::1
[2026-03-13T07:59:45.215Z] [ACCESS] GET /api/admin-data/stats - ::1
[2026-03-13T07:59:45.216Z] [ACCESS] GET /api/admin-data/users - ::1
[2026-03-13T07:59:45.217Z] [ACCESS] GET /api/admin-data/posts - ::1
[2026-03-13T07:59:45.218Z] [ACCESS] GET /api/admin-data/sos - ::1
[2026-03-13T07:59:45.225Z] [ACCESS] GET /api/admin-data/help-requests - ::1
[2026-03-13T07:59:45.227Z] [ACCESS] GET /api/admin-data/chat-analytics - ::1
[2026-03-13T07:59:45.239Z] [ACCESS] GET /api/admin-data/nlp-status - ::1
[2026-03-13T07:59:45.246Z] [ACCESS] GET /api/admin-data/logs?type=all&lines=100 - ::1
[2026-03-13T08:00:15.208Z] [ACCESS] GET /api/test-admin - ::1
[2026-03-13T08:00:15.220Z] [ACCESS] GET /api/admin-data/stats - ::1
[2026-03-13T08:00:15.221Z] [ACCESS] GET /api/admin-data/users - ::1
[2026-03-13T08:00:15.223Z] [ACCESS] GET /api/admin-data/posts - ::1
[2026-03-13T08:00:15.228Z] [ACCESS] GET /api/admin-data/sos - ::1
[2026-03-13T08:00:15.235Z] [ACCESS] GET /api/admin-data/help-requests - ::1
[2026-03-13T08:00:15.236Z] [ACCESS] GET /api/admin-data/chat-analytics - ::1
[2026-03-13T08:00:15.245Z] [ACCESS] GET /api/admin-data/nlp-status - ::1
[2026-03-13T08:00:15.249Z] [ACCESS] GET /api/admin-data/logs?type=all&lines=100 - ::1
[2026-03-13T08:00:41.194Z] [ACCESS] GET /api/chat/chats - ::1
[2026-03-13T08:00:45.191Z] [ACCESS] GET /api/test-admin - ::1
[2026-03-13T08:00:45.210Z] [ACCESS] GET /api/admin-data/stats - ::1
[2026-03-13T08:00:45.211Z] [ACCESS] GET /api/admin-data/users - ::1
[2026-03-13T08:00:45.212Z] [ACCESS] GET /api/admin-data/posts - ::1
[2026-03-13T08:00:45.215Z] [ACCESS] GET /api/admin-data/sos - ::1
[2026-03-13T08:00:45.216Z] [ACCESS] GET /api/admin-data/help-requests - ::1
[2026-03-13T08:00:45.217Z] [ACCESS] GET /api/admin-data/chat-analytics - ::1
[2026-03-13T08:00:45.235Z] [ACCESS] GET /api/admin-data/nlp-status - ::1
[2026-03-13T08:00:45.244Z] [ACCESS] GET /api/admin-data/logs?type=all&lines=100 - ::1
[2026-03-13T08:01:15.198Z] [ACCESS] GET /api/test-admin - ::1
[2026-03-13T08:01:15.220Z] [ACCESS] GET /api/admin-data/stats - ::1
[2026-03-13T08:01:15.221Z] [ACCESS] GET /api/admin-data/users - ::1
[2026-03-13T08:01:15.223Z] [ACCESS] GET /api/admin-data/posts - ::1
[2026-03-13T08:01:15.224Z] [ACCESS] GET /api/admin-data/sos - ::1
[2026-03-13T08:01:15.233Z] [ACCESS] GET /api/admin-data/help-requests - ::1
[2026-03-13T08:01:15.234Z] [ACCESS] GET /api/admin-data/chat-analytics - ::1
[2026-03-13T08:01:15.246Z] [ACCESS] GET /api/admin-data/nlp-status - ::1
[2026-03-13T08:01:15.250Z] [ACCESS] GET /api/admin-data/logs?type=all&lines=100 - ::1
[2026-03-13T08:01:41.197Z] [ACCESS] GET /api/chat/chats - ::1
[2026-03-13T08:01:45.196Z] [ACCESS] GET /api/test-admin - ::1
[2026-03-13T08:01:45.208Z] [ACCESS] GET /api/admin-data/stats - ::1
[2026-03-13T08:01:45.209Z] [ACCESS] GET /api/admin-data/users - ::1
[2026-03-13T08:01:45.211Z] [ACCESS] GET /api/admin-data/posts - ::1
[2026-03-13T08:01:45.213Z] [ACCESS] GET /api/admin-data/sos - ::1
[2026-03-13T08:01:45.216Z] [ACCESS] GET /api/admin-data/help-requests - ::1
[2026-03-13T08:01:45.217Z] [ACCESS] GET /api/admin-data/chat-analytics - ::1
[2026-03-13T08:01:45.233Z] [ACCESS] GET /api/admin-data/nlp-status - ::1
[2026-03-13T08:01:45.239Z] [ACCESS] GET /api/admin-data/logs?type=all&lines=100 - ::1
[2026-03-13T08:02:41.201Z] [ACCESS] GET /api/test-admin - ::1
[2026-03-13T08:02:41.202Z] [ACCESS] GET /api/chat/chats - ::1
[2026-03-13T08:02:41.214Z] [ACCESS] GET /api/admin-data/stats - ::1
[2026-03-13T08:02:41.217Z] [ACCESS] GET /api/admin-data/users - ::1
[2026-03-13T08:02:41.222Z] [ACCESS] GET /api/admin-data/posts - ::1
[2026-03-13T08:02:41.227Z] [ACCESS] GET /api/admin-data/sos - ::1
[2026-03-13T08:02:41.228Z] [ACCESS] GET /api/admin-data/help-requests - ::1
[2026-03-13T08:02:41.229Z] [ACCESS] GET /api/admin-data/chat-analytics - ::1
[2026-03-13T08:02:41.241Z] [ACCESS] GET /api/admin-data/nlp-status - ::1
[2026-03-13T08:02:41.243Z] [ACCESS] GET /api/admin-data/logs?type=all&lines=100 - ::1
[2026-03-13T08:02:44.511Z] [ACCESS] GET /api/test-admin - ::1
[2026-03-13T08:02:44.518Z] [ACCESS] GET /api/admin-data/stats - ::1
[2026-03-13T08:02:44.531Z] [ACCESS] GET /api/admin-data/sos - ::1
[2026-03-13T08:02:44.533Z] [ACCESS] GET /api/admin-data/help-requests - ::1
[2026-03-13T08:02:44.534Z] [ACCESS] GET /api/admin-data/chat-analytics - ::1
[2026-03-13T08:02:44.553Z] [ACCESS] GET /api/admin-data/nlp-status - ::1
[2026-03-13T08:02:44.563Z] [ACCESS] GET /api/admin-data/logs?type=all&lines=100 - ::1
[2026-03-13T08:02:44.530Z] [ACCESS] GET /api/admin-data/posts - ::1
[2026-03-13T08:02:44.519Z] [ACCESS] GET /api/admin-data/users - ::1
[2026-03-13T08:02:46.830Z] [ACCESS] GET /api/elderly/posts - ::1
[2026-03-13T08:02:46.853Z] [ACCESS] GET /api/elderly/posts - ::1
[2026-03-13T08:02:46.942Z] [ACCESS] GET /api/sos/history - ::1
[2026-03-13T08:02:46.944Z] [ACCESS] GET /api/chat/chats - ::1
[2026-03-13T08:02:46.951Z] [ACCESS] GET /api/chat/chats - ::1
[2026-03-13T08:02:46.958Z] [ACCESS] GET /api/sos/history - ::1
[2026-03-13T08:02:48.907Z] [ACCESS] GET /api/elderly/profile/69a07b5cc340cede9866898c - ::1
[2026-03-13T08:02:48.909Z] [ACCESS] GET /api/elderly/posts/user/69a07b5cc340cede9866898c - ::1
[2026-03-13T08:02:48.923Z] [ACCESS] GET /api/elderly/profile/69a07b5cc340cede9866898c - ::1
[2026-03-13T08:02:48.929Z] [ACCESS] GET /api/elderly/posts/user/69a07b5cc340cede9866898c - ::1
[2026-03-13T08:02:48.957Z] [ACCESS] GET /api/sos/history - ::1
[2026-03-13T08:02:48.963Z] [ACCESS] GET /api/sos/history - ::1
[2026-03-13T08:02:48.973Z] [ACCESS] GET /api/chat/chats - ::1
[2026-03-13T08:02:48.975Z] [ACCESS] GET /api/chat/chats - ::1
[2026-03-13T08:02:54.459Z] [ACCESS] GET /api/elderly/posts - ::1
[2026-03-13T08:02:54.483Z] [ACCESS] GET /api/sos/history - ::1
[2026-03-13T08:02:54.485Z] [ACCESS] GET /api/chat/chats - ::1
[2026-03-13T08:02:54.486Z] [ACCESS] GET /api/elderly/posts - ::1
[2026-03-13T08:02:54.489Z] [ACCESS] GET /api/chat/chats - ::1
[2026-03-13T08:02:54.502Z] [ACCESS] GET /api/sos/history - ::1
[2026-03-13T08:02:57.321Z] [ACCESS] GET /api/test-admin - ::1
[2026-03-13T08:02:57.325Z] [ACCESS] GET /api/test-admin - ::1
[2026-03-13T08:02:57.332Z] [ACCESS] GET /api/admin-data/stats - ::1
[2026-03-13T08:02:57.334Z] [ACCESS] GET /api/admin-data/users - ::1
[2026-03-13T08:02:57.335Z] [ACCESS] GET /api/admin-data/posts - ::1
[2026-03-13T08:02:57.336Z] [ACCESS] GET /api/admin-data/sos - ::1
[2026-03-13T08:02:57.338Z] [ACCESS] GET /api/admin-data/help-requests - ::1
[2026-03-13T08:02:57.348Z] [ACCESS] GET /api/admin-data/chat-analytics - ::1
[2026-03-13T08:02:57.357Z] [ACCESS] GET /api/admin-data/nlp-status - ::1
[2026-03-13T08:02:57.368Z] [ACCESS] GET /api/admin-data/logs?type=all&lines=100 - ::1
[2026-03-13T08:02:57.373Z] [ACCESS] GET /api/admin-data/sos - ::1
[2026-03-13T08:02:57.374Z] [ACCESS] GET /api/admin-data/posts - ::1
[2026-03-13T08:02:57.376Z] [ACCESS] GET /api/admin-data/help-requests - ::1
[2026-03-13T08:02:57.379Z] [ACCESS] GET /api/admin-data/users - ::1
[2026-03-13T08:02:57.389Z] [ACCESS] GET /api/admin-data/logs?type=all&lines=100 - ::1
[2026-03-13T08:02:57.401Z] [ACCESS] GET /api/admin-data/nlp-status - ::1
[2026-03-13T08:02:57.416Z] [ACCESS] GET /api/admin-data/stats - ::1
[2026-03-13T08:02:57.421Z] [ACCESS] GET /api/admin-data/chat-analytics - ::1
[2026-03-13T08:03:25.204Z] [ACCESS] GET /api/chat/chats - ::1
[2026-03-13T08:03:27.327Z] [ACCESS] GET /api/test-admin - ::1
[2026-03-13T08:03:27.334Z] [ACCESS] GET /api/admin-data/stats - ::1
[2026-03-13T08:03:27.336Z] [ACCESS] GET /api/admin-data/users - ::1
[2026-03-13T08:03:27.338Z] [ACCESS] GET /api/admin-data/posts - ::1
[2026-03-13T08:03:27.339Z] [ACCESS] GET /api/admin-data/sos - ::1
[2026-03-13T08:03:27.353Z] [ACCESS] GET /api/admin-data/help-requests - ::1
[2026-03-13T08:03:27.355Z] [ACCESS] GET /api/admin-data/nlp-status - ::1
[2026-03-13T08:03:27.356Z] [ACCESS] GET /api/admin-data/chat-analytics - ::1
[2026-03-13T08:03:27.365Z] [ACCESS] GET /api/admin-data/logs?type=all&lines=100 - ::1
[2026-03-13T08:03:28.447Z] [ACCESS] GET /api/test-admin - ::1
[2026-03-13T08:03:28.459Z] [ACCESS] GET /api/admin-data/stats - ::1
[2026-03-13T08:03:28.460Z] [ACCESS] GET /api/admin-data/users - ::1
[2026-03-13T08:03:28.461Z] [ACCESS] GET /api/admin-data/posts - ::1
[2026-03-13T08:03:28.462Z] [ACCESS] GET /api/admin-data/sos - ::1
[2026-03-13T08:03:28.463Z] [ACCESS] GET /api/admin-data/help-requests - ::1
[2026-03-13T08:03:28.464Z] [ACCESS] GET /api/admin-data/chat-analytics - ::1
[2026-03-13T08:03:28.478Z] [ACCESS] GET /api/admin-data/nlp-status - ::1
[2026-03-13T08:03:28.486Z] [ACCESS] GET /api/admin-data/logs?type=all&lines=100 - ::1
[2026-03-13T08:03:29.382Z] [ACCESS] GET /api/test-admin - ::1
[2026-03-13T08:03:29.401Z] [ACCESS] GET /api/admin-data/stats - ::1
[2026-03-13T08:03:29.402Z] [ACCESS] GET /api/admin-data/users - ::1
[2026-03-13T08:03:29.405Z] [ACCESS] GET /api/admin-data/help-requests - ::1
[2026-03-13T08:03:29.403Z] [ACCESS] GET /api/admin-data/posts - ::1
[2026-03-13T08:03:29.404Z] [ACCESS] GET /api/admin-data/sos - ::1
[2026-03-13T08:03:29.405Z] [ACCESS] GET /api/admin-data/chat-analytics - ::1
[2026-03-13T08:03:29.425Z] [ACCESS] GET /api/admin-data/nlp-status - ::1
[2026-03-13T08:03:29.428Z] [ACCESS] GET /api/admin-data/logs?type=all&lines=100 - ::1
[2026-03-13T08:03:34.694Z] [ACCESS] GET /api/test-admin - ::1
[2026-03-13T08:03:34.706Z] [ACCESS] GET /api/admin-data/stats - ::1
[2026-03-13T08:03:34.707Z] [ACCESS] GET /api/admin-data/users - ::1
[2026-03-13T08:03:34.710Z] [ACCESS] GET /api/admin-data/help-requests - ::1
[2026-03-13T08:03:34.711Z] [ACCESS] GET /api/admin-data/chat-analytics - ::1
[2026-03-13T08:03:34.708Z] [ACCESS] GET /api/admin-data/posts - ::1
[2026-03-13T08:03:34.709Z] [ACCESS] GET /api/admin-data/sos - ::1
[2026-03-13T08:03:34.723Z] [ACCESS] GET /api/admin-data/nlp-status - ::1
[2026-03-13T08:03:34.731Z] [ACCESS] GET /api/admin-data/logs?type=all&lines=100 - ::1
[2026-03-13T08:03:35.303Z] [ACCESS] GET /api/test-admin - ::1
[2026-03-13T08:03:35.317Z] [ACCESS] GET /api/admin-data/stats - ::1
[2026-03-13T08:03:35.318Z] [ACCESS] GET /api/admin-data/users - ::1
[2026-03-13T08:03:35.321Z] [ACCESS] GET /api/admin-data/help-requests - ::1
[2026-03-13T08:03:35.319Z] [ACCESS] GET /api/admin-data/posts - ::1
[2026-03-13T08:03:35.320Z] [ACCESS] GET /api/admin-data/sos - ::1
[2026-03-13T08:03:35.322Z] [ACCESS] GET /api/admin-data/chat-analytics - ::1
[2026-03-13T08:03:35.336Z] [ACCESS] GET /api/admin-data/nlp-status - ::1
[2026-03-13T08:03:35.342Z] [ACCESS] GET /api/admin-data/logs?type=all&lines=100 - ::1
[2026-03-13T08:03:35.542Z] [ACCESS] GET /api/test-admin - ::1
[2026-03-13T08:03:35.556Z] [ACCESS] GET /api/admin-data/stats - ::1
[2026-03-13T08:03:35.557Z] [ACCESS] GET /api/admin-data/users - ::1
[2026-03-13T08:03:35.562Z] [ACCESS] GET /api/admin-data/posts - ::1
[2026-03-13T08:03:35.563Z] [ACCESS] GET /api/admin-data/sos - ::1
[2026-03-13T08:03:35.564Z] [ACCESS] GET /api/admin-data/help-requests - ::1
[2026-03-13T08:03:35.565Z] [ACCESS] GET /api/admin-data/chat-analytics - ::1
[2026-03-13T08:03:35.577Z] [ACCESS] GET /api/admin-data/nlp-status - ::1
[2026-03-13T08:03:35.582Z] [ACCESS] GET /api/admin-data/logs?type=all&lines=100 - ::1
[2026-03-13T08:03:35.783Z] [ACCESS] GET /api/test-admin - ::1
[2026-03-13T08:03:35.796Z] [ACCESS] GET /api/admin-data/stats - ::1
[2026-03-13T08:03:35.797Z] [ACCESS] GET /api/admin-data/users - ::1
[2026-03-13T08:03:35.803Z] [ACCESS] GET /api/admin-data/posts - ::1
[2026-03-13T08:03:35.808Z] [ACCESS] GET /api/admin-data/sos - ::1
[2026-03-13T08:03:35.809Z] [ACCESS] GET /api/admin-data/help-requests - ::1
[2026-03-13T08:03:35.810Z] [ACCESS] GET /api/admin-data/chat-analytics - ::1
[2026-03-13T08:03:35.819Z] [ACCESS] GET /api/admin-data/nlp-status - ::1
[2026-03-13T08:03:35.821Z] [ACCESS] GET /api/admin-data/logs?type=all&lines=100 - ::1
[2026-03-13T08:03:35.942Z] [ACCESS] GET /api/test-admin - ::1
[2026-03-13T08:03:35.954Z] [ACCESS] GET /api/admin-data/stats - ::1
[2026-03-13T08:03:35.955Z] [ACCESS] GET /api/admin-data/users - ::1
[2026-03-13T08:03:35.956Z] [ACCESS] GET /api/admin-data/posts - ::1
[2026-03-13T08:03:35.957Z] [ACCESS] GET /api/admin-data/sos - ::1
[2026-03-13T08:03:35.958Z] [ACCESS] GET /api/admin-data/help-requests - ::1
[2026-03-13T08:03:35.960Z] [ACCESS] GET /api/admin-data/chat-analytics - ::1
[2026-03-13T08:03:35.972Z] [ACCESS] GET /api/admin-data/nlp-status - ::1
[2026-03-13T08:03:35.980Z] [ACCESS] GET /api/admin-data/logs?type=all&lines=100 - ::1
[2026-03-13T08:03:36.102Z] [ACCESS] GET /api/test-admin - ::1
[2026-03-13T08:03:36.118Z] [ACCESS] GET /api/admin-data/stats - ::1
[2026-03-13T08:03:36.119Z] [ACCESS] GET /api/admin-data/users - ::1
[2026-03-13T08:03:36.121Z] [ACCESS] GET /api/admin-data/help-requests - ::1
[2026-03-13T08:03:36.120Z] [ACCESS] GET /api/admin-data/posts - ::1
[2026-03-13T08:03:36.120Z] [ACCESS] GET /api/admin-data/sos - ::1
[2026-03-13T08:03:36.121Z] [ACCESS] GET /api/admin-data/chat-analytics - ::1
[2026-03-13T08:03:36.135Z] [ACCESS] GET /api/admin-data/nlp-status - ::1
[2026-03-13T08:03:36.140Z] [ACCESS] GET /api/admin-data/logs?type=all&lines=100 - ::1
[2026-03-13T08:03:55.197Z] [ACCESS] GET /api/chat/chats - ::1
[2026-03-13T08:03:58.200Z] [ACCESS] GET /api/test-admin - ::1
[2026-03-13T08:03:58.222Z] [ACCESS] GET /api/admin-data/stats - ::1
[2026-03-13T08:03:58.223Z] [ACCESS] GET /api/admin-data/users - ::1
[2026-03-13T08:03:58.225Z] [ACCESS] GET /api/admin-data/posts - ::1
[2026-03-13T08:03:58.230Z] [ACCESS] GET /api/admin-data/sos - ::1
[2026-03-13T08:03:58.231Z] [ACCESS] GET /api/admin-data/help-requests - ::1
[2026-03-13T08:03:58.232Z] [ACCESS] GET /api/admin-data/chat-analytics - ::1
[2026-03-13T08:03:58.248Z] [ACCESS] GET /api/admin-data/nlp-status - ::1
[2026-03-13T08:03:58.253Z] [ACCESS] GET /api/admin-data/logs?type=all&lines=100 - ::1
[2026-03-13T08:04:25.192Z] [ACCESS] GET /api/chat/chats - ::1
[2026-03-13T08:04:28.199Z] [ACCESS] GET /api/test-admin - ::1
[2026-03-13T08:04:28.217Z] [ACCESS] GET /api/admin-data/stats - ::1
[2026-03-13T08:04:28.218Z] [ACCESS] GET /api/admin-data/users - ::1
[2026-03-13T08:04:28.220Z] [ACCESS] GET /api/admin-data/posts - ::1
[2026-03-13T08:04:28.221Z] [ACCESS] GET /api/admin-data/help-requests - ::1
[2026-03-13T08:04:28.222Z] [ACCESS] GET /api/admin-data/sos - ::1
[2026-03-13T08:04:28.233Z] [ACCESS] GET /api/admin-data/chat-analytics - ::1
[2026-03-13T08:04:28.242Z] [ACCESS] GET /api/admin-data/nlp-status - ::1
[2026-03-13T08:04:28.246Z] [ACCESS] GET /api/admin-data/logs?type=all&lines=100 - ::1
[2026-03-13T08:04:55.201Z] [ACCESS] GET /api/chat/chats - ::1
[2026-03-13T08:04:58.207Z] [ACCESS] GET /api/test-admin - ::1
[2026-03-13T08:04:58.222Z] [ACCESS] GET /api/admin-data/stats - ::1
[2026-03-13T08:04:58.223Z] [ACCESS] GET /api/admin-data/users - ::1
[2026-03-13T08:04:58.225Z] [ACCESS] GET /api/admin-data/posts - ::1
[2026-03-13T08:04:58.226Z] [ACCESS] GET /api/admin-data/sos - ::1
[2026-03-13T08:04:58.288Z] [ACCESS] GET /api/admin-data/help-requests - ::1
[2026-03-13T08:04:58.289Z] [ACCESS] GET /api/admin-data/chat-analytics - ::1
[2026-03-13T08:04:58.294Z] [ACCESS] GET /api/admin-data/nlp-status - ::1
[2026-03-13T08:04:58.300Z] [ACCESS] GET /api/admin-data/logs?type=all&lines=100 - ::1
[2026-03-13T08:05:25.195Z] [ACCESS] GET /api/chat/chats - ::1
[2026-03-13T08:05:28.206Z] [ACCESS] GET /api/test-admin - ::1
[2026-03-13T08:05:28.226Z] [ACCESS] GET /api/admin-data/stats - ::1
[2026-03-13T08:05:28.227Z] [ACCESS] GET /api/admin-data/users - ::1
[2026-03-13T08:05:28.228Z] [ACCESS] GET /api/admin-data/posts - ::1
[2026-03-13T08:05:28.231Z] [ACCESS] GET /api/admin-data/sos - ::1
[2026-03-13T08:05:28.232Z] [ACCESS] GET /api/admin-data/help-requests - ::1
[2026-03-13T08:05:28.233Z] [ACCESS] GET /api/admin-data/chat-analytics - ::1
[2026-03-13T08:05:28.248Z] [ACCESS] GET /api/admin-data/nlp-status - ::1
[2026-03-13T08:05:28.253Z] [ACCESS] GET /api/admin-data/logs?type=all&lines=100 - ::1
[2026-03-13T08:05:55.203Z] [ACCESS] GET /api/chat/chats - ::1
[2026-03-13T08:05:58.195Z] [ACCESS] GET /api/test-admin - ::1
[2026-03-13T08:05:58.216Z] [ACCESS] GET /api/admin-data/stats - ::1
[2026-03-13T08:05:58.217Z] [ACCESS] GET /api/admin-data/users - ::1
[2026-03-13T08:05:58.218Z] [ACCESS] GET /api/admin-data/posts - ::1
[2026-03-13T08:05:58.221Z] [ACCESS] GET /api/admin-data/sos - ::1
[2026-03-13T08:05:58.222Z] [ACCESS] GET /api/admin-data/chat-analytics - ::1
[2026-03-13T08:05:58.223Z] [ACCESS] GET /api/admin-data/help-requests - ::1
[2026-03-13T08:05:58.238Z] [ACCESS] GET /api/admin-data/nlp-status - ::1
[2026-03-13T08:05:58.245Z] [ACCESS] GET /api/admin-data/logs?type=all&lines=100 - ::1
[2026-03-13T08:06:28.191Z] [ACCESS] GET /api/test-admin - ::1
[2026-03-13T08:06:28.210Z] [ACCESS] GET /api/admin-data/stats - ::1
[2026-03-13T08:06:28.211Z] [ACCESS] GET /api/admin-data/users - ::1
[2026-03-13T08:06:28.212Z] [ACCESS] GET /api/admin-data/posts - ::1
[2026-03-13T08:06:28.216Z] [ACCESS] GET /api/admin-data/sos - ::1
[2026-03-13T08:06:28.217Z] [ACCESS] GET /api/admin-data/help-requests - ::1
[2026-03-13T08:06:28.219Z] [ACCESS] GET /api/admin-data/chat-analytics - ::1
[2026-03-13T08:06:28.232Z] [ACCESS] GET /api/admin-data/nlp-status - ::1
[2026-03-13T08:06:28.237Z] [ACCESS] GET /api/admin-data/logs?type=all&lines=100 - ::1
[2026-03-13T08:06:41.198Z] [ACCESS] GET /api/chat/chats - ::1
[2026-03-13T08:07:29.196Z] [ACCESS] GET /api/test-admin - ::1
[2026-03-13T08:07:29.219Z] [ACCESS] GET /api/admin-data/stats - ::1
[2026-03-13T08:07:29.220Z] [ACCESS] GET /api/admin-data/users - ::1
[2026-03-13T08:07:29.222Z] [ACCESS] GET /api/admin-data/posts - ::1
[2026-03-13T08:07:29.224Z] [ACCESS] GET /api/admin-data/sos - ::1
[2026-03-13T08:07:29.225Z] [ACCESS] GET /api/admin-data/help-requests - ::1
[2026-03-13T08:07:29.230Z] [ACCESS] GET /api/admin-data/chat-analytics - ::1
[2026-03-13T08:07:29.236Z] [ACCESS] GET /api/admin-data/nlp-status - ::1
[2026-03-13T08:07:29.245Z] [ACCESS] GET /api/admin-data/logs?type=all&lines=100 - ::1
[2026-03-13T08:07:41.203Z] [ACCESS] GET /api/chat/chats - ::1
[2026-03-13T08:08:30.201Z] [ACCESS] GET /api/test-admin - ::1
[2026-03-13T08:08:30.231Z] [ACCESS] GET /api/admin-data/stats - ::1
[2026-03-13T08:08:30.232Z] [ACCESS] GET /api/admin-data/users - ::1
[2026-03-13T08:08:30.234Z] [ACCESS] GET /api/admin-data/posts - ::1
[2026-03-13T08:08:30.237Z] [ACCESS] GET /api/admin-data/sos - ::1
[2026-03-13T08:08:30.242Z] [ACCESS] GET /api/admin-data/help-requests - ::1
[2026-03-13T08:08:30.243Z] [ACCESS] GET /api/admin-data/chat-analytics - ::1
[2026-03-13T08:08:30.255Z] [ACCESS] GET /api/admin-data/nlp-status - ::1
[2026-03-13T08:08:30.256Z] [ACCESS] GET /api/admin-data/logs?type=all&lines=100 - ::1
[2026-03-13T08:08:41.196Z] [ACCESS] GET /api/chat/chats - ::1
[2026-03-13T08:09:31.197Z] [ACCESS] GET /api/test-admin - ::1
[2026-03-13T08:09:31.234Z] [ACCESS] GET /api/admin-data/stats - ::1
[2026-03-13T08:09:31.235Z] [ACCESS] GET /api/admin-data/users - ::1
[2026-03-13T08:09:31.236Z] [ACCESS] GET /api/admin-data/posts - ::1
[2026-03-13T08:09:31.240Z] [ACCESS] GET /api/admin-data/sos - ::1
[2026-03-13T08:09:31.241Z] [ACCESS] GET /api/admin-data/help-requests - ::1
[2026-03-13T08:09:31.243Z] [ACCESS] GET /api/admin-data/chat-analytics - ::1
[2026-03-13T08:09:31.262Z] [ACCESS] GET /api/admin-data/nlp-status - ::1
[2026-03-13T08:09:31.269Z] [ACCESS] GET /api/admin-data/logs?type=all&lines=100 - ::1
[2026-03-13T08:09:41.196Z] [ACCESS] GET /api/chat/chats - ::1
[2026-03-13T08:10:32.204Z] [ACCESS] GET /api/test-admin - ::1
[2026-03-13T08:10:32.225Z] [ACCESS] GET /api/admin-data/stats - ::1
[2026-03-13T08:10:32.227Z] [ACCESS] GET /api/admin-data/users - ::1
[2026-03-13T08:10:32.228Z] [ACCESS] GET /api/admin-data/posts - ::1
[2026-03-13T08:10:32.229Z] [ACCESS] GET /api/admin-data/sos - ::1
[2026-03-13T08:10:32.230Z] [ACCESS] GET /api/admin-data/help-requests - ::1
[2026-03-13T08:10:32.231Z] [ACCESS] GET /api/admin-data/chat-analytics - ::1
[2026-03-13T08:10:32.250Z] [ACCESS] GET /api/admin-data/nlp-status - ::1
[2026-03-13T08:10:32.260Z] [ACCESS] GET /api/admin-data/logs?type=all&lines=100 - ::1
[2026-03-13T08:10:41.198Z] [ACCESS] GET /api/chat/chats - ::1
[2026-03-13T08:11:33.202Z] [ACCESS] GET /api/test-admin - ::1
[2026-03-13T08:11:33.217Z] [ACCESS] GET /api/admin-data/stats - ::1
[2026-03-13T08:11:33.218Z] [ACCESS] GET /api/admin-data/users - ::1
[2026-03-13T08:11:33.220Z] [ACCESS] GET /api/admin-data/posts - ::1
[2026-03-13T08:11:33.223Z] [ACCESS] GET /api/admin-data/sos - ::1
[2026-03-13T08:11:33.224Z] [ACCESS] GET /api/admin-data/help-requests - ::1
[2026-03-13T08:11:33.225Z] [ACCESS] GET /api/admin-data/chat-analytics - ::1
[2026-03-13T08:11:33.241Z] [ACCESS] GET /api/admin-data/nlp-status - ::1
[2026-03-13T08:11:33.247Z] [ACCESS] GET /api/admin-data/logs?type=all&lines=100 - ::1
[2026-03-13T08:11:41.198Z] [ACCESS] GET /api/chat/chats - ::1
[2026-03-13T08:12:34.196Z] [ACCESS] GET /api/test-admin - ::1
[2026-03-13T08:12:34.214Z] [ACCESS] GET /api/admin-data/stats - ::1
[2026-03-13T08:12:34.215Z] [ACCESS] GET /api/admin-data/users - ::1
[2026-03-13T08:12:34.217Z] [ACCESS] GET /api/admin-data/posts - ::1
[2026-03-13T08:12:34.221Z] [ACCESS] GET /api/admin-data/sos - ::1
[2026-03-13T08:12:34.223Z] [ACCESS] GET /api/admin-data/help-requests - ::1
[2026-03-13T08:12:34.224Z] [ACCESS] GET /api/admin-data/chat-analytics - ::1
[2026-03-13T08:12:34.246Z] [ACCESS] GET /api/admin-data/nlp-status - ::1
[2026-03-13T08:12:34.252Z] [ACCESS] GET /api/admin-data/logs?type=all&lines=100 - ::1
[2026-03-13T08:12:41.195Z] [ACCESS] GET /api/chat/chats - ::1
[2026-03-13T08:13:34.335Z] [ACCESS] GET /api/test-admin - ::1
[2026-03-13T08:13:34.340Z] [ACCESS] GET /api/admin-data/stats - ::1
[2026-03-13T08:13:34.342Z] [ACCESS] GET /api/admin-data/users - ::1
[2026-03-13T08:13:34.345Z] [ACCESS] GET /api/admin-data/help-requests - ::1
[2026-03-13T08:13:34.348Z] [ACCESS] GET /api/admin-data/sos - ::1
[2026-03-13T08:13:34.350Z] [ACCESS] GET /api/admin-data/posts - ::1
[2026-03-13T08:13:34.357Z] [ACCESS] GET /api/admin-data/chat-analytics - ::1
[2026-03-13T08:13:34.369Z] [ACCESS] GET /api/admin-data/nlp-status - ::1
[2026-03-13T08:13:34.377Z] [ACCESS] GET /api/admin-data/logs?type=all&lines=100 - ::1
[2026-03-13T08:13:35.877Z] [ACCESS] GET /api/test-admin - ::1
[2026-03-13T08:13:35.883Z] [ACCESS] GET /api/test-admin - ::1
[2026-03-13T08:13:35.888Z] [ACCESS] GET /api/admin-data/stats - ::1
[2026-03-13T08:13:35.889Z] [ACCESS] GET /api/admin-data/users - ::1
[2026-03-13T08:13:35.891Z] [ACCESS] GET /api/admin-data/posts - ::1
[2026-03-13T08:13:35.892Z] [ACCESS] GET /api/admin-data/sos - ::1
[2026-03-13T08:13:35.893Z] [ACCESS] GET /api/admin-data/help-requests - ::1
[2026-03-13T08:13:35.895Z] [ACCESS] GET /api/admin-data/chat-analytics - ::1
[2026-03-13T08:13:35.916Z] [ACCESS] GET /api/admin-data/nlp-status - ::1
[2026-03-13T08:13:35.925Z] [ACCESS] GET /api/admin-data/logs?type=all&lines=100 - ::1
[2026-03-13T08:13:35.926Z] [ACCESS] GET /api/admin-data/sos - ::1
[2026-03-13T08:13:35.934Z] [ACCESS] GET /api/admin-data/posts - ::1
[2026-03-13T08:13:35.936Z] [ACCESS] GET /api/admin-data/help-requests - ::1
[2026-03-13T08:13:35.939Z] [ACCESS] GET /api/admin-data/users - ::1
[2026-03-13T08:13:35.943Z] [ACCESS] GET /api/admin-data/logs?type=all&lines=100 - ::1
[2026-03-13T08:13:35.966Z] [ACCESS] GET /api/admin-data/nlp-status - ::1
[2026-03-13T08:13:35.977Z] [ACCESS] GET /api/admin-data/stats - ::1
[2026-03-13T08:13:35.989Z] [ACCESS] GET /api/admin-data/chat-analytics - ::1
[2026-03-13T08:13:41.203Z] [ACCESS] GET /api/chat/chats - ::1
[2026-03-13T08:14:06.205Z] [ACCESS] GET /api/test-admin - ::1
[2026-03-13T08:14:06.224Z] [ACCESS] GET /api/admin-data/stats - ::1
[2026-03-13T08:14:06.225Z] [ACCESS] GET /api/admin-data/users - ::1
[2026-03-13T08:14:06.226Z] [ACCESS] GET /api/admin-data/posts - ::1
[2026-03-13T08:14:06.230Z] [ACCESS] GET /api/admin-data/sos - ::1
[2026-03-13T08:14:06.231Z] [ACCESS] GET /api/admin-data/help-requests - ::1
[2026-03-13T08:14:06.232Z] [ACCESS] GET /api/admin-data/chat-analytics - ::1
[2026-03-13T08:14:06.247Z] [ACCESS] GET /api/admin-data/nlp-status - ::1
[2026-03-13T08:14:06.254Z] [ACCESS] GET /api/admin-data/logs?type=all&lines=100 - ::1
[2026-03-13T08:14:36.197Z] [ACCESS] GET /api/test-admin - ::1
[2026-03-13T08:14:36.213Z] [ACCESS] GET /api/admin-data/stats - ::1
[2026-03-13T08:14:36.215Z] [ACCESS] GET /api/admin-data/users - ::1
[2026-03-13T08:14:36.216Z] [ACCESS] GET /api/admin-data/posts - ::1
[2026-03-13T08:14:36.217Z] [ACCESS] GET /api/admin-data/sos - ::1
[2026-03-13T08:14:36.218Z] [ACCESS] GET /api/admin-data/chat-analytics - ::1
[2026-03-13T08:14:36.219Z] [ACCESS] GET /api/admin-data/help-requests - ::1
[2026-03-13T08:14:36.236Z] [ACCESS] GET /api/admin-data/nlp-status - ::1
[2026-03-13T08:14:36.245Z] [ACCESS] GET /api/admin-data/logs?type=all&lines=100 - ::1
[2026-03-13T08:14:41.200Z] [ACCESS] GET /api/chat/chats - ::1
[2026-03-13T08:15:06.204Z] [ACCESS] GET /api/test-admin - ::1
[2026-03-13T08:15:06.221Z] [ACCESS] GET /api/admin-data/stats - ::1
[2026-03-13T08:15:06.222Z] [ACCESS] GET /api/admin-data/users - ::1
[2026-03-13T08:15:06.223Z] [ACCESS] GET /api/admin-data/posts - ::1
[2026-03-13T08:15:06.226Z] [ACCESS] GET /api/admin-data/sos - ::1
[2026-03-13T08:15:06.228Z] [ACCESS] GET /api/admin-data/help-requests - ::1
[2026-03-13T08:15:06.229Z] [ACCESS] GET /api/admin-data/chat-analytics - ::1
[2026-03-13T08:15:06.244Z] [ACCESS] GET /api/admin-data/nlp-status - ::1
[2026-03-13T08:15:06.251Z] [ACCESS] GET /api/admin-data/logs?type=all&lines=100 - ::1
[2026-03-13T08:15:36.202Z] [ACCESS] GET /api/test-admin - ::1
[2026-03-13T08:15:36.223Z] [ACCESS] GET /api/admin-data/stats - ::1
[2026-03-13T08:15:36.224Z] [ACCESS] GET /api/admin-data/users - ::1
[2026-03-13T08:15:36.225Z] [ACCESS] GET /api/admin-data/posts - ::1
[2026-03-13T08:15:36.226Z] [ACCESS] GET /api/admin-data/sos - ::1
[2026-03-13T08:15:36.233Z] [ACCESS] GET /api/admin-data/help-requests - ::1
[2026-03-13T08:15:36.234Z] [ACCESS] GET /api/admin-data/chat-analytics - ::1
[2026-03-13T08:15:36.246Z] [ACCESS] GET /api/admin-data/nlp-status - ::1
[2026-03-13T08:15:36.249Z] [ACCESS] GET /api/admin-data/logs?type=all&lines=100 - ::1
[2026-03-13T08:15:41.205Z] [ACCESS] GET /api/chat/chats - ::1
[2026-03-13T08:16:06.192Z] [ACCESS] GET /api/test-admin - ::1
[2026-03-13T08:16:06.204Z] [ACCESS] GET /api/admin-data/stats - ::1
[2026-03-13T08:16:06.205Z] [ACCESS] GET /api/admin-data/users - ::1
[2026-03-13T08:16:06.207Z] [ACCESS] GET /api/admin-data/posts - ::1
[2026-03-13T08:16:06.213Z] [ACCESS] GET /api/admin-data/sos - ::1
[2026-03-13T08:16:06.218Z] [ACCESS] GET /api/admin-data/help-requests - ::1
[2026-03-13T08:16:06.219Z] [ACCESS] GET /api/admin-data/chat-analytics - ::1
[2026-03-13T08:16:06.232Z] [ACCESS] GET /api/admin-data/nlp-status - ::1
[2026-03-13T08:16:06.233Z] [ACCESS] GET /api/admin-data/logs?type=all&lines=100 - ::1
[2026-03-13T08:16:36.195Z] [ACCESS] GET /api/test-admin - ::1
[2026-03-13T08:16:36.215Z] [ACCESS] GET /api/admin-data/stats - ::1
[2026-03-13T08:16:36.216Z] [ACCESS] GET /api/admin-data/users - ::1
[2026-03-13T08:16:36.217Z] [ACCESS] GET /api/admin-data/posts - ::1
[2026-03-13T08:16:36.221Z] [ACCESS] GET /api/admin-data/sos - ::1
[2026-03-13T08:16:36.222Z] [ACCESS] GET /api/admin-data/help-requests - ::1
[2026-03-13T08:16:36.223Z] [ACCESS] GET /api/admin-data/chat-analytics - ::1
[2026-03-13T08:16:36.236Z] [ACCESS] GET /api/admin-data/nlp-status - ::1
[2026-03-13T08:16:36.241Z] [ACCESS] GET /api/admin-data/logs?type=all&lines=100 - ::1
[2026-03-13T08:16:41.202Z] [ACCESS] GET /api/chat/chats - ::1
[2026-03-13T08:17:06.194Z] [ACCESS] GET /api/test-admin - ::1
[2026-03-13T08:17:06.211Z] [ACCESS] GET /api/admin-data/stats - ::1
[2026-03-13T08:17:06.212Z] [ACCESS] GET /api/admin-data/users - ::1
[2026-03-13T08:17:06.214Z] [ACCESS] GET /api/admin-data/posts - ::1
[2026-03-13T08:17:06.215Z] [ACCESS] GET /api/admin-data/sos - ::1
[2026-03-13T08:17:06.217Z] [ACCESS] GET /api/admin-data/help-requests - ::1
[2026-03-13T08:17:06.223Z] [ACCESS] GET /api/admin-data/chat-analytics - ::1
[2026-03-13T08:17:06.231Z] [ACCESS] GET /api/admin-data/nlp-status - ::1
[2026-03-13T08:17:06.240Z] [ACCESS] GET /api/admin-data/logs?type=all&lines=100 - ::1
[2026-03-13T08:17:41.193Z] [ACCESS] GET /api/test-admin - ::1
[2026-03-13T08:17:41.194Z] [ACCESS] GET /api/chat/chats - ::1
[2026-03-13T08:17:41.227Z] [ACCESS] GET /api/admin-data/stats - ::1
[2026-03-13T08:17:41.229Z] [ACCESS] GET /api/admin-data/posts - ::1
[2026-03-13T08:17:41.228Z] [ACCESS] GET /api/admin-data/users - ::1
[2026-03-13T08:17:41.230Z] [ACCESS] GET /api/admin-data/sos - ::1
[2026-03-13T08:17:41.231Z] [ACCESS] GET /api/admin-data/help-requests - ::1
[2026-03-13T08:17:41.232Z] [ACCESS] GET /api/admin-data/chat-analytics - ::1
[2026-03-13T08:17:41.249Z] [ACCESS] GET /api/admin-data/nlp-status - ::1
[2026-03-13T08:17:41.256Z] [ACCESS] GET /api/admin-data/logs?type=all&lines=100 - ::1
[2026-03-13T08:18:41.202Z] [ACCESS] GET /api/test-admin - ::1
[2026-03-13T08:18:41.202Z] [ACCESS] GET /api/chat/chats - ::1
[2026-03-13T08:18:41.217Z] [ACCESS] GET /api/admin-data/stats - ::1
[2026-03-13T08:18:41.218Z] [ACCESS] GET /api/admin-data/users - ::1
[2026-03-13T08:18:41.219Z] [ACCESS] GET /api/admin-data/posts - ::1
[2026-03-13T08:18:41.222Z] [ACCESS] GET /api/admin-data/sos - ::1
[2026-03-13T08:18:41.223Z] [ACCESS] GET /api/admin-data/help-requests - ::1
[2026-03-13T08:18:41.224Z] [ACCESS] GET /api/admin-data/chat-analytics - ::1
[2026-03-13T08:18:41.237Z] [ACCESS] GET /api/admin-data/nlp-status - ::1
[2026-03-13T08:18:41.241Z] [ACCESS] GET /api/admin-data/logs?type=all&lines=100 - ::1
[2026-03-13T08:19:41.195Z] [ACCESS] GET /api/test-admin - ::1
[2026-03-13T08:19:41.195Z] [ACCESS] GET /api/chat/chats - ::1
[2026-03-13T08:19:41.209Z] [ACCESS] GET /api/admin-data/stats - ::1
[2026-03-13T08:19:41.210Z] [ACCESS] GET /api/admin-data/users - ::1
[2026-03-13T08:19:41.211Z] [ACCESS] GET /api/admin-data/posts - ::1
[2026-03-13T08:19:41.215Z] [ACCESS] GET /api/admin-data/sos - ::1
[2026-03-13T08:19:41.216Z] [ACCESS] GET /api/admin-data/help-requests - ::1
[2026-03-13T08:19:41.217Z] [ACCESS] GET /api/admin-data/chat-analytics - ::1
[2026-03-13T08:19:41.230Z] [ACCESS] GET /api/admin-data/nlp-status - ::1
[2026-03-13T08:19:41.234Z] [ACCESS] GET /api/admin-data/logs?type=all&lines=100 - ::1
[2026-03-13T08:20:41.194Z] [ACCESS] GET /api/test-admin - ::1
[2026-03-13T08:20:41.195Z] [ACCESS] GET /api/chat/chats - ::1
[2026-03-13T08:20:41.213Z] [ACCESS] GET /api/admin-data/stats - ::1
[2026-03-13T08:20:41.214Z] [ACCESS] GET /api/admin-data/users - ::1
[2026-03-13T08:20:41.215Z] [ACCESS] GET /api/admin-data/posts - ::1
[2026-03-13T08:20:41.216Z] [ACCESS] GET /api/admin-data/sos - ::1
[2026-03-13T08:20:41.223Z] [ACCESS] GET /api/admin-data/chat-analytics - ::1
[2026-03-13T08:20:41.222Z] [ACCESS] GET /api/admin-data/help-requests - ::1
[2026-03-13T08:20:41.231Z] [ACCESS] GET /api/admin-data/nlp-status - ::1
[2026-03-13T08:20:41.235Z] [ACCESS] GET /api/admin-data/logs?type=all&lines=100 - ::1
[2026-03-13T08:21:41.195Z] [ACCESS] GET /api/test-admin - ::1
[2026-03-13T08:21:41.197Z] [ACCESS] GET /api/chat/chats - ::1
[2026-03-13T08:21:41.211Z] [ACCESS] GET /api/admin-data/stats - ::1
[2026-03-13T08:21:41.213Z] [ACCESS] GET /api/admin-data/users - ::1
[2026-03-13T08:21:41.214Z] [ACCESS] GET /api/admin-data/posts - ::1
[2026-03-13T08:21:41.217Z] [ACCESS] GET /api/admin-data/sos - ::1
[2026-03-13T08:21:41.218Z] [ACCESS] GET /api/admin-data/help-requests - ::1
[2026-03-13T08:21:41.224Z] [ACCESS] GET /api/admin-data/chat-analytics - ::1
[2026-03-13T08:21:41.231Z] [ACCESS] GET /api/admin-data/nlp-status - ::1
[2026-03-13T08:21:41.237Z] [ACCESS] GET /api/admin-data/logs?type=all&lines=100 - ::1
[2026-03-13T08:22:41.196Z] [ACCESS] GET /api/test-admin - ::1
[2026-03-13T08:22:41.197Z] [ACCESS] GET /api/chat/chats - ::1
[2026-03-13T08:22:41.211Z] [ACCESS] GET /api/admin-data/stats - ::1
[2026-03-13T08:22:41.212Z] [ACCESS] GET /api/admin-data/users - ::1
[2026-03-13T08:22:41.213Z] [ACCESS] GET /api/admin-data/posts - ::1
[2026-03-13T08:22:41.217Z] [ACCESS] GET /api/admin-data/sos - ::1
[2026-03-13T08:22:41.218Z] [ACCESS] GET /api/admin-data/help-requests - ::1
[2026-03-13T08:22:41.219Z] [ACCESS] GET /api/admin-data/chat-analytics - ::1
[2026-03-13T08:22:41.232Z] [ACCESS] GET /api/admin-data/nlp-status - ::1
[2026-03-13T08:22:41.237Z] [ACCESS] GET /api/admin-data/logs?type=all&lines=100 - ::1
[2026-03-13T08:23:41.204Z] [ACCESS] GET /api/test-admin - ::1
[2026-03-13T08:23:41.204Z] [ACCESS] GET /api/chat/chats - ::1
[2026-03-13T08:23:41.220Z] [ACCESS] GET /api/admin-data/stats - ::1
[2026-03-13T08:23:41.221Z] [ACCESS] GET /api/admin-data/users - ::1
[2026-03-13T08:23:41.226Z] [ACCESS] GET /api/admin-data/posts - ::1
[2026-03-13T08:23:41.230Z] [ACCESS] GET /api/admin-data/sos - ::1
[2026-03-13T08:23:41.236Z] [ACCESS] GET /api/admin-data/chat-analytics - ::1
[2026-03-13T08:23:41.237Z] [ACCESS] GET /api/admin-data/help-requests - ::1
[2026-03-13T08:23:41.241Z] [ACCESS] GET /api/admin-data/nlp-status - ::1
[2026-03-13T08:23:41.245Z] [ACCESS] GET /api/admin-data/logs?type=all&lines=100 - ::1
[2026-03-13T08:24:41.205Z] [ACCESS] GET /api/test-admin - ::1
[2026-03-13T08:24:41.207Z] [ACCESS] GET /api/chat/chats - ::1
[2026-03-13T08:24:41.225Z] [ACCESS] GET /api/admin-data/stats - ::1
[2026-03-13T08:24:41.226Z] [ACCESS] GET /api/admin-data/users - ::1
[2026-03-13T08:24:41.228Z] [ACCESS] GET /api/admin-data/posts - ::1
[2026-03-13T08:24:41.229Z] [ACCESS] GET /api/admin-data/sos - ::1
[2026-03-13T08:24:41.229Z] [ACCESS] GET /api/admin-data/help-requests - ::1
[2026-03-13T08:24:41.232Z] [ACCESS] GET /api/admin-data/chat-analytics - ::1
[2026-03-13T08:24:41.244Z] [ACCESS] GET /api/admin-data/nlp-status - ::1
[2026-03-13T08:24:41.251Z] [ACCESS] GET /api/admin-data/logs?type=all&lines=100 - ::1
[2026-03-13T08:25:41.199Z] [ACCESS] GET /api/test-admin - ::1
[2026-03-13T08:25:41.201Z] [ACCESS] GET /api/chat/chats - ::1
[2026-03-13T08:25:41.220Z] [ACCESS] GET /api/admin-data/stats - ::1
[2026-03-13T08:25:41.221Z] [ACCESS] GET /api/admin-data/users - ::1
[2026-03-13T08:25:41.222Z] [ACCESS] GET /api/admin-data/posts - ::1
[2026-03-13T08:25:41.226Z] [ACCESS] GET /api/admin-data/sos - ::1
[2026-03-13T08:25:41.227Z] [ACCESS] GET /api/admin-data/help-requests - ::1
[2026-03-13T08:25:41.228Z] [ACCESS] GET /api/admin-data/chat-analytics - ::1
[2026-03-13T08:25:41.242Z] [ACCESS] GET /api/admin-data/nlp-status - ::1
[2026-03-13T08:25:41.246Z] [ACCESS] GET /api/admin-data/logs?type=all&lines=100 - ::1
[2026-03-13T08:26:41.200Z] [ACCESS] GET /api/test-admin - ::1
[2026-03-13T08:26:41.205Z] [ACCESS] GET /api/chat/chats - ::1
[2026-03-13T08:26:41.222Z] [ACCESS] GET /api/admin-data/stats - ::1
[2026-03-13T08:26:41.224Z] [ACCESS] GET /api/admin-data/users - ::1
[2026-03-13T08:26:41.225Z] [ACCESS] GET /api/admin-data/posts - ::1
[2026-03-13T08:26:41.227Z] [ACCESS] GET /api/admin-data/sos - ::1
[2026-03-13T08:26:41.228Z] [ACCESS] GET /api/admin-data/help-requests - ::1
[2026-03-13T08:26:41.230Z] [ACCESS] GET /api/admin-data/chat-analytics - ::1
[2026-03-13T08:26:41.243Z] [ACCESS] GET /api/admin-data/nlp-status - ::1
[2026-03-13T08:26:41.250Z] [ACCESS] GET /api/admin-data/logs?type=all&lines=100 - ::1
[2026-03-13T08:27:41.292Z] [ACCESS] GET /api/test-admin - ::1
[2026-03-13T08:27:41.297Z] [ACCESS] GET /api/chat/chats - ::1
[2026-03-13T08:27:41.316Z] [ACCESS] GET /api/admin-data/stats - ::1
[2026-03-13T08:27:41.317Z] [ACCESS] GET /api/admin-data/users - ::1
[2026-03-13T08:27:41.322Z] [ACCESS] GET /api/admin-data/posts - ::1
[2026-03-13T08:27:41.352Z] [ACCESS] GET /api/admin-data/sos - ::1
[2026-03-13T08:27:41.382Z] [ACCESS] GET /api/admin-data/help-requests - ::1
[2026-03-13T08:27:41.386Z] [ACCESS] GET /api/admin-data/chat-analytics - ::1
[2026-03-13T08:27:41.389Z] [ACCESS] GET /api/admin-data/nlp-status - ::1
[2026-03-13T08:27:41.390Z] [ACCESS] GET /api/admin-data/logs?type=all&lines=100 - ::1
[2026-03-13T08:28:41.196Z] [ACCESS] GET /api/test-admin - ::1
[2026-03-13T08:28:41.215Z] [ACCESS] GET /api/admin-data/users - ::1
[2026-03-13T08:28:41.214Z] [ACCESS] GET /api/admin-data/stats - ::1
[2026-03-13T08:28:41.220Z] [ACCESS] GET /api/admin-data/sos - ::1
[2026-03-13T08:28:41.226Z] [ACCESS] GET /api/admin-data/help-requests - ::1
[2026-03-13T08:28:41.227Z] [ACCESS] GET /api/admin-data/chat-analytics - ::1
[2026-03-13T08:28:41.235Z] [ACCESS] GET /api/admin-data/nlp-status - ::1
[2026-03-13T08:28:41.236Z] [ACCESS] GET /api/admin-data/logs?type=all&lines=100 - ::1
[2026-03-13T08:28:41.198Z] [ACCESS] GET /api/chat/chats - ::1
[2026-03-13T08:28:41.217Z] [ACCESS] GET /api/admin-data/posts - ::1
[2026-03-13T08:29:41.194Z] [ACCESS] GET /api/test-admin - ::1
[2026-03-13T08:29:41.195Z] [ACCESS] GET /api/chat/chats - ::1
[2026-03-13T08:29:41.208Z] [ACCESS] GET /api/admin-data/users - ::1
[2026-03-13T08:29:41.211Z] [ACCESS] GET /api/admin-data/sos - ::1
[2026-03-13T08:29:41.216Z] [ACCESS] GET /api/admin-data/help-requests - ::1
[2026-03-13T08:29:41.217Z] [ACCESS] GET /api/admin-data/chat-analytics - ::1
[2026-03-13T08:29:41.229Z] [ACCESS] GET /api/admin-data/logs?type=all&lines=100 - ::1
[2026-03-13T08:29:41.209Z] [ACCESS] GET /api/admin-data/posts - ::1
[2026-03-13T08:29:41.225Z] [ACCESS] GET /api/admin-data/nlp-status - ::1
[2026-03-13T08:29:41.207Z] [ACCESS] GET /api/admin-data/stats - ::1
[2026-03-13T08:30:41.201Z] [ACCESS] GET /api/test-admin - ::1
[2026-03-13T08:30:41.208Z] [ACCESS] GET /api/chat/chats - ::1
[2026-03-13T08:30:41.224Z] [ACCESS] GET /api/admin-data/stats - ::1
[2026-03-13T08:30:41.225Z] [ACCESS] GET /api/admin-data/users - ::1
[2026-03-13T08:30:41.227Z] [ACCESS] GET /api/admin-data/posts - ::1
[2026-03-13T08:30:41.230Z] [ACCESS] GET /api/admin-data/sos - ::1
[2026-03-13T08:30:41.231Z] [ACCESS] GET /api/admin-data/help-requests - ::1
[2026-03-13T08:30:41.232Z] [ACCESS] GET /api/admin-data/chat-analytics - ::1
[2026-03-13T08:30:41.247Z] [ACCESS] GET /api/admin-data/nlp-status - ::1
[2026-03-13T08:30:41.252Z] [ACCESS] GET /api/admin-data/logs?type=all&lines=100 - ::1
[2026-03-13T08:31:41.195Z] [ACCESS] GET /api/test-admin - ::1
[2026-03-13T08:31:41.203Z] [ACCESS] GET /api/chat/chats - ::1
[2026-03-13T08:31:41.221Z] [ACCESS] GET /api/admin-data/stats - ::1
[2026-03-13T08:31:41.227Z] [ACCESS] GET /api/admin-data/users - ::1
[2026-03-13T08:31:41.228Z] [ACCESS] GET /api/admin-data/posts - ::1
[2026-03-13T08:31:41.233Z] [ACCESS] GET /api/admin-data/sos - ::1
[2026-03-13T08:31:41.245Z] [ACCESS] GET /api/admin-data/help-requests - ::1
[2026-03-13T08:31:41.245Z] [ACCESS] GET /api/admin-data/chat-analytics - ::1
[2026-03-13T08:31:41.247Z] [ACCESS] GET /api/admin-data/nlp-status - ::1
[2026-03-13T08:31:41.250Z] [ACCESS] GET /api/admin-data/logs?type=all&lines=100 - ::1
[2026-03-13T08:32:41.198Z] [ACCESS] GET /api/test-admin - ::1
[2026-03-13T08:32:41.202Z] [ACCESS] GET /api/chat/chats - ::1
[2026-03-13T08:32:41.221Z] [ACCESS] GET /api/admin-data/stats - ::1
[2026-03-13T08:32:41.222Z] [ACCESS] GET /api/admin-data/users - ::1
[2026-03-13T08:32:41.224Z] [ACCESS] GET /api/admin-data/posts - ::1
[2026-03-13T08:32:41.225Z] [ACCESS] GET /api/admin-data/sos - ::1
[2026-03-13T08:32:41.231Z] [ACCESS] GET /api/admin-data/help-requests - ::1
[2026-03-13T08:32:41.232Z] [ACCESS] GET /api/admin-data/chat-analytics - ::1
[2026-03-13T08:32:41.242Z] [ACCESS] GET /api/admin-data/nlp-status - ::1
[2026-03-13T08:32:41.245Z] [ACCESS] GET /api/admin-data/logs?type=all&lines=100 - ::1
[2026-03-13T08:33:41.255Z] [ACCESS] GET /api/test-admin - ::1
[2026-03-13T08:33:41.258Z] [ACCESS] GET /api/chat/chats - ::1
[2026-03-13T08:33:41.261Z] [ACCESS] GET /api/admin-data/stats - ::1
[2026-03-13T08:33:41.263Z] [ACCESS] GET /api/admin-data/users - ::1
[2026-03-13T08:33:41.272Z] [ACCESS] GET /api/admin-data/posts - ::1
[2026-03-13T08:33:41.279Z] [ACCESS] GET /api/admin-data/help-requests - ::1
[2026-03-13T08:33:41.281Z] [ACCESS] GET /api/admin-data/sos - ::1
[2026-03-13T08:33:41.282Z] [ACCESS] GET /api/admin-data/chat-analytics - ::1
[2026-03-13T08:33:41.289Z] [ACCESS] GET /api/admin-data/nlp-status - ::1
[2026-03-13T08:33:41.312Z] [ACCESS] GET /api/admin-data/logs?type=all&lines=100 - ::1
[2026-03-13T08:34:41.192Z] [ACCESS] GET /api/test-admin - ::1
[2026-03-13T08:34:41.194Z] [ACCESS] GET /api/chat/chats - ::1
[2026-03-13T08:34:41.218Z] [ACCESS] GET /api/admin-data/stats - ::1
[2026-03-13T08:34:41.219Z] [ACCESS] GET /api/admin-data/users - ::1
[2026-03-13T08:34:41.226Z] [ACCESS] GET /api/admin-data/posts - ::1
[2026-03-13T08:34:41.229Z] [ACCESS] GET /api/admin-data/sos - ::1
[2026-03-13T08:34:41.236Z] [ACCESS] GET /api/admin-data/help-requests - ::1
[2026-03-13T08:34:41.241Z] [ACCESS] GET /api/admin-data/nlp-status - ::1
[2026-03-13T08:34:41.242Z] [ACCESS] GET /api/admin-data/chat-analytics - ::1
[2026-03-13T08:34:41.245Z] [ACCESS] GET /api/admin-data/logs?type=all&lines=100 - ::1
[2026-03-13T08:35:41.212Z] [ACCESS] GET /api/test-admin - ::1
[2026-03-13T08:35:41.213Z] [ACCESS] GET /api/chat/chats - ::1
[2026-03-13T08:35:41.224Z] [ACCESS] GET /api/admin-data/stats - ::1
[2026-03-13T08:35:41.225Z] [ACCESS] GET /api/admin-data/users - ::1
[2026-03-13T08:35:41.226Z] [ACCESS] GET /api/admin-data/posts - ::1
[2026-03-13T08:35:41.231Z] [ACCESS] GET /api/admin-data/sos - ::1
[2026-03-13T08:35:41.236Z] [ACCESS] GET /api/admin-data/help-requests - ::1
[2026-03-13T08:35:41.246Z] [ACCESS] GET /api/admin-data/nlp-status - ::1
[2026-03-13T08:35:41.243Z] [ACCESS] GET /api/admin-data/chat-analytics - ::1
[2026-03-13T08:35:41.248Z] [ACCESS] GET /api/admin-data/logs?type=all&lines=100 - ::1
[2026-03-13T08:36:41.191Z] [ACCESS] GET /api/chat/chats - ::1
[2026-03-13T08:36:41.204Z] [ACCESS] GET /api/test-admin - ::1
[2026-03-13T08:36:41.224Z] [ACCESS] GET /api/admin-data/stats - ::1
[2026-03-13T08:36:41.225Z] [ACCESS] GET /api/admin-data/users - ::1
[2026-03-13T08:36:41.227Z] [ACCESS] GET /api/admin-data/posts - ::1
[2026-03-13T08:36:41.230Z] [ACCESS] GET /api/admin-data/sos - ::1
[2026-03-13T08:36:41.231Z] [ACCESS] GET /api/admin-data/help-requests - ::1
[2026-03-13T08:36:41.231Z] [ACCESS] GET /api/admin-data/chat-analytics - ::1
[2026-03-13T08:36:41.245Z] [ACCESS] GET /api/admin-data/nlp-status - ::1
[2026-03-13T08:36:41.251Z] [ACCESS] GET /api/admin-data/logs?type=all&lines=100 - ::1
[2026-03-13T08:37:41.196Z] [ACCESS] GET /api/test-admin - ::1
[2026-03-13T08:37:41.200Z] [ACCESS] GET /api/chat/chats - ::1
[2026-03-13T08:37:41.212Z] [ACCESS] GET /api/admin-data/stats - ::1
[2026-03-13T08:37:41.214Z] [ACCESS] GET /api/admin-data/users - ::1
[2026-03-13T08:37:41.218Z] [ACCESS] GET /api/admin-data/help-requests - ::1
[2026-03-13T08:37:41.216Z] [ACCESS] GET /api/admin-data/posts - ::1
[2026-03-13T08:37:41.217Z] [ACCESS] GET /api/admin-data/sos - ::1
[2026-03-13T08:37:41.218Z] [ACCESS] GET /api/admin-data/chat-analytics - ::1
[2026-03-13T08:37:41.233Z] [ACCESS] GET /api/admin-data/nlp-status - ::1
[2026-03-13T08:37:41.239Z] [ACCESS] GET /api/admin-data/logs?type=all&lines=100 - ::1
[2026-03-13T08:38:41.203Z] [ACCESS] GET /api/test-admin - ::1
[2026-03-13T08:38:41.208Z] [ACCESS] GET /api/chat/chats - ::1
[2026-03-13T08:38:41.221Z] [ACCESS] GET /api/admin-data/stats - ::1
[2026-03-13T08:38:41.222Z] [ACCESS] GET /api/admin-data/users - ::1
[2026-03-13T08:38:41.223Z] [ACCESS] GET /api/admin-data/posts - ::1
[2026-03-13T08:38:41.227Z] [ACCESS] GET /api/admin-data/sos - ::1
[2026-03-13T08:38:41.232Z] [ACCESS] GET /api/admin-data/help-requests - ::1
[2026-03-13T08:38:41.233Z] [ACCESS] GET /api/admin-data/chat-analytics - ::1
[2026-03-13T08:38:41.243Z] [ACCESS] GET /api/admin-data/nlp-status - ::1
[2026-03-13T08:38:41.244Z] [ACCESS] GET /api/admin-data/logs?type=all&lines=100 - ::1
[2026-03-13T08:39:41.220Z] [ACCESS] GET /api/test-admin - ::1
[2026-03-13T08:39:41.225Z] [ACCESS] GET /api/chat/chats - ::1
[2026-03-13T08:39:41.234Z] [ACCESS] GET /api/admin-data/stats - ::1
[2026-03-13T08:39:41.235Z] [ACCESS] GET /api/admin-data/users - ::1
[2026-03-13T08:39:41.237Z] [ACCESS] GET /api/admin-data/posts - ::1
[2026-03-13T08:39:41.240Z] [ACCESS] GET /api/admin-data/sos - ::1
[2026-03-13T08:39:41.242Z] [ACCESS] GET /api/admin-data/help-requests - ::1
[2026-03-13T08:39:41.243Z] [ACCESS] GET /api/admin-data/chat-analytics - ::1
[2026-03-13T08:39:41.260Z] [ACCESS] GET /api/admin-data/nlp-status - ::1
[2026-03-13T08:39:41.267Z] [ACCESS] GET /api/admin-data/logs?type=all&lines=100 - ::1
[2026-03-13T08:40:41.214Z] [ACCESS] GET /api/chat/chats - ::1
[2026-03-13T08:40:41.221Z] [ACCESS] GET /api/test-admin - ::1
[2026-03-13T08:40:41.225Z] [ACCESS] GET /api/admin-data/stats - ::1
[2026-03-13T08:40:41.228Z] [ACCESS] GET /api/admin-data/users - ::1
[2026-03-13T08:40:41.229Z] [ACCESS] GET /api/admin-data/posts - ::1
[2026-03-13T08:40:41.233Z] [ACCESS] GET /api/admin-data/sos - ::1
[2026-03-13T08:40:41.234Z] [ACCESS] GET /api/admin-data/help-requests - ::1
[2026-03-13T08:40:41.234Z] [ACCESS] GET /api/admin-data/chat-analytics - ::1
[2026-03-13T08:40:41.250Z] [ACCESS] GET /api/admin-data/nlp-status - ::1
[2026-03-13T08:40:41.255Z] [ACCESS] GET /api/admin-data/logs?type=all&lines=100 - ::1
[2026-03-13T08:41:41.227Z] [ACCESS] GET /api/test-admin - ::1
[2026-03-13T08:41:41.230Z] [ACCESS] GET /api/chat/chats - ::1
[2026-03-13T08:41:41.234Z] [ACCESS] GET /api/admin-data/stats - ::1
[2026-03-13T08:41:41.236Z] [ACCESS] GET /api/admin-data/users - ::1
[2026-03-13T08:41:41.237Z] [ACCESS] GET /api/admin-data/posts - ::1
[2026-03-13T08:41:41.251Z] [ACCESS] GET /api/admin-data/sos - ::1
[2026-03-13T08:41:41.256Z] [ACCESS] GET /api/admin-data/help-requests - ::1
[2026-03-13T08:41:41.263Z] [ACCESS] GET /api/admin-data/chat-analytics - ::1
[2026-03-13T08:41:41.274Z] [ACCESS] GET /api/admin-data/nlp-status - ::1
[2026-03-13T08:41:41.332Z] [ACCESS] GET /api/admin-data/logs?type=all&lines=100 - ::1
[2026-03-13T08:42:41.202Z] [ACCESS] GET /api/test-admin - ::1
[2026-03-13T08:42:41.208Z] [ACCESS] GET /api/chat/chats - ::1
[2026-03-13T08:42:41.209Z] [ACCESS] GET /api/admin-data/stats - ::1
[2026-03-13T08:42:41.210Z] [ACCESS] GET /api/admin-data/users - ::1
[2026-03-13T08:42:41.212Z] [ACCESS] GET /api/admin-data/posts - ::1
[2026-03-13T08:42:41.220Z] [ACCESS] GET /api/admin-data/sos - ::1
[2026-03-13T08:42:41.227Z] [ACCESS] GET /api/admin-data/help-requests - ::1
[2026-03-13T08:42:41.229Z] [ACCESS] GET /api/admin-data/chat-analytics - ::1
[2026-03-13T08:42:41.232Z] [ACCESS] GET /api/admin-data/nlp-status - ::1
[2026-03-13T08:42:41.238Z] [ACCESS] GET /api/admin-data/logs?type=all&lines=100 - ::1
[2026-03-13T08:43:41.207Z] [ACCESS] GET /api/chat/chats - ::1
[2026-03-13T08:43:41.212Z] [ACCESS] GET /api/test-admin - ::1
[2026-03-13T08:43:41.218Z] [ACCESS] GET /api/admin-data/stats - ::1
[2026-03-13T08:43:41.219Z] [ACCESS] GET /api/admin-data/users - ::1
[2026-03-13T08:43:41.220Z] [ACCESS] GET /api/admin-data/posts - ::1
[2026-03-13T08:43:41.222Z] [ACCESS] GET /api/admin-data/sos - ::1
[2026-03-13T08:43:41.223Z] [ACCESS] GET /api/admin-data/help-requests - ::1
[2026-03-13T08:43:41.232Z] [ACCESS] GET /api/admin-data/chat-analytics - ::1
[2026-03-13T08:43:41.241Z] [ACCESS] GET /api/admin-data/nlp-status - ::1
[2026-03-13T08:43:41.248Z] [ACCESS] GET /api/admin-data/logs?type=all&lines=100 - ::1
[2026-03-13T08:44:41.207Z] [ACCESS] GET /api/chat/chats - ::1
[2026-03-13T08:44:41.210Z] [ACCESS] GET /api/test-admin - ::1
[2026-03-13T08:44:41.222Z] [ACCESS] GET /api/admin-data/stats - ::1
[2026-03-13T08:44:41.222Z] [ACCESS] GET /api/admin-data/users - ::1
[2026-03-13T08:44:41.224Z] [ACCESS] GET /api/admin-data/posts - ::1
[2026-03-13T08:44:41.228Z] [ACCESS] GET /api/admin-data/help-requests - ::1
[2026-03-13T08:44:41.227Z] [ACCESS] GET /api/admin-data/sos - ::1
[2026-03-13T08:44:41.237Z] [ACCESS] GET /api/admin-data/chat-analytics - ::1
[2026-03-13T08:44:41.243Z] [ACCESS] GET /api/admin-data/nlp-status - ::1
[2026-03-13T08:44:41.248Z] [ACCESS] GET /api/admin-data/logs?type=all&lines=100 - ::1
[2026-03-13T08:45:41.192Z] [ACCESS] GET /api/test-admin - ::1
[2026-03-13T08:45:41.200Z] [ACCESS] GET /api/chat/chats - ::1
[2026-03-13T08:45:41.215Z] [ACCESS] GET /api/admin-data/stats - ::1
[2026-03-13T08:45:41.216Z] [ACCESS] GET /api/admin-data/users - ::1
[2026-03-13T08:45:41.218Z] [ACCESS] GET /api/admin-data/posts - ::1
[2026-03-13T08:45:41.222Z] [ACCESS] GET /api/admin-data/sos - ::1
[2026-03-13T08:45:41.223Z] [ACCESS] GET /api/admin-data/help-requests - ::1
[2026-03-13T08:45:41.233Z] [ACCESS] GET /api/admin-data/chat-analytics - ::1
[2026-03-13T08:45:41.241Z] [ACCESS] GET /api/admin-data/nlp-status - ::1
[2026-03-13T08:45:41.245Z] [ACCESS] GET /api/admin-data/logs?type=all&lines=100 - ::1
[2026-03-13T08:46:41.217Z] [ACCESS] GET /api/chat/chats - ::1
[2026-03-13T08:46:41.221Z] [ACCESS] GET /api/test-admin - ::1
[2026-03-13T08:46:41.230Z] [ACCESS] GET /api/admin-data/stats - ::1
[2026-03-13T08:46:41.237Z] [ACCESS] GET /api/admin-data/users - ::1
[2026-03-13T08:46:41.242Z] [ACCESS] GET /api/admin-data/posts - ::1
[2026-03-13T08:46:41.252Z] [ACCESS] GET /api/admin-data/help-requests - ::1
[2026-03-13T08:46:41.251Z] [ACCESS] GET /api/admin-data/sos - ::1
[2026-03-13T08:46:41.259Z] [ACCESS] GET /api/admin-data/chat-analytics - ::1
[2026-03-13T08:46:41.263Z] [ACCESS] GET /api/admin-data/nlp-status - ::1
[2026-03-13T08:46:41.266Z] [ACCESS] GET /api/admin-data/logs?type=all&lines=100 - ::1
[2026-03-13T08:47:41.209Z] [ACCESS] GET /api/chat/chats - ::1
[2026-03-13T08:47:41.211Z] [ACCESS] GET /api/test-admin - ::1
[2026-03-13T08:47:41.221Z] [ACCESS] GET /api/admin-data/stats - ::1
[2026-03-13T08:47:41.222Z] [ACCESS] GET /api/admin-data/users - ::1
[2026-03-13T08:47:41.224Z] [ACCESS] GET /api/admin-data/posts - ::1
[2026-03-13T08:47:41.225Z] [ACCESS] GET /api/admin-data/sos - ::1
[2026-03-13T08:47:41.226Z] [ACCESS] GET /api/admin-data/help-requests - ::1
[2026-03-13T08:47:41.236Z] [ACCESS] GET /api/admin-data/chat-analytics - ::1
[2026-03-13T08:47:41.243Z] [ACCESS] GET /api/admin-data/nlp-status - ::1
[2026-03-13T08:47:41.251Z] [ACCESS] GET /api/admin-data/logs?type=all&lines=100 - ::1
[2026-03-13T08:48:41.202Z] [ACCESS] GET /api/chat/chats - ::1
[2026-03-13T08:48:41.207Z] [ACCESS] GET /api/test-admin - ::1
[2026-03-13T08:48:41.221Z] [ACCESS] GET /api/admin-data/stats - ::1
[2026-03-13T08:48:41.228Z] [ACCESS] GET /api/admin-data/users - ::1
[2026-03-13T08:48:41.233Z] [ACCESS] GET /api/admin-data/posts - ::1
[2026-03-13T08:48:41.238Z] [ACCESS] GET /api/admin-data/sos - ::1
[2026-03-13T08:48:41.262Z] [ACCESS] GET /api/admin-data/nlp-status - ::1
[2026-03-13T08:48:41.258Z] [ACCESS] GET /api/admin-data/help-requests - ::1
[2026-03-13T08:48:41.260Z] [ACCESS] GET /api/admin-data/chat-analytics - ::1
[2026-03-13T08:48:41.263Z] [ACCESS] GET /api/admin-data/logs?type=all&lines=100 - ::1
[2026-03-13T08:49:41.387Z] [ACCESS] GET /api/chat/chats - ::1
[2026-03-13T08:49:41.411Z] [ACCESS] GET /api/admin-data/users - ::1
[2026-03-13T08:49:41.446Z] [ACCESS] GET /api/admin-data/sos - ::1
[2026-03-13T08:49:41.477Z] [ACCESS] GET /api/admin-data/help-requests - ::1
[2026-03-13T08:49:41.498Z] [ACCESS] GET /api/admin-data/chat-analytics - ::1
[2026-03-13T08:49:41.558Z] [ACCESS] GET /api/admin-data/nlp-status - ::1
[2026-03-13T08:49:41.441Z] [ACCESS] GET /api/admin-data/posts - ::1
[2026-03-13T08:49:41.562Z] [ACCESS] GET /api/admin-data/logs?type=all&lines=100 - ::1
[2026-03-13T08:49:41.393Z] [ACCESS] GET /api/admin-data/stats - ::1
[2026-03-13T08:49:41.390Z] [ACCESS] GET /api/test-admin - ::1
[2026-03-13T08:50:09.220Z] [ACCESS] GET /api/test-admin - ::1
[2026-03-13T08:50:09.232Z] [ACCESS] GET /api/admin-data/stats - ::1
[2026-03-13T08:50:09.234Z] [ACCESS] GET /api/admin-data/users - ::1
[2026-03-13T08:50:09.235Z] [ACCESS] GET /api/admin-data/posts - ::1
[2026-03-13T08:50:09.237Z] [ACCESS] GET /api/admin-data/sos - ::1
[2026-03-13T08:50:09.238Z] [ACCESS] GET /api/admin-data/help-requests - ::1
[2026-03-13T08:50:09.250Z] [ACCESS] GET /api/admin-data/chat-analytics - ::1
[2026-03-13T08:50:09.265Z] [ACCESS] GET /api/admin-data/nlp-status - ::1
[2026-03-13T08:50:09.275Z] [ACCESS] GET /api/admin-data/logs?type=all&lines=100 - ::1
[2026-03-13T08:50:10.878Z] [ACCESS] GET /api/test-admin - ::1
[2026-03-13T08:50:10.880Z] [ACCESS] GET /api/test-admin - ::1
[2026-03-13T08:50:10.887Z] [ACCESS] GET /api/admin-data/stats - ::1
[2026-03-13T08:50:10.888Z] [ACCESS] GET /api/admin-data/users - ::1
[2026-03-13T08:50:10.889Z] [ACCESS] GET /api/admin-data/posts - ::1
[2026-03-13T08:50:10.890Z] [ACCESS] GET /api/admin-data/sos - ::1
[2026-03-13T08:50:10.893Z] [ACCESS] GET /api/admin-data/help-requests - ::1
[2026-03-13T08:50:10.896Z] [ACCESS] GET /api/admin-data/chat-analytics - ::1
[2026-03-13T08:50:10.912Z] [ACCESS] GET /api/admin-data/nlp-status - ::1
[2026-03-13T08:50:10.919Z] [ACCESS] GET /api/admin-data/logs?type=all&lines=100 - ::1
[2026-03-13T08:50:10.922Z] [ACCESS] GET /api/admin-data/sos - ::1
[2026-03-13T08:50:10.923Z] [ACCESS] GET /api/admin-data/posts - ::1
[2026-03-13T08:50:10.928Z] [ACCESS] GET /api/admin-data/help-requests - ::1
[2026-03-13T08:50:10.933Z] [ACCESS] GET /api/admin-data/users - ::1
[2026-03-13T08:50:10.936Z] [ACCESS] GET /api/admin-data/logs?type=all&lines=100 - ::1
[2026-03-13T08:50:10.954Z] [ACCESS] GET /api/admin-data/nlp-status - ::1
[2026-03-13T08:50:10.998Z] [ACCESS] GET /api/admin-data/stats - ::1
[2026-03-13T08:50:11.014Z] [ACCESS] GET /api/admin-data/chat-analytics - ::1
[2026-03-13T08:50:41.216Z] [ACCESS] GET /api/test-admin - ::1
[2026-03-13T08:50:41.239Z] [ACCESS] GET /api/chat/chats - ::1
[2026-03-13T08:50:41.246Z] [ACCESS] GET /api/admin-data/stats - ::1
[2026-03-13T08:50:41.258Z] [ACCESS] GET /api/admin-data/users - ::1
[2026-03-13T08:50:41.261Z] [ACCESS] GET /api/admin-data/posts - ::1
[2026-03-13T08:50:41.283Z] [ACCESS] GET /api/admin-data/sos - ::1
[2026-03-13T08:50:41.287Z] [ACCESS] GET /api/admin-data/help-requests - ::1
[2026-03-13T08:50:41.294Z] [ACCESS] GET /api/admin-data/chat-analytics - ::1
[2026-03-13T08:50:41.300Z] [ACCESS] GET /api/admin-data/nlp-status - ::1
[2026-03-13T08:50:41.305Z] [ACCESS] GET /api/admin-data/logs?type=all&lines=100 - ::1
[2026-03-13T08:51:11.195Z] [ACCESS] GET /api/test-admin - ::1
[2026-03-13T08:51:11.207Z] [ACCESS] GET /api/admin-data/stats - ::1
[2026-03-13T08:51:11.209Z] [ACCESS] GET /api/admin-data/users - ::1
[2026-03-13T08:51:11.210Z] [ACCESS] GET /api/admin-data/posts - ::1
[2026-03-13T08:51:11.219Z] [ACCESS] GET /api/admin-data/sos - ::1
[2026-03-13T08:51:11.220Z] [ACCESS] GET /api/admin-data/help-requests - ::1
[2026-03-13T08:51:11.227Z] [ACCESS] GET /api/admin-data/chat-analytics - ::1
[2026-03-13T08:51:11.230Z] [ACCESS] GET /api/admin-data/nlp-status - ::1
[2026-03-13T08:51:11.232Z] [ACCESS] GET /api/admin-data/logs?type=all&lines=100 - ::1
[2026-03-13T08:51:40.893Z] [ACCESS] GET /api/test-admin - ::1
[2026-03-13T08:51:40.905Z] [ACCESS] GET /api/admin-data/stats - ::1
[2026-03-13T08:51:40.906Z] [ACCESS] GET /api/admin-data/users - ::1
[2026-03-13T08:51:40.909Z] [ACCESS] GET /api/admin-data/posts - ::1
[2026-03-13T08:51:40.910Z] [ACCESS] GET /api/admin-data/sos - ::1
[2026-03-13T08:51:40.912Z] [ACCESS] GET /api/admin-data/help-requests - ::1
[2026-03-13T08:51:40.919Z] [ACCESS] GET /api/admin-data/chat-analytics - ::1
[2026-03-13T08:51:40.928Z] [ACCESS] GET /api/admin-data/nlp-status - ::1
[2026-03-13T08:51:40.935Z] [ACCESS] GET /api/admin-data/logs?type=all&lines=100 - ::1
[2026-03-13T08:51:41.206Z] [ACCESS] GET /api/chat/chats - ::1
[2026-03-13T08:51:56.247Z] [ACCESS] GET /api/chat/chats - ::1
[2026-03-13T08:52:11.203Z] [ACCESS] GET /api/test-admin - ::1
[2026-03-13T08:52:11.215Z] [ACCESS] GET /api/admin-data/stats - ::1
[2026-03-13T08:52:11.217Z] [ACCESS] GET /api/admin-data/users - ::1
[2026-03-13T08:52:11.221Z] [ACCESS] GET /api/admin-data/posts - ::1
[2026-03-13T08:52:11.227Z] [ACCESS] GET /api/admin-data/sos - ::1
[2026-03-13T08:52:11.229Z] [ACCESS] GET /api/admin-data/chat-analytics - ::1
[2026-03-13T08:52:11.228Z] [ACCESS] GET /api/admin-data/help-requests - ::1
[2026-03-13T08:52:11.237Z] [ACCESS] GET /api/admin-data/nlp-status - ::1
[2026-03-13T08:52:11.238Z] [ACCESS] GET /api/admin-data/logs?type=all&lines=100 - ::1
[2026-03-13T08:52:25.193Z] [ACCESS] GET /api/chat/chats - ::1
[2026-03-13T09:02:58.253Z] [ACCESS] GET /api/chat/chats - ::1
[2026-03-13T09:02:59.155Z] [ACCESS] GET /api/elderly/posts - ::1
[2026-03-13T09:02:59.222Z] [ACCESS] GET /api/chat/chats - ::1
[2026-03-13T09:02:59.228Z] [ACCESS] GET /api/sos/history - ::1
[2026-03-13T09:02:59.238Z] [ACCESS] GET /api/chat/chats - ::1
[2026-03-13T09:02:59.250Z] [ACCESS] GET /api/elderly/posts - ::1
[2026-03-13T09:02:59.265Z] [ACCESS] GET /api/sos/history - ::1
[2026-03-13T09:03:00.917Z] [ACCESS] GET /api/test-admin - ::1
[2026-03-13T09:03:00.927Z] [ACCESS] GET /api/admin-data/stats - ::1
[2026-03-13T09:03:00.930Z] [ACCESS] GET /api/admin-data/logs?type=all&lines=100 - ::1
[2026-03-13T09:03:01.085Z] [ACCESS] GET /api/admin-data/posts - ::1
[2026-03-13T09:03:01.091Z] [ACCESS] GET /api/admin-data/help-requests - ::1
[2026-03-13T09:03:01.081Z] [ACCESS] GET /api/admin-data/users - ::1
[2026-03-13T09:03:01.089Z] [ACCESS] GET /api/admin-data/sos - ::1
[2026-03-13T09:03:01.102Z] [ACCESS] GET /api/admin-data/chat-analytics - ::1
[2026-03-13T09:03:01.153Z] [ACCESS] GET /api/admin-data/nlp-status - ::1
[2026-03-13T09:03:02.668Z] [ACCESS] GET /api/test-admin - ::1
[2026-03-13T09:03:02.697Z] [ACCESS] GET /api/test-admin - ::1
[2026-03-13T09:03:02.727Z] [ACCESS] GET /api/admin-data/stats - ::1
[2026-03-13T09:03:02.733Z] [ACCESS] GET /api/admin-data/users - ::1
[2026-03-13T09:03:02.735Z] [ACCESS] GET /api/admin-data/sos - ::1
[2026-03-13T09:03:02.734Z] [ACCESS] GET /api/admin-data/posts - ::1
[2026-03-13T09:03:02.738Z] [ACCESS] GET /api/admin-data/help-requests - ::1
[2026-03-13T09:03:02.739Z] [ACCESS] GET /api/admin-data/chat-analytics - ::1
[2026-03-13T09:03:02.761Z] [ACCESS] GET /api/admin-data/nlp-status - ::1
[2026-03-13T09:03:02.779Z] [ACCESS] GET /api/admin-data/logs?type=all&lines=100 - ::1
[2026-03-13T09:03:02.781Z] [ACCESS] GET /api/admin-data/sos - ::1
[2026-03-13T09:03:02.797Z] [ACCESS] GET /api/admin-data/nlp-status - ::1
[2026-03-13T09:03:02.813Z] [ACCESS] GET /api/admin-data/help-requests - ::1
[2026-03-13T09:03:02.814Z] [ACCESS] GET /api/admin-data/logs?type=all&lines=100 - ::1
[2026-03-13T09:03:02.850Z] [ACCESS] GET /api/admin-data/posts - ::1
[2026-03-13T09:03:02.852Z] [ACCESS] GET /api/admin-data/users - ::1
[2026-03-13T09:03:02.935Z] [ACCESS] GET /api/admin-data/stats - ::1
[2026-03-13T09:03:02.976Z] [ACCESS] GET /api/admin-data/chat-analytics - ::1
[2026-03-13T09:03:29.204Z] [ACCESS] GET /api/chat/chats - ::1
[2026-03-13T09:03:32.664Z] [ACCESS] GET /api/test-admin - ::1
[2026-03-13T09:03:32.669Z] [ACCESS] GET /api/admin-data/stats - ::1
[2026-03-13T09:03:32.671Z] [ACCESS] GET /api/admin-data/users - ::1
[2026-03-13T09:03:32.681Z] [ACCESS] GET /api/admin-data/posts - ::1
[2026-03-13T09:03:32.690Z] [ACCESS] GET /api/admin-data/sos - ::1
[2026-03-13T09:03:32.691Z] [ACCESS] GET /api/admin-data/help-requests - ::1
[2026-03-13T09:03:32.699Z] [ACCESS] GET /api/admin-data/chat-analytics - ::1
[2026-03-13T09:03:32.703Z] [ACCESS] GET /api/admin-data/nlp-status - ::1
[2026-03-13T09:03:32.705Z] [ACCESS] GET /api/admin-data/logs?type=all&lines=100 - ::1
[2026-03-13T09:03:41.727Z] [ACCESS] GET /api/test-admin - ::1
[2026-03-13T09:03:41.753Z] [ACCESS] GET /api/admin-data/users - ::1
[2026-03-13T09:03:41.754Z] [ACCESS] GET /api/admin-data/stats - ::1
[2026-03-13T09:03:41.755Z] [ACCESS] GET /api/admin-data/posts - ::1
[2026-03-13T09:03:41.756Z] [ACCESS] GET /api/admin-data/sos - ::1
[2026-03-13T09:03:41.757Z] [ACCESS] GET /api/admin-data/logs?type=error&lines=100 - ::1
[2026-03-13T09:03:41.759Z] [ACCESS] GET /api/admin-data/help-requests - ::1
[2026-03-13T09:03:41.771Z] [ACCESS] GET /api/admin-data/chat-analytics - ::1
[2026-03-13T09:03:41.782Z] [ACCESS] GET /api/admin-data/nlp-status - ::1
[2026-03-13T09:03:43.072Z] [ACCESS] GET /api/test-admin - ::1
[2026-03-13T09:03:43.092Z] [ACCESS] GET /api/admin-data/logs?type=combined&lines=100 - ::1
[2026-03-13T09:03:43.093Z] [ACCESS] GET /api/admin-data/stats - ::1
[2026-03-13T09:03:43.094Z] [ACCESS] GET /api/admin-data/users - ::1
[2026-03-13T09:03:43.095Z] [ACCESS] GET /api/admin-data/posts - ::1
[2026-03-13T09:03:43.096Z] [ACCESS] GET /api/admin-data/sos - ::1
[2026-03-13T09:03:43.097Z] [ACCESS] GET /api/admin-data/help-requests - ::1
[2026-03-13T09:03:43.098Z] [ACCESS] GET /api/admin-data/chat-analytics - ::1
[2026-03-13T09:03:43.115Z] [ACCESS] GET /api/admin-data/nlp-status - ::1
[2026-03-13T09:03:44.568Z] [ACCESS] GET /api/test-admin - ::1
[2026-03-13T09:03:44.577Z] [ACCESS] GET /api/admin-data/logs?type=access&lines=100 - ::1
[2026-03-13T09:03:44.578Z] [ACCESS] GET /api/admin-data/stats - ::1
[2026-03-13T09:03:44.583Z] [ACCESS] GET /api/admin-data/sos - ::1
[2026-03-13T09:03:44.585Z] [ACCESS] GET /api/admin-data/help-requests - ::1
[2026-03-13T09:03:44.580Z] [ACCESS] GET /api/admin-data/users - ::1
[2026-03-13T09:03:44.582Z] [ACCESS] GET /api/admin-data/posts - ::1
[2026-03-13T09:03:44.586Z] [ACCESS] GET /api/admin-data/chat-analytics - ::1
[2026-03-13T09:03:44.603Z] [ACCESS] GET /api/admin-data/nlp-status - ::1
[2026-03-13T09:03:48.291Z] [ACCESS] GET /api/test-admin - ::1
[2026-03-13T09:03:48.315Z] [ACCESS] GET /api/admin-data/stats - ::1
[2026-03-13T09:03:48.315Z] [ACCESS] GET /api/admin-data/users - ::1
[2026-03-13T09:03:48.319Z] [ACCESS] GET /api/admin-data/help-requests - ::1
[2026-03-13T09:03:48.317Z] [ACCESS] GET /api/admin-data/posts - ::1
[2026-03-13T09:03:48.318Z] [ACCESS] GET /api/admin-data/sos - ::1
[2026-03-13T09:03:48.319Z] [ACCESS] GET /api/admin-data/chat-analytics - ::1
[2026-03-13T09:03:48.339Z] [ACCESS] GET /api/admin-data/nlp-status - ::1
[2026-03-13T09:03:48.348Z] [ACCESS] GET /api/admin-data/logs?type=all&lines=100 - ::1
[2026-03-13T14:46:59.668Z] [ACCESS] POST /api/elderly/login - ::1
[2026-03-13T14:47:03.787Z] [ACCESS] POST /api/elderly/login - ::1
[2026-03-13T14:47:04.138Z] [ACCESS] GET /api/follow/feed - ::1
[2026-03-13T14:47:04.221Z] [ACCESS] GET /api/sos/history - ::1
[2026-03-13T14:47:04.227Z] [ACCESS] GET /api/chat/chats - ::1
[2026-03-13T14:47:04.232Z] [ACCESS] GET /api/chat/chats - ::1
[2026-03-13T14:47:04.267Z] [ACCESS] GET /api/follow/feed - ::1
[2026-03-13T14:47:04.273Z] [ACCESS] GET /api/sos/history - ::1
[2026-03-13T14:47:08.485Z] [ACCESS] GET /api/elderly/profile/69a07b5cc340cede9866898c - ::1
[2026-03-13T14:47:08.493Z] [ACCESS] GET /api/elderly/posts/user/69a07b5cc340cede9866898c - ::1
[2026-03-13T14:47:08.533Z] [ACCESS] GET /api/elderly/profile/69a07b5cc340cede9866898c - ::1
[2026-03-13T14:47:08.562Z] [ACCESS] GET /api/elderly/posts/user/69a07b5cc340cede9866898c - ::1
[2026-03-13T14:47:08.590Z] [ACCESS] GET /api/sos/history - ::1
[2026-03-13T14:47:08.599Z] [ACCESS] GET /api/chat/chats - ::1
[2026-03-13T14:47:08.601Z] [ACCESS] GET /api/chat/chats - ::1
[2026-03-13T14:47:08.638Z] [ACCESS] GET /api/sos/history - ::1
[2026-03-13T14:47:12.670Z] [ACCESS] GET /api/chat/chats - ::1
[2026-03-13T14:47:12.674Z] [ACCESS] GET /api/elderly/users/all - ::1
[2026-03-13T14:47:12.677Z] [ACCESS] GET /api/elderly/users/suggested?limit=3 - ::1
[2026-03-13T14:47:12.698Z] [ACCESS] GET /api/chat/chats - ::1
[2026-03-13T14:47:13.013Z] [ACCESS] GET /api/elderly/users/all - ::1
[2026-03-13T14:47:13.032Z] [ACCESS] GET /api/follow/status/69a07c4fc340cede986689f9 - ::1
[2026-03-13T14:47:13.038Z] [ACCESS] GET /api/follow/status/69a07e11c340cede98668aff - ::1
[2026-03-13T14:47:13.050Z] [ACCESS] GET /api/follow/status/69a07938c340cede98668815 - ::1
[2026-03-13T14:47:13.043Z] [ACCESS] GET /api/follow/status/69a07d12c340cede98668a79 - ::1
[2026-03-13T14:47:13.060Z] [ACCESS] GET /api/elderly/users/suggested?limit=3 - ::1
[2026-03-13T14:47:13.129Z] [ACCESS] GET /api/sos/history - ::1
[2026-03-13T14:47:13.165Z] [ACCESS] GET /api/follow/status/69a07e11c340cede98668aff - ::1
[2026-03-13T14:47:13.168Z] [ACCESS] GET /api/follow/status/69a07c4fc340cede986689f9 - ::1
[2026-03-13T14:47:13.171Z] [ACCESS] GET /api/follow/status/69a07d12c340cede98668a79 - ::1
[2026-03-13T14:47:13.174Z] [ACCESS] GET /api/follow/status/69a07938c340cede98668815 - ::1
[2026-03-13T14:47:13.235Z] [ACCESS] GET /api/sos/history - ::1
[2026-03-13T14:47:18.554Z] [ACCESS] POST /api/follow/follow/69a07938c340cede98668815 - ::1
[2026-03-13T14:47:21.155Z] [ACCESS] GET /api/elderly/profile/69a07938c340cede98668815 - ::1
[2026-03-13T14:47:21.165Z] [ACCESS] GET /api/elderly/posts/user/69a07938c340cede98668815 - ::1
[2026-03-13T14:47:21.193Z] [ACCESS] GET /api/elderly/profile/69a07938c340cede98668815 - ::1
[2026-03-13T14:47:21.203Z] [ACCESS] GET /api/elderly/posts/user/69a07938c340cede98668815 - ::1
[2026-03-13T14:47:21.230Z] [ACCESS] GET /api/sos/history - ::1
[2026-03-13T14:47:21.232Z] [ACCESS] GET /api/chat/chats - ::1
[2026-03-13T14:47:21.233Z] [ACCESS] GET /api/follow/status/69a07938c340cede98668815 - ::1
[2026-03-13T14:47:21.246Z] [ACCESS] GET /api/follow/followers/69a07938c340cede98668815 - ::1
[2026-03-13T14:47:21.264Z] [ACCESS] GET /api/chat/chats - ::1
[2026-03-13T14:47:21.278Z] [ACCESS] GET /api/sos/history - ::1
[2026-03-13T14:47:21.308Z] [ACCESS] GET /api/follow/status/69a07938c340cede98668815 - ::1
[2026-03-13T14:47:21.311Z] [ACCESS] GET /api/follow/followers/69a07938c340cede98668815 - ::1
[2026-03-13T14:47:21.328Z] [ACCESS] GET /api/follow/following/69a07938c340cede98668815 - ::1
[2026-03-13T14:47:21.365Z] [ACCESS] GET /api/follow/following/69a07938c340cede98668815 - ::1
[2026-03-13T14:47:23.638Z] [ACCESS] GET /api/follow/feed - ::1
[2026-03-13T14:47:23.667Z] [ACCESS] GET /api/sos/history - ::1
[2026-03-13T14:47:23.671Z] [ACCESS] GET /api/chat/chats - ::1
[2026-03-13T14:47:23.779Z] [ACCESS] GET /api/chat/chats - ::1
[2026-03-13T14:47:23.781Z] [ACCESS] GET /api/sos/history - ::1
[2026-03-13T14:47:23.801Z] [ACCESS] GET /api/follow/feed - ::1
[2026-03-13T14:47:28.006Z] [ACCESS] GET /api/elderly/posts/user/69a07b5cc340cede9866898c - ::1
[2026-03-13T14:47:28.000Z] [ACCESS] GET /api/elderly/profile/69a07b5cc340cede9866898c - ::1
[2026-03-13T14:47:28.024Z] [ACCESS] GET /api/elderly/profile/69a07b5cc340cede9866898c - ::1
[2026-03-13T14:47:28.042Z] [ACCESS] GET /api/elderly/posts/user/69a07b5cc340cede9866898c - ::1
[2026-03-13T14:47:28.078Z] [ACCESS] GET /api/sos/history - ::1
[2026-03-13T14:47:28.086Z] [ACCESS] GET /api/chat/chats - ::1
[2026-03-13T14:47:28.101Z] [ACCESS] GET /api/chat/chats - ::1
[2026-03-13T14:47:28.118Z] [ACCESS] GET /api/sos/history - ::1
[2026-03-13T14:47:48.570Z] [ACCESS] GET /api/elderly/profile/69a07b5cc340cede9866898c - ::1
[2026-03-13T14:47:48.587Z] [ACCESS] GET /api/elderly/posts/user/69a07b5cc340cede9866898c - ::1
[2026-03-13T14:47:48.794Z] [ACCESS] GET /api/elderly/profile/69a07b5cc340cede9866898c - ::1
[2026-03-13T14:47:48.860Z] [ACCESS] GET /api/elderly/posts/user/69a07b5cc340cede9866898c - ::1
[2026-03-13T14:47:48.956Z] [ACCESS] GET /api/sos/history - ::1
[2026-03-13T14:47:48.981Z] [ACCESS] GET /api/chat/chats - ::1
[2026-03-13T14:47:48.996Z] [ACCESS] GET /api/sos/history - ::1
[2026-03-13T14:47:49.000Z] [ACCESS] GET /api/chat/chats - ::1
[2026-03-13T14:47:53.334Z] [ACCESS] GET /api/sos/history - ::1
[2026-03-13T14:47:53.339Z] [ACCESS] GET /api/chat/chats - ::1
[2026-03-13T14:47:53.356Z] [ACCESS] GET /api/chat/chats - ::1
[2026-03-13T14:47:53.357Z] [ACCESS] GET /api/sos/history - ::1
[2026-03-13T14:47:53.373Z] [ACCESS] GET /api/chat/chats - ::1
[2026-03-13T14:47:53.406Z] [ACCESS] GET /api/chat/chats - ::1
[2026-03-13T14:47:53.447Z] [ACCESS] GET /api/chat/chats - ::1
[2026-03-13T14:47:56.952Z] [ACCESS] GET /api/chat/chats - ::1
[2026-03-13T14:47:56.953Z] [ACCESS] GET /api/elderly/users/suggested?limit=3 - ::1
[2026-03-13T14:47:56.958Z] [ACCESS] GET /api/elderly/users/all - ::1
[2026-03-13T14:47:56.982Z] [ACCESS] GET /api/chat/chats - ::1
[2026-03-13T14:47:57.127Z] [ACCESS] GET /api/elderly/users/suggested?limit=3 - ::1
[2026-03-13T14:47:57.132Z] [ACCESS] GET /api/elderly/users/all - ::1
[2026-03-13T14:47:57.186Z] [ACCESS] GET /api/follow/status/69a07c4fc340cede986689f9 - ::1
[2026-03-13T14:47:57.189Z] [ACCESS] GET /api/follow/status/69a07e11c340cede98668aff - ::1
[2026-03-13T14:47:57.191Z] [ACCESS] GET /api/follow/status/69a07d12c340cede98668a79 - ::1
[2026-03-13T14:47:57.195Z] [ACCESS] GET /api/follow/status/69a07938c340cede98668815 - ::1
[2026-03-13T14:47:57.346Z] [ACCESS] GET /api/sos/history - ::1
[2026-03-13T14:47:57.370Z] [ACCESS] GET /api/sos/history - ::1
[2026-03-13T14:47:57.418Z] [ACCESS] GET /api/follow/status/69a07e11c340cede98668aff - ::1
[2026-03-13T14:47:57.423Z] [ACCESS] GET /api/follow/status/69a07c4fc340cede986689f9 - ::1
[2026-03-13T14:47:57.426Z] [ACCESS] GET /api/follow/status/69a07d12c340cede98668a79 - ::1
[2026-03-13T14:47:57.429Z] [ACCESS] GET /api/follow/status/69a07938c340cede98668815 - ::1
[2026-03-13T14:48:01.713Z] [ACCESS] GET /api/chat/chat/69a07c4fc340cede986689f9 - ::1
[2026-03-13T14:48:01.734Z] [ACCESS] GET /api/sos/history - ::1
[2026-03-13T14:48:01.739Z] [ACCESS] GET /api/chat/chats - ::1
[2026-03-13T14:48:01.766Z] [ACCESS] GET /api/sos/history - ::1
[2026-03-13T14:48:01.787Z] [ACCESS] GET /api/chat/chats - ::1
[2026-03-13T14:48:01.873Z] [ACCESS] GET /api/chat/chats - ::1
[2026-03-13T14:48:01.881Z] [ACCESS] GET /api/chat/chats - ::1
[2026-03-13T14:48:01.891Z] [ACCESS] GET /api/chat/chats - ::1
[2026-03-13T14:48:06.748Z] [ACCESS] GET /api/chat/chats - ::1
[2026-03-13T14:48:06.756Z] [ACCESS] GET /api/elderly/users/all - ::1
[2026-03-13T14:48:06.761Z] [ACCESS] GET /api/elderly/users/suggested?limit=3 - ::1
[2026-03-13T14:48:06.773Z] [ACCESS] GET /api/chat/chats - ::1
[2026-03-13T14:48:06.864Z] [ACCESS] GET /api/elderly/users/all - ::1
[2026-03-13T14:48:06.888Z] [ACCESS] GET /api/elderly/users/suggested?limit=3 - ::1
[2026-03-13T14:48:06.890Z] [ACCESS] GET /api/follow/status/69a07e11c340cede98668aff - ::1
[2026-03-13T14:48:06.892Z] [ACCESS] GET /api/follow/status/69a07c4fc340cede986689f9 - ::1
[2026-03-13T14:48:06.905Z] [ACCESS] GET /api/follow/status/69a07d12c340cede98668a79 - ::1
[2026-03-13T14:48:06.907Z] [ACCESS] GET /api/follow/status/69a07938c340cede98668815 - ::1
[2026-03-13T14:48:06.940Z] [ACCESS] GET /api/sos/history - ::1
[2026-03-13T14:48:07.027Z] [ACCESS] GET /api/follow/status/69a07938c340cede98668815 - ::1
[2026-03-13T14:48:07.032Z] [ACCESS] GET /api/follow/status/69a07e11c340cede98668aff - ::1
[2026-03-13T14:48:07.037Z] [ACCESS] GET /api/follow/status/69a07c4fc340cede986689f9 - ::1
[2026-03-13T14:48:07.072Z] [ACCESS] GET /api/follow/status/69a07d12c340cede98668a79 - ::1
[2026-03-13T14:48:07.078Z] [ACCESS] GET /api/sos/history - ::1
[2026-03-13T14:48:07.604Z] [ACCESS] GET /api/sos/history - ::1
[2026-03-13T14:48:07.623Z] [ACCESS] GET /api/chat/chats - ::1
[2026-03-13T14:48:07.637Z] [ACCESS] GET /api/sos/history - ::1
[2026-03-13T14:48:07.643Z] [ACCESS] GET /api/chat/chats - ::1
[2026-03-13T14:48:07.658Z] [ACCESS] GET /api/chat/chats - ::1
[2026-03-13T14:48:07.661Z] [ACCESS] GET /api/chat/chats - ::1
[2026-03-13T14:48:07.669Z] [ACCESS] GET /api/chat/chats - ::1
[2026-03-13T14:48:09.353Z] [ACCESS] GET /api/sos/history - ::1
[2026-03-13T14:48:09.362Z] [ACCESS] GET /api/chat/chats - ::1
[2026-03-13T14:48:09.375Z] [ACCESS] GET /api/chat/chats - ::1
[2026-03-13T14:48:09.378Z] [ACCESS] GET /api/sos/history - ::1
[2026-03-13T14:48:09.391Z] [ACCESS] GET /api/chat/chats - ::1
[2026-03-13T14:48:09.410Z] [ACCESS] GET /api/chat/chats - ::1
[2026-03-13T14:48:09.414Z] [ACCESS] GET /api/chat/chats - ::1
[2026-03-13T14:48:16.626Z] [ACCESS] GET /api/chat/chats - ::1
[2026-03-13T14:48:16.627Z] [ACCESS] GET /api/elderly/users/all - ::1
[2026-03-13T14:48:16.630Z] [ACCESS] GET /api/elderly/users/suggested?limit=3 - ::1
[2026-03-13T14:48:16.655Z] [ACCESS] GET /api/chat/chats - ::1
[2026-03-13T14:48:16.805Z] [ACCESS] GET /api/elderly/users/all - ::1
[2026-03-13T14:48:16.810Z] [ACCESS] GET /api/elderly/users/suggested?limit=3 - ::1
[2026-03-13T14:48:16.984Z] [ACCESS] GET /api/follow/status/69a07e11c340cede98668aff - ::1
[2026-03-13T14:48:16.987Z] [ACCESS] GET /api/follow/status/69a07c4fc340cede986689f9 - ::1
[2026-03-13T14:48:16.990Z] [ACCESS] GET /api/follow/status/69a07d12c340cede98668a79 - ::1
[2026-03-13T14:48:16.994Z] [ACCESS] GET /api/follow/status/69a07938c340cede98668815 - ::1
[2026-03-13T14:48:17.077Z] [ACCESS] GET /api/sos/history - ::1
[2026-03-13T14:48:17.101Z] [ACCESS] GET /api/follow/status/69a07e11c340cede98668aff - ::1
[2026-03-13T14:48:17.112Z] [ACCESS] GET /api/follow/status/69a07c4fc340cede986689f9 - ::1
[2026-03-13T14:48:17.114Z] [ACCESS] GET /api/follow/status/69a07d12c340cede98668a79 - ::1
[2026-03-13T14:48:17.117Z] [ACCESS] GET /api/follow/status/69a07938c340cede98668815 - ::1
[2026-03-13T14:48:17.166Z] [ACCESS] GET /api/sos/history - ::1
[2026-03-13T14:48:20.769Z] [ACCESS] GET /api/chat/chat/69a07e11c340cede98668aff - ::1
[2026-03-13T14:48:20.771Z] [ACCESS] GET /api/sos/history - ::1
[2026-03-13T14:48:20.776Z] [ACCESS] GET /api/chat/chats - ::1
[2026-03-13T14:48:20.786Z] [ACCESS] GET /api/chat/chats - ::1
[2026-03-13T14:48:20.790Z] [ACCESS] GET /api/sos/history - ::1
[2026-03-13T14:48:20.809Z] [ACCESS] GET /api/chat/chats - ::1
[2026-03-13T14:48:20.822Z] [ACCESS] GET /api/chat/chats - ::1
[2026-03-13T14:48:20.828Z] [ACCESS] GET /api/chat/chats - ::1
[2026-03-13T14:48:31.194Z] [ACCESS] GET /api/chat/chats - ::1
[2026-03-13T14:48:41.238Z] [ACCESS] GET /api/chat/chats - ::1
[2026-03-13T14:48:51.325Z] [ACCESS] GET /api/chat/chats - ::1
[2026-03-13T14:48:51.427Z] [ACCESS] GET /api/chat/chats - ::1
[2026-03-13T14:49:01.256Z] [ACCESS] GET /api/chat/chats - ::1
[2026-03-13T14:49:11.232Z] [ACCESS] GET /api/chat/chats - ::1
[2026-03-13T14:49:21.253Z] [ACCESS] GET /api/chat/chats - ::1
[2026-03-13T14:49:21.261Z] [ACCESS] GET /api/chat/chats - ::1
[2026-03-13T14:49:31.228Z] [ACCESS] GET /api/chat/chats - ::1
[2026-03-13T14:49:41.202Z] [ACCESS] GET /api/chat/chats - ::1
[2026-03-13T14:49:51.197Z] [ACCESS] GET /api/chat/chats - ::1
[2026-03-13T14:50:21.503Z] [ACCESS] GET /api/chat/chats - ::1
[2026-03-13T14:50:41.252Z] [ACCESS] GET /api/chat/chats - ::1
[2026-03-13T14:50:51.247Z] [ACCESS] GET /api/chat/chats - ::1
[2026-03-13T14:51:21.202Z] [ACCESS] GET /api/chat/chats - ::1
[2026-03-13T14:51:41.241Z] [ACCESS] GET /api/chat/chats - ::1
[2026-03-13T14:51:49.490Z] [ACCESS] GET /api/sos/history - ::1
[2026-03-13T14:51:49.497Z] [ACCESS] GET /api/chat/chats - ::1
[2026-03-13T14:51:49.502Z] [ACCESS] GET /api/chat/chats - ::1
[2026-03-13T14:51:49.504Z] [ACCESS] GET /api/sos/history - ::1
[2026-03-13T14:51:49.511Z] [ACCESS] GET /api/chat/chats - ::1
[2026-03-13T14:51:49.516Z] [ACCESS] GET /api/chat/chats - ::1
[2026-03-13T14:51:49.517Z] [ACCESS] GET /api/chat/chat/69a07e11c340cede98668aff - ::1
[2026-03-13T14:51:49.520Z] [ACCESS] GET /api/chat/chats - ::1
[2026-03-13T14:52:00.199Z] [ACCESS] GET /api/chat/chats - ::1
[2026-03-13T14:52:11.425Z] [ACCESS] GET /api/chat/chats - ::1
[2026-03-13T14:52:20.897Z] [ACCESS] GET /api/sos/history - ::1
[2026-03-13T14:52:20.903Z] [ACCESS] GET /api/chat/chats - ::1
[2026-03-13T14:52:20.912Z] [ACCESS] GET /api/chat/chat/69a07e11c340cede98668aff - ::1
[2026-03-13T14:52:20.995Z] [ACCESS] GET /api/sos/history - ::1
[2026-03-13T14:52:21.021Z] [ACCESS] GET /api/chat/chats - ::1
[2026-03-13T14:52:21.252Z] [ACCESS] GET /api/chat/chats - ::1
[2026-03-13T14:52:21.256Z] [ACCESS] GET /api/chat/messages/69a084b9c340cede98668fae?page=1 - ::1
[2026-03-13T14:52:21.342Z] [ACCESS] GET /api/chat/chats - ::1
[2026-03-13T14:52:21.560Z] [ACCESS] GET /api/chat/chats - ::1
[2026-03-13T14:52:23.212Z] [ACCESS] GET /api/follow/feed - ::1
[2026-03-13T14:52:23.245Z] [ACCESS] GET /api/sos/history - ::1
[2026-03-13T14:52:23.253Z] [ACCESS] GET /api/chat/chats - ::1
[2026-03-13T14:52:23.295Z] [ACCESS] GET /api/sos/history - ::1
[2026-03-13T14:52:23.317Z] [ACCESS] GET /api/chat/chats - ::1
[2026-03-13T14:52:23.330Z] [ACCESS] GET /api/follow/feed - ::1
[2026-03-13T14:52:39.484Z] [ACCESS] GET /api/chat/chats - ::1
[2026-03-13T14:52:39.492Z] [ACCESS] GET /api/elderly/users/suggested?limit=3 - ::1
[2026-03-13T14:52:39.497Z] [ACCESS] GET /api/elderly/users/all - ::1
[2026-03-13T14:52:39.808Z] [ACCESS] GET /api/chat/chats - ::1
[2026-03-13T14:52:39.839Z] [ACCESS] GET /api/elderly/users/suggested?limit=3 - ::1
[2026-03-13T14:52:39.842Z] [ACCESS] GET /api/elderly/users/all - ::1
[2026-03-13T14:52:39.853Z] [ACCESS] GET /api/follow/status/69a07e11c340cede98668aff - ::1
[2026-03-13T14:52:39.856Z] [ACCESS] GET /api/follow/status/69a07c4fc340cede986689f9 - ::1
[2026-03-13T14:52:39.860Z] [ACCESS] GET /api/follow/status/69a07d12c340cede98668a79 - ::1
[2026-03-13T14:52:39.865Z] [ACCESS] GET /api/follow/status/69a07938c340cede98668815 - ::1
[2026-03-13T14:52:39.997Z] [ACCESS] GET /api/sos/history - ::1
[2026-03-13T14:52:40.334Z] [ACCESS] GET /api/follow/status/69a07e11c340cede98668aff - ::1
[2026-03-13T14:52:40.339Z] [ACCESS] GET /api/follow/status/69a07c4fc340cede986689f9 - ::1
[2026-03-13T14:52:40.345Z] [ACCESS] GET /api/follow/status/69a07d12c340cede98668a79 - ::1
[2026-03-13T14:52:40.396Z] [ACCESS] GET /api/follow/status/69a07938c340cede98668815 - ::1
[2026-03-13T14:52:40.400Z] [ACCESS] GET /api/sos/history - ::1
[2026-03-13T14:53:09.429Z] [ACCESS] GET /api/chat/chats - ::1
[2026-03-13T14:53:10.811Z] [ACCESS] GET /api/sos/history - ::1
[2026-03-13T14:53:10.815Z] [ACCESS] GET /api/chat/chats - ::1
[2026-03-13T14:53:10.841Z] [ACCESS] GET /api/sos/history - ::1
[2026-03-13T14:53:10.858Z] [ACCESS] GET /api/chat/chats - ::1
[2026-03-13T14:53:10.869Z] [ACCESS] GET /api/chat/messages/69a084b9c340cede98668fae?page=1 - ::1
[2026-03-13T14:53:10.909Z] [ACCESS] GET /api/chat/chats - ::1
[2026-03-13T14:53:10.946Z] [ACCESS] GET /api/chat/chats - ::1
[2026-03-13T14:53:10.983Z] [ACCESS] GET /api/chat/chats - ::1
[2026-03-13T14:53:12.470Z] [ACCESS] GET /api/elderly/profile/69a07b5cc340cede9866898c - ::1
[2026-03-13T14:53:12.474Z] [ACCESS] GET /api/elderly/posts/user/69a07b5cc340cede9866898c - ::1
[2026-03-13T14:53:12.492Z] [ACCESS] GET /api/elderly/profile/69a07b5cc340cede9866898c - ::1
[2026-03-13T14:53:12.512Z] [ACCESS] GET /api/elderly/posts/user/69a07b5cc340cede9866898c - ::1
[2026-03-13T14:53:12.537Z] [ACCESS] GET /api/sos/history - ::1
[2026-03-13T14:53:12.557Z] [ACCESS] GET /api/sos/history - ::1
[2026-03-13T14:53:12.562Z] [ACCESS] GET /api/chat/chats - ::1
[2026-03-13T14:53:12.594Z] [ACCESS] GET /api/chat/chats - ::1
[2026-03-13T14:53:24.830Z] [ACCESS] GET /api/elderly/users/all - ::1
[2026-03-13T14:53:24.834Z] [ACCESS] GET /api/chat/chats - ::1
[2026-03-13T14:53:24.838Z] [ACCESS] GET /api/elderly/users/suggested?limit=3 - ::1
[2026-03-13T14:53:24.984Z] [ACCESS] GET /api/elderly/users/all - ::1
[2026-03-13T14:53:24.992Z] [ACCESS] GET /api/chat/chats - ::1
[2026-03-13T14:53:25.003Z] [ACCESS] GET /api/elderly/users/suggested?limit=3 - ::1
[2026-03-13T14:53:25.012Z] [ACCESS] GET /api/follow/status/69a07e11c340cede98668aff - ::1
[2026-03-13T14:53:25.015Z] [ACCESS] GET /api/follow/status/69a07c4fc340cede986689f9 - ::1
[2026-03-13T14:53:25.028Z] [ACCESS] GET /api/follow/status/69a07d12c340cede98668a79 - ::1
[2026-03-13T14:53:25.133Z] [ACCESS] GET /api/follow/status/69a07938c340cede98668815 - ::1
[2026-03-13T14:53:25.144Z] [ACCESS] GET /api/sos/history - ::1
[2026-03-13T14:53:25.167Z] [ACCESS] GET /api/follow/status/69a07e11c340cede98668aff - ::1
[2026-03-13T14:53:25.170Z] [ACCESS] GET /api/follow/status/69a07c4fc340cede986689f9 - ::1
[2026-03-13T14:53:25.173Z] [ACCESS] GET /api/follow/status/69a07d12c340cede98668a79 - ::1
[2026-03-13T14:53:25.190Z] [ACCESS] GET /api/follow/status/69a07938c340cede98668815 - ::1
[2026-03-13T14:53:25.214Z] [ACCESS] GET /api/sos/history - ::1
[2026-03-13T14:53:27.846Z] [ACCESS] GET /api/elderly/profile/69a07938c340cede98668815 - ::1
[2026-03-13T14:53:27.854Z] [ACCESS] GET /api/elderly/posts/user/69a07938c340cede98668815 - ::1
[2026-03-13T14:53:27.874Z] [ACCESS] GET /api/elderly/profile/69a07938c340cede98668815 - ::1
[2026-03-13T14:53:27.895Z] [ACCESS] GET /api/elderly/posts/user/69a07938c340cede98668815 - ::1
[2026-03-13T14:53:27.929Z] [ACCESS] GET /api/sos/history - ::1
[2026-03-13T14:53:27.934Z] [ACCESS] GET /api/chat/chats - ::1
[2026-03-13T14:53:27.939Z] [ACCESS] GET /api/follow/status/69a07938c340cede98668815 - ::1
[2026-03-13T14:53:27.951Z] [ACCESS] GET /api/follow/followers/69a07938c340cede98668815 - ::1
[2026-03-13T14:53:27.986Z] [ACCESS] GET /api/follow/status/69a07938c340cede98668815 - ::1
[2026-03-13T14:53:27.995Z] [ACCESS] GET /api/chat/chats - ::1
[2026-03-13T14:53:28.007Z] [ACCESS] GET /api/sos/history - ::1
[2026-03-13T14:53:28.022Z] [ACCESS] GET /api/follow/followers/69a07938c340cede98668815 - ::1
[2026-03-13T14:53:28.041Z] [ACCESS] GET /api/follow/following/69a07938c340cede98668815 - ::1
[2026-03-13T14:53:28.068Z] [ACCESS] GET /api/follow/following/69a07938c340cede98668815 - ::1
[2026-03-13T14:53:30.898Z] [ACCESS] GET /api/chat/chat/69a07938c340cede98668815 - ::1
[2026-03-13T14:53:30.905Z] [ACCESS] GET /api/sos/history - ::1
[2026-03-13T14:53:30.912Z] [ACCESS] GET /api/chat/chats - ::1
[2026-03-13T14:53:30.927Z] [ACCESS] GET /api/chat/messages/69a084b9c340cede98668fae?page=1 - ::1
[2026-03-13T14:53:30.954Z] [ACCESS] GET /api/sos/history - ::1
[2026-03-13T14:53:30.975Z] [ACCESS] GET /api/chat/chats - ::1
[2026-03-13T14:53:31.037Z] [ACCESS] GET /api/chat/chats - ::1
[2026-03-13T14:53:31.068Z] [ACCESS] GET /api/chat/chats - ::1
[2026-03-13T14:53:31.083Z] [ACCESS] GET /api/chat/messages/69b424eadf06d1e69c022be9?page=1 - ::1
[2026-03-13T14:53:31.106Z] [ACCESS] GET /api/chat/chats - ::1
[2026-03-13T14:53:32.934Z] [ACCESS] GET /api/follow/feed - ::1
[2026-03-13T14:53:32.954Z] [ACCESS] GET /api/sos/history - ::1
[2026-03-13T14:53:32.959Z] [ACCESS] GET /api/chat/chats - ::1
[2026-03-13T14:53:32.987Z] [ACCESS] GET /api/sos/history - ::1
[2026-03-13T14:53:32.997Z] [ACCESS] GET /api/follow/feed - ::1
[2026-03-13T14:53:33.004Z] [ACCESS] GET /api/chat/chats - ::1
[2026-03-13T14:53:47.455Z] [ACCESS] POST /api/elderly/posts - ::1
[2026-03-13T14:53:54.062Z] [ACCESS] GET /api/elderly/profile/69a07b5cc340cede9866898c - ::1
[2026-03-13T14:53:54.066Z] [ACCESS] GET /api/elderly/posts/user/69a07b5cc340cede9866898c - ::1
[2026-03-13T14:53:54.089Z] [ACCESS] GET /api/elderly/profile/69a07b5cc340cede9866898c - ::1
[2026-03-13T14:53:54.102Z] [ACCESS] GET /api/elderly/posts/user/69a07b5cc340cede9866898c - ::1
[2026-03-13T14:53:54.343Z] [ACCESS] GET /api/sos/history - ::1
[2026-03-13T14:53:54.377Z] [ACCESS] GET /api/chat/chats - ::1
[2026-03-13T14:53:54.401Z] [ACCESS] GET /api/sos/history - ::1
[2026-03-13T14:53:54.406Z] [ACCESS] GET /api/chat/chats - ::1
[2026-03-13T14:53:59.436Z] [ACCESS] GET /api/elderly/profile/69a07b5cc340cede9866898c - ::1
[2026-03-13T14:53:59.439Z] [ACCESS] GET /api/elderly/posts/user/69a07b5cc340cede9866898c - ::1
[2026-03-13T14:53:59.700Z] [ACCESS] GET /api/elderly/profile/69a07b5cc340cede9866898c - ::1
[2026-03-13T14:53:59.755Z] [ACCESS] GET /api/elderly/posts/user/69a07b5cc340cede9866898c - ::1
[2026-03-13T14:53:59.873Z] [ACCESS] GET /api/sos/history - ::1
[2026-03-13T14:53:59.877Z] [ACCESS] GET /api/chat/chats - ::1
[2026-03-13T14:53:59.940Z] [ACCESS] GET /api/sos/history - ::1
[2026-03-13T14:53:59.960Z] [ACCESS] GET /api/chat/chats - ::1
[2026-03-13T14:54:11.467Z] [ACCESS] GET /api/elderly/users/all - ::1
[2026-03-13T14:54:11.477Z] [ACCESS] GET /api/chat/chats - ::1
[2026-03-13T14:54:11.483Z] [ACCESS] GET /api/elderly/users/suggested?limit=3 - ::1
[2026-03-13T14:54:11.604Z] [ACCESS] GET /api/elderly/users/all - ::1
[2026-03-13T14:54:11.609Z] [ACCESS] GET /api/chat/chats - ::1
[2026-03-13T14:54:11.634Z] [ACCESS] GET /api/follow/status/69a07e11c340cede98668aff - ::1
[2026-03-13T14:54:11.643Z] [ACCESS] GET /api/elderly/users/suggested?limit=3 - ::1
[2026-03-13T14:54:11.655Z] [ACCESS] GET /api/follow/status/69a07c4fc340cede986689f9 - ::1
[2026-03-13T14:54:11.664Z] [ACCESS] GET /api/follow/status/69a07d12c340cede98668a79 - ::1
[2026-03-13T14:54:11.780Z] [ACCESS] GET /api/follow/status/69a07938c340cede98668815 - ::1
[2026-03-13T14:54:11.791Z] [ACCESS] GET /api/sos/history - ::1
[2026-03-13T14:54:11.834Z] [ACCESS] GET /api/follow/status/69a07d12c340cede98668a79 - ::1
[2026-03-13T14:54:11.838Z] [ACCESS] GET /api/follow/status/69a07e11c340cede98668aff - ::1
[2026-03-13T14:54:11.843Z] [ACCESS] GET /api/follow/status/69a07c4fc340cede986689f9 - ::1
[2026-03-13T14:54:11.856Z] [ACCESS] GET /api/follow/status/69a07938c340cede98668815 - ::1
[2026-03-13T14:54:11.860Z] [ACCESS] GET /api/sos/history - ::1
[2026-03-13T14:54:12.169Z] [ACCESS] GET /api/elderly/profile/69a07b5cc340cede9866898c - ::1
[2026-03-13T14:54:12.174Z] [ACCESS] GET /api/elderly/posts/user/69a07b5cc340cede9866898c - ::1
[2026-03-13T14:54:12.237Z] [ACCESS] GET /api/elderly/profile/69a07b5cc340cede9866898c - ::1
[2026-03-13T14:54:12.361Z] [ACCESS] GET /api/elderly/posts/user/69a07b5cc340cede9866898c - ::1
[2026-03-13T14:54:12.431Z] [ACCESS] GET /api/sos/history - ::1
[2026-03-13T14:54:12.437Z] [ACCESS] GET /api/chat/chats - ::1
[2026-03-13T14:54:12.460Z] [ACCESS] GET /api/sos/history - ::1
[2026-03-13T14:54:12.489Z] [ACCESS] GET /api/chat/chats - ::1
[2026-03-13T14:54:13.778Z] [ACCESS] GET /api/sos/history - ::1
[2026-03-13T14:54:13.783Z] [ACCESS] GET /api/chat/chats - ::1
[2026-03-13T14:54:13.833Z] [ACCESS] GET /api/sos/history - ::1
[2026-03-13T14:54:13.853Z] [ACCESS] GET /api/chat/chats - ::1
[2026-03-13T14:54:13.917Z] [ACCESS] GET /api/chat/chats - ::1
[2026-03-13T14:54:13.948Z] [ACCESS] GET /api/chat/chats - ::1
[2026-03-13T14:54:13.971Z] [ACCESS] GET /api/chat/chats - ::1
[2026-03-13T14:54:14.912Z] [ACCESS] GET /api/chat/messages/69a084b9c340cede98668fae?page=1 - ::1
[2026-03-13T14:54:20.712Z] [ACCESS] GET /api/chat/chats - ::1
[2026-03-13T14:54:20.725Z] [ACCESS] GET /api/elderly/users/all - ::1
[2026-03-13T14:54:20.730Z] [ACCESS] GET /api/elderly/users/suggested?limit=3 - ::1
[2026-03-13T14:54:20.876Z] [ACCESS] GET /api/chat/chats - ::1
[2026-03-13T14:54:20.889Z] [ACCESS] GET /api/elderly/users/all - ::1
[2026-03-13T14:54:20.911Z] [ACCESS] GET /api/follow/status/69a07e11c340cede98668aff - ::1
[2026-03-13T14:54:20.913Z] [ACCESS] GET /api/elderly/users/suggested?limit=3 - ::1
[2026-03-13T14:54:20.916Z] [ACCESS] GET /api/follow/status/69a07d12c340cede98668a79 - ::1
[2026-03-13T14:54:20.919Z] [ACCESS] GET /api/follow/status/69a07c4fc340cede986689f9 - ::1
[2026-03-13T14:54:20.966Z] [ACCESS] GET /api/follow/status/69a07938c340cede98668815 - ::1
[2026-03-13T14:54:20.971Z] [ACCESS] GET /api/sos/history - ::1
[2026-03-13T14:54:21.109Z] [ACCESS] GET /api/sos/history - ::1
[2026-03-13T14:54:21.111Z] [ACCESS] GET /api/follow/status/69a07938c340cede98668815 - ::1
[2026-03-13T14:54:21.119Z] [ACCESS] GET /api/follow/status/69a07e11c340cede98668aff - ::1
[2026-03-13T14:54:21.123Z] [ACCESS] GET /api/follow/status/69a07c4fc340cede986689f9 - ::1
[2026-03-13T14:54:21.130Z] [ACCESS] GET /api/follow/status/69a07d12c340cede98668a79 - ::1
[2026-03-13T14:54:27.303Z] [ACCESS] GET /api/elderly/profile/69a07938c340cede98668815 - ::1
[2026-03-13T14:54:27.309Z] [ACCESS] GET /api/elderly/posts/user/69a07938c340cede98668815 - ::1
[2026-03-13T14:54:27.335Z] [ACCESS] GET /api/elderly/profile/69a07938c340cede98668815 - ::1
[2026-03-13T14:54:27.349Z] [ACCESS] GET /api/elderly/posts/user/69a07938c340cede98668815 - ::1
[2026-03-13T14:54:27.671Z] [ACCESS] GET /api/sos/history - ::1
[2026-03-13T14:54:27.675Z] [ACCESS] GET /api/chat/chats - ::1
[2026-03-13T14:54:27.678Z] [ACCESS] GET /api/follow/status/69a07938c340cede98668815 - ::1
[2026-03-13T14:54:27.684Z] [ACCESS] GET /api/follow/followers/69a07938c340cede98668815 - ::1
[2026-03-13T14:54:27.754Z] [ACCESS] GET /api/sos/history - ::1
[2026-03-13T14:54:27.761Z] [ACCESS] GET /api/follow/status/69a07938c340cede98668815 - ::1
[2026-03-13T14:54:27.779Z] [ACCESS] GET /api/chat/chats - ::1
[2026-03-13T14:54:27.793Z] [ACCESS] GET /api/follow/followers/69a07938c340cede98668815 - ::1
[2026-03-13T14:54:27.838Z] [ACCESS] GET /api/follow/following/69a07938c340cede98668815 - ::1
[2026-03-13T14:54:27.883Z] [ACCESS] GET /api/follow/following/69a07938c340cede98668815 - ::1
[2026-03-13T14:54:33.234Z] [ACCESS] POST /api/elderly/posts/69a07ad0c340cede98668987/share - ::1
[2026-03-13T14:54:42.910Z] [ACCESS] GET /api/elderly/profile/69a07b5cc340cede9866898c - ::1
[2026-03-13T14:54:42.914Z] [ACCESS] GET /api/elderly/posts/user/69a07b5cc340cede9866898c - ::1
[2026-03-13T14:54:42.949Z] [ACCESS] GET /api/follow/status/69a07938c340cede98668815 - ::1
[2026-03-13T14:54:42.953Z] [ACCESS] GET /api/follow/followers/69a07938c340cede98668815 - ::1
[2026-03-13T14:54:43.036Z] [ACCESS] GET /api/follow/following/69a07938c340cede98668815 - ::1
[2026-03-13T14:54:43.061Z] [ACCESS] GET /api/sos/history - ::1
[2026-03-13T14:54:43.066Z] [ACCESS] GET /api/chat/chats - ::1
[2026-03-13T14:54:43.100Z] [ACCESS] GET /api/chat/chats - ::1
[2026-03-13T14:54:43.118Z] [ACCESS] GET /api/sos/history - ::1
[2026-03-13T14:54:45.591Z] [ACCESS] GET /api/follow/feed - ::1
[2026-03-13T14:54:45.651Z] [ACCESS] GET /api/sos/history - ::1
[2026-03-13T14:54:45.657Z] [ACCESS] GET /api/chat/chats - ::1
[2026-03-13T14:54:45.672Z] [ACCESS] GET /api/follow/feed - ::1
[2026-03-13T14:54:45.714Z] [ACCESS] GET /api/sos/history - ::1
[2026-03-13T14:54:45.721Z] [ACCESS] GET /api/chat/chats - ::1
[2026-03-13T14:54:58.223Z] [ACCESS] GET /api/elderly/profile/69a07b5cc340cede9866898c - ::1
[2026-03-13T14:54:58.226Z] [ACCESS] GET /api/elderly/posts/user/69a07b5cc340cede9866898c - ::1
[2026-03-13T14:54:58.255Z] [ACCESS] GET /api/elderly/profile/69a07b5cc340cede9866898c - ::1
[2026-03-13T14:54:58.267Z] [ACCESS] GET /api/elderly/posts/user/69a07b5cc340cede9866898c - ::1
[2026-03-13T14:54:58.359Z] [ACCESS] GET /api/sos/history - ::1
[2026-03-13T14:54:58.371Z] [ACCESS] GET /api/chat/chats - ::1
[2026-03-13T14:54:58.394Z] [ACCESS] GET /api/sos/history - ::1
[2026-03-13T14:54:58.409Z] [ACCESS] GET /api/chat/chats - ::1
[2026-03-13T14:55:01.924Z] [ACCESS] GET /api/follow/feed - ::1
[2026-03-13T14:55:01.932Z] [ACCESS] GET /api/sos/history - ::1
[2026-03-13T14:55:01.934Z] [ACCESS] GET /api/chat/chats - ::1
[2026-03-13T14:55:02.034Z] [ACCESS] GET /api/sos/history - ::1
[2026-03-13T14:55:02.052Z] [ACCESS] GET /api/chat/chats - ::1
[2026-03-13T14:55:02.090Z] [ACCESS] GET /api/follow/feed - ::1
[2026-03-13T14:55:32.579Z] [ACCESS] GET /api/chat/chats - ::1
[2026-03-13T14:56:02.206Z] [ACCESS] GET /api/chat/chats - ::1
[2026-03-13T14:56:32.196Z] [ACCESS] GET /api/chat/chats - ::1
[2026-03-13T14:57:02.214Z] [ACCESS] GET /api/chat/chats - ::1
[2026-03-13T14:57:32.318Z] [ACCESS] GET /api/chat/chats - ::1
[2026-03-13T14:58:02.477Z] [ACCESS] GET /api/chat/chats - ::1
[2026-03-13T14:58:19.324Z] [ACCESS] GET /api/follow/feed - ::1
[2026-03-13T14:58:19.367Z] [ACCESS] GET /api/sos/history - ::1
[2026-03-13T14:58:21.604Z] [ACCESS] GET /api/follow/feed - ::1
[2026-03-13T14:58:21.668Z] [ACCESS] GET /api/sos/history - ::1
[2026-03-13T14:58:21.670Z] [ACCESS] GET /api/chat/chats - ::1
[2026-03-13T14:58:21.672Z] [ACCESS] GET /api/follow/feed - ::1
[2026-03-13T14:58:21.703Z] [ACCESS] GET /api/sos/history - ::1
[2026-03-13T14:58:21.726Z] [ACCESS] GET /api/chat/chats - ::1
[2026-03-13T14:58:25.212Z] [ACCESS] GET /api/elderly/profile/69a07938c340cede98668815 - ::1
[2026-03-13T14:58:25.217Z] [ACCESS] GET /api/elderly/posts/user/69a07938c340cede98668815 - ::1
[2026-03-13T14:58:25.236Z] [ACCESS] GET /api/elderly/profile/69a07938c340cede98668815 - ::1
[2026-03-13T14:58:25.250Z] [ACCESS] GET /api/elderly/posts/user/69a07938c340cede98668815 - ::1
[2026-03-13T14:58:25.286Z] [ACCESS] GET /api/sos/history - ::1
[2026-03-13T14:58:25.289Z] [ACCESS] GET /api/chat/chats - ::1
[2026-03-13T14:58:25.293Z] [ACCESS] GET /api/follow/status/69a07938c340cede98668815 - ::1
[2026-03-13T14:58:25.297Z] [ACCESS] GET /api/follow/followers/69a07938c340cede98668815 - ::1
[2026-03-13T14:58:25.319Z] [ACCESS] GET /api/sos/history - ::1
[2026-03-13T14:58:25.331Z] [ACCESS] GET /api/follow/status/69a07938c340cede98668815 - ::1
[2026-03-13T14:58:25.359Z] [ACCESS] GET /api/chat/chats - ::1
[2026-03-13T14:58:25.362Z] [ACCESS] GET /api/follow/followers/69a07938c340cede98668815 - ::1
[2026-03-13T14:58:25.377Z] [ACCESS] GET /api/follow/following/69a07938c340cede98668815 - ::1
[2026-03-13T14:58:25.394Z] [ACCESS] GET /api/follow/following/69a07938c340cede98668815 - ::1
[2026-03-13T14:58:26.905Z] [ACCESS] GET /api/follow/feed - ::1
[2026-03-13T14:58:26.932Z] [ACCESS] GET /api/sos/history - ::1
[2026-03-13T14:58:26.935Z] [ACCESS] GET /api/chat/chats - ::1
[2026-03-13T14:58:26.958Z] [ACCESS] GET /api/sos/history - ::1
[2026-03-13T14:58:26.964Z] [ACCESS] GET /api/follow/feed - ::1
[2026-03-13T14:58:26.991Z] [ACCESS] GET /api/chat/chats - ::1
[2026-03-13T14:58:29.332Z] [ACCESS] GET /api/elderly/profile/69a07938c340cede98668815 - ::1
[2026-03-13T14:58:29.335Z] [ACCESS] GET /api/elderly/posts/user/69a07938c340cede98668815 - ::1
[2026-03-13T14:58:29.346Z] [ACCESS] GET /api/elderly/profile/69a07938c340cede98668815 - ::1
[2026-03-13T14:58:29.360Z] [ACCESS] GET /api/elderly/posts/user/69a07938c340cede98668815 - ::1
[2026-03-13T14:58:29.396Z] [ACCESS] GET /api/sos/history - ::1
[2026-03-13T14:58:29.399Z] [ACCESS] GET /api/chat/chats - ::1
[2026-03-13T14:58:29.402Z] [ACCESS] GET /api/follow/status/69a07938c340cede98668815 - ::1
[2026-03-13T14:58:29.404Z] [ACCESS] GET /api/follow/followers/69a07938c340cede98668815 - ::1
[2026-03-13T14:58:29.440Z] [ACCESS] GET /api/sos/history - ::1
[2026-03-13T14:58:29.446Z] [ACCESS] GET /api/follow/followers/69a07938c340cede98668815 - ::1
[2026-03-13T14:58:29.444Z] [ACCESS] GET /api/chat/chats - ::1
[2026-03-13T14:58:29.458Z] [ACCESS] GET /api/follow/status/69a07938c340cede98668815 - ::1
[2026-03-13T14:58:29.471Z] [ACCESS] GET /api/follow/following/69a07938c340cede98668815 - ::1
[2026-03-13T14:58:29.504Z] [ACCESS] GET /api/follow/following/69a07938c340cede98668815 - ::1
[2026-03-13T14:58:30.492Z] [ACCESS] GET /api/follow/feed - ::1
[2026-03-13T14:58:30.520Z] [ACCESS] GET /api/chat/chats - ::1
[2026-03-13T14:58:30.525Z] [ACCESS] GET /api/sos/history - ::1
[2026-03-13T14:58:30.562Z] [ACCESS] GET /api/sos/history - ::1
[2026-03-13T14:58:30.570Z] [ACCESS] GET /api/follow/feed - ::1
[2026-03-13T14:58:30.587Z] [ACCESS] GET /api/chat/chats - ::1
[2026-03-13T14:58:31.979Z] [ACCESS] GET /api/elderly/profile/69a07b5cc340cede9866898c - ::1
[2026-03-13T14:58:31.987Z] [ACCESS] GET /api/elderly/posts/user/69a07b5cc340cede9866898c - ::1
[2026-03-13T14:58:32.001Z] [ACCESS] GET /api/elderly/profile/69a07b5cc340cede9866898c - ::1
[2026-03-13T14:58:32.011Z] [ACCESS] GET /api/elderly/posts/user/69a07b5cc340cede9866898c - ::1
[2026-03-13T14:58:32.074Z] [ACCESS] GET /api/sos/history - ::1
[2026-03-13T14:58:32.077Z] [ACCESS] GET /api/chat/chats - ::1
[2026-03-13T14:58:32.104Z] [ACCESS] GET /api/sos/history - ::1
[2026-03-13T14:58:32.112Z] [ACCESS] GET /api/chat/chats - ::1
[2026-03-13T14:59:02.256Z] [ACCESS] GET /api/chat/chats - ::1
[2026-03-13T14:59:32.194Z] [ACCESS] GET /api/chat/chats - ::1
[2026-03-13T15:00:02.199Z] [ACCESS] GET /api/chat/chats - ::1
[2026-03-13T15:00:32.194Z] [ACCESS] GET /api/chat/chats - ::1
[2026-03-13T15:01:02.220Z] [ACCESS] GET /api/chat/chats - ::1
[2026-03-13T15:01:32.206Z] [ACCESS] GET /api/chat/chats - ::1
[2026-03-13T15:02:41.195Z] [ACCESS] GET /api/chat/chats - ::1
[2026-03-13T15:03:41.260Z] [ACCESS] GET /api/chat/chats - ::1
[2026-03-13T15:18:55.962Z] [ACCESS] GET /api/chat/chats - ::1
[2026-03-13T15:18:56.530Z] [ACCESS] GET /api/elderly/profile/69a07b5cc340cede9866898c - ::1
[2026-03-13T15:18:56.532Z] [ACCESS] GET /api/elderly/posts/user/69a07b5cc340cede9866898c - ::1
[2026-03-13T15:18:56.548Z] [ACCESS] GET /api/elderly/profile/69a07b5cc340cede9866898c - ::1
[2026-03-13T15:18:56.562Z] [ACCESS] GET /api/elderly/posts/user/69a07b5cc340cede9866898c - ::1
[2026-03-13T15:18:56.604Z] [ACCESS] GET /api/sos/history - ::1
[2026-03-13T15:18:56.612Z] [ACCESS] GET /api/chat/chats - ::1
[2026-03-13T15:18:56.630Z] [ACCESS] GET /api/sos/history - ::1
[2026-03-13T15:18:56.649Z] [ACCESS] GET /api/chat/chats - ::1
[2026-03-13T15:18:59.237Z] [ACCESS] GET /api/follow/following/69a07b5cc340cede9866898c - ::1
[2026-03-13T15:19:02.606Z] [ACCESS] GET /api/follow/feed - ::1
[2026-03-13T15:19:02.619Z] [ACCESS] GET /api/sos/history - ::1
[2026-03-13T15:19:02.620Z] [ACCESS] GET /api/chat/chats - ::1
[2026-03-13T15:19:02.641Z] [ACCESS] GET /api/sos/history - ::1
[2026-03-13T15:19:02.647Z] [ACCESS] GET /api/chat/chats - ::1
[2026-03-13T15:19:02.653Z] [ACCESS] GET /api/follow/feed - ::1
[2026-03-13T15:19:04.189Z] [ACCESS] GET /api/elderly/profile/69a07938c340cede98668815 - ::1
[2026-03-13T15:19:04.191Z] [ACCESS] GET /api/elderly/posts/user/69a07938c340cede98668815 - ::1
[2026-03-13T15:19:04.198Z] [ACCESS] GET /api/elderly/profile/69a07938c340cede98668815 - ::1
[2026-03-13T15:19:04.209Z] [ACCESS] GET /api/elderly/posts/user/69a07938c340cede98668815 - ::1
[2026-03-13T15:19:04.232Z] [ACCESS] GET /api/sos/history - ::1
[2026-03-13T15:19:04.238Z] [ACCESS] GET /api/chat/chats - ::1
[2026-03-13T15:19:04.240Z] [ACCESS] GET /api/follow/status/69a07938c340cede98668815 - ::1
[2026-03-13T15:19:04.242Z] [ACCESS] GET /api/follow/followers/69a07938c340cede98668815 - ::1
[2026-03-13T15:19:04.262Z] [ACCESS] GET /api/sos/history - ::1
[2026-03-13T15:19:04.267Z] [ACCESS] GET /api/follow/status/69a07938c340cede98668815 - ::1
[2026-03-13T15:19:04.280Z] [ACCESS] GET /api/chat/chats - ::1
[2026-03-13T15:19:04.282Z] [ACCESS] GET /api/follow/followers/69a07938c340cede98668815 - ::1
[2026-03-13T15:19:04.303Z] [ACCESS] GET /api/follow/following/69a07938c340cede98668815 - ::1
[2026-03-13T15:19:04.315Z] [ACCESS] GET /api/follow/following/69a07938c340cede98668815 - ::1
[2026-03-13T15:19:05.688Z] [ACCESS] GET /api/follow/feed - ::1
[2026-03-13T15:19:05.705Z] [ACCESS] GET /api/follow/feed - ::1
[2026-03-13T15:19:05.712Z] [ACCESS] GET /api/sos/history - ::1
[2026-03-13T15:19:05.726Z] [ACCESS] GET /api/sos/history - ::1
[2026-03-13T15:19:05.743Z] [ACCESS] GET /api/chat/chats - ::1
[2026-03-13T15:19:05.765Z] [ACCESS] GET /api/chat/chats - ::1
[2026-03-13T15:19:08.916Z] [ACCESS] GET /api/elderly/profile/69a07b5cc340cede9866898c - ::1
[2026-03-13T15:19:08.921Z] [ACCESS] GET /api/elderly/posts/user/69a07b5cc340cede9866898c - ::1
[2026-03-13T15:19:08.931Z] [ACCESS] GET /api/elderly/profile/69a07b5cc340cede9866898c - ::1
[2026-03-13T15:19:08.937Z] [ACCESS] GET /api/elderly/posts/user/69a07b5cc340cede9866898c - ::1
[2026-03-13T15:19:08.978Z] [ACCESS] GET /api/sos/history - ::1
[2026-03-13T15:19:08.980Z] [ACCESS] GET /api/chat/chats - ::1
[2026-03-13T15:19:08.997Z] [ACCESS] GET /api/sos/history - ::1
[2026-03-13T15:19:09.040Z] [ACCESS] GET /api/chat/chats - ::1
[2026-03-13T15:19:11.516Z] [ACCESS] GET /api/follow/feed - ::1
[2026-03-13T15:19:11.528Z] [ACCESS] GET /api/sos/history - ::1
[2026-03-13T15:19:11.532Z] [ACCESS] GET /api/chat/chats - ::1
[2026-03-13T15:19:11.548Z] [ACCESS] GET /api/sos/history - ::1
[2026-03-13T15:19:11.554Z] [ACCESS] GET /api/chat/chats - ::1
[2026-03-13T15:19:11.562Z] [ACCESS] GET /api/follow/feed - ::1
[2026-03-13T15:19:13.699Z] [ACCESS] GET /api/elderly/profile/69a07b5cc340cede9866898c - ::1
[2026-03-13T15:19:13.704Z] [ACCESS] GET /api/elderly/posts/user/69a07b5cc340cede9866898c - ::1
[2026-03-13T15:19:13.713Z] [ACCESS] GET /api/elderly/profile/69a07b5cc340cede9866898c - ::1
[2026-03-13T15:19:13.719Z] [ACCESS] GET /api/elderly/posts/user/69a07b5cc340cede9866898c - ::1
[2026-03-13T15:19:13.755Z] [ACCESS] GET /api/sos/history - ::1
[2026-03-13T15:19:13.767Z] [ACCESS] GET /api/sos/history - ::1
[2026-03-13T15:19:13.774Z] [ACCESS] GET /api/chat/chats - ::1
[2026-03-13T15:19:13.783Z] [ACCESS] GET /api/chat/chats - ::1
[2026-03-30T08:34:17.761Z] [ACCESS] POST /api/elderly/login - ::1
[2026-03-30T08:34:18.134Z] [ACCESS] GET /api/follow/feed - ::1
[2026-03-30T08:34:18.177Z] [ACCESS] GET /api/follow/feed - ::1
[2026-03-30T08:34:18.193Z] [ACCESS] GET /api/sos/history - ::1
[2026-03-30T08:34:18.196Z] [ACCESS] GET /api/chat/chats - ::1
[2026-03-30T08:34:18.217Z] [ACCESS] GET /api/sos/history - ::1
[2026-03-30T08:34:18.238Z] [ACCESS] GET /api/chat/chats - ::1
[2026-03-30T08:34:33.972Z] [ACCESS] GET /api/elderly/profile/69a07938c340cede98668815 - ::1
[2026-03-30T08:34:33.996Z] [ACCESS] GET /api/elderly/posts/user/69a07938c340cede98668815 - ::1
[2026-03-30T08:34:33.987Z] [ACCESS] GET /api/elderly/profile/69a07938c340cede98668815 - ::1
[2026-03-30T08:34:33.975Z] [ACCESS] GET /api/elderly/posts/user/69a07938c340cede98668815 - ::1
[2026-03-30T08:34:34.024Z] [ACCESS] GET /api/sos/history - ::1
[2026-03-30T08:34:34.032Z] [ACCESS] GET /api/sos/history - ::1
[2026-03-30T08:34:34.041Z] [ACCESS] GET /api/chat/chats - ::1
[2026-03-30T08:34:34.052Z] [ACCESS] GET /api/chat/chats - ::1
[2026-03-30T08:34:41.177Z] [ACCESS] GET /api/chat/chats - ::1
[2026-03-30T08:34:41.189Z] [ACCESS] GET /api/elderly/users/all - ::1
[2026-03-30T08:34:41.192Z] [ACCESS] GET /api/elderly/users/suggested?limit=3 - ::1
[2026-03-30T08:34:41.201Z] [ACCESS] GET /api/chat/chats - ::1
[2026-03-30T08:34:41.304Z] [ACCESS] GET /api/elderly/users/suggested?limit=3 - ::1
[2026-03-30T08:34:41.309Z] [ACCESS] GET /api/elderly/users/all - ::1
[2026-03-30T08:34:41.418Z] [ACCESS] GET /api/follow/status/69a07d12c340cede98668a79 - ::1
[2026-03-30T08:34:41.421Z] [ACCESS] GET /api/follow/status/69a07e11c340cede98668aff - ::1
[2026-03-30T08:34:41.450Z] [ACCESS] GET /api/follow/status/69a07c4fc340cede986689f9 - ::1
[2026-03-30T08:34:41.454Z] [ACCESS] GET /api/follow/status/69a07b5cc340cede9866898c - ::1
[2026-03-30T08:34:41.475Z] [ACCESS] GET /api/follow/status/69a07d12c340cede98668a79 - ::1
[2026-03-30T08:34:41.472Z] [ACCESS] GET /api/sos/history - ::1
[2026-03-30T08:34:41.477Z] [ACCESS] GET /api/follow/status/69a07e11c340cede98668aff - ::1
[2026-03-30T08:34:41.499Z] [ACCESS] GET /api/follow/status/69a07c4fc340cede986689f9 - ::1
[2026-03-30T08:34:41.507Z] [ACCESS] GET /api/follow/status/69a07b5cc340cede9866898c - ::1
[2026-03-30T08:34:41.515Z] [ACCESS] GET /api/sos/history - ::1
[2026-03-30T08:34:56.053Z] [ACCESS] GET /api/follow/feed - ::1
[2026-03-30T08:34:56.062Z] [ACCESS] GET /api/sos/history - ::1
[2026-03-30T08:34:56.066Z] [ACCESS] GET /api/chat/chats - ::1
[2026-03-30T08:34:56.084Z] [ACCESS] GET /api/sos/history - ::1
[2026-03-30T08:34:56.093Z] [ACCESS] GET /api/chat/chats - ::1
[2026-03-30T08:34:56.096Z] [ACCESS] GET /api/follow/feed - ::1
[2026-03-30T08:35:09.609Z] [ACCESS] GET /api/elderly/profile/69a07938c340cede98668815 - ::1
[2026-03-30T08:35:09.611Z] [ACCESS] GET /api/elderly/posts/user/69a07938c340cede98668815 - ::1
[2026-03-30T08:35:09.620Z] [ACCESS] GET /api/elderly/profile/69a07938c340cede98668815 - ::1
[2026-03-30T08:35:09.627Z] [ACCESS] GET /api/elderly/posts/user/69a07938c340cede98668815 - ::1
[2026-03-30T08:35:09.655Z] [ACCESS] GET /api/sos/history - ::1
[2026-03-30T08:35:09.662Z] [ACCESS] GET /api/sos/history - ::1
[2026-03-30T08:35:09.678Z] [ACCESS] GET /api/chat/chats - ::1
[2026-03-30T08:35:09.687Z] [ACCESS] GET /api/chat/chats - ::1
[2026-03-30T08:35:10.465Z] [ACCESS] GET /api/follow/feed - ::1
[2026-03-30T08:35:10.479Z] [ACCESS] GET /api/sos/history - ::1
[2026-03-30T08:35:10.484Z] [ACCESS] GET /api/chat/chats - ::1
[2026-03-30T08:35:10.493Z] [ACCESS] GET /api/follow/feed - ::1
[2026-03-30T08:35:10.498Z] [ACCESS] GET /api/sos/history - ::1
[2026-03-30T08:35:10.507Z] [ACCESS] GET /api/chat/chats - ::1
[2026-03-30T08:35:41.394Z] [ACCESS] GET /api/chat/chats - ::1
[2026-03-30T08:36:11.404Z] [ACCESS] GET /api/chat/chats - ::1
[2026-03-30T08:36:40.484Z] [ACCESS] GET /api/chat/chats - ::1
[2026-03-30T08:36:45.786Z] [ACCESS] GET /api/elderly/profile/69a07938c340cede98668815 - ::1
[2026-03-30T08:36:45.793Z] [ACCESS] GET /api/elderly/posts/user/69a07938c340cede98668815 - ::1
[2026-03-30T08:36:45.795Z] [ACCESS] GET /api/elderly/profile/69a07938c340cede98668815 - ::1
[2026-03-30T08:36:45.809Z] [ACCESS] GET /api/elderly/posts/user/69a07938c340cede98668815 - ::1
[2026-03-30T08:36:45.839Z] [ACCESS] GET /api/sos/history - ::1
[2026-03-30T08:36:45.845Z] [ACCESS] GET /api/sos/history - ::1
[2026-03-30T08:36:45.860Z] [ACCESS] GET /api/chat/chats - ::1
[2026-03-30T08:36:45.872Z] [ACCESS] GET /api/chat/chats - ::1
[2026-03-30T08:36:47.309Z] [ACCESS] GET /api/chat/chats - ::1
[2026-03-30T08:36:47.318Z] [ACCESS] GET /api/elderly/users/suggested?limit=3 - ::1
[2026-03-30T08:36:47.316Z] [ACCESS] GET /api/elderly/users/all - ::1
[2026-03-30T08:36:47.327Z] [ACCESS] GET /api/chat/chats - ::1
[2026-03-30T08:36:47.369Z] [ACCESS] GET /api/elderly/users/all - ::1
[2026-03-30T08:36:47.381Z] [ACCESS] GET /api/sos/history - ::1
[2026-03-30T08:36:47.386Z] [ACCESS] GET /api/elderly/users/suggested?limit=3 - ::1
[2026-03-30T08:36:47.396Z] [ACCESS] GET /api/follow/status/69a07d12c340cede98668a79 - ::1
[2026-03-30T08:36:47.401Z] [ACCESS] GET /api/follow/status/69a07e11c340cede98668aff - ::1
[2026-03-30T08:36:47.404Z] [ACCESS] GET /api/follow/status/69a07b5cc340cede9866898c - ::1
[2026-03-30T08:36:47.484Z] [ACCESS] GET /api/follow/status/69a07c4fc340cede986689f9 - ::1
[2026-03-30T08:36:47.487Z] [ACCESS] GET /api/sos/history - ::1
[2026-03-30T08:36:47.501Z] [ACCESS] GET /api/follow/status/69a07d12c340cede98668a79 - ::1
[2026-03-30T08:36:47.507Z] [ACCESS] GET /api/follow/status/69a07e11c340cede98668aff - ::1
[2026-03-30T08:36:47.515Z] [ACCESS] GET /api/follow/status/69a07c4fc340cede986689f9 - ::1
[2026-03-30T08:36:47.518Z] [ACCESS] GET /api/follow/status/69a07b5cc340cede9866898c - ::1
[2026-03-30T08:36:48.684Z] [ACCESS] GET /api/sos/history - ::1
[2026-03-30T08:36:48.693Z] [ACCESS] GET /api/chat/chats - ::1
[2026-03-30T08:36:48.702Z] [ACCESS] GET /api/sos/history - ::1
[2026-03-30T08:36:48.709Z] [ACCESS] GET /api/chat/chats - ::1
[2026-03-30T08:36:48.719Z] [ACCESS] GET /api/chat/chats - ::1
[2026-03-30T08:36:48.729Z] [ACCESS] GET /api/chat/chats - ::1
[2026-03-30T08:36:48.738Z] [ACCESS] GET /api/chat/chats - ::1
[2026-03-30T08:36:51.378Z] [ACCESS] GET /api/chat/messages/69a079cec340cede9866885d?page=1 - ::1
[2026-03-30T08:36:52.978Z] [ACCESS] GET /api/chat/messages/69a11eb71851e457dd13da59?page=1 - ::1
[2026-03-30T08:36:55.194Z] [ACCESS] GET /api/chat/messages/69b424eadf06d1e69c022be9?page=1 - ::1
[2026-03-30T08:36:56.240Z] [ACCESS] GET /api/follow/feed - ::1
[2026-03-30T08:36:56.260Z] [ACCESS] GET /api/sos/history - ::1
[2026-03-30T08:36:56.264Z] [ACCESS] GET /api/chat/chats - ::1
[2026-03-30T08:36:56.275Z] [ACCESS] GET /api/follow/feed - ::1
[2026-03-30T08:36:56.277Z] [ACCESS] GET /api/sos/history - ::1
[2026-03-30T08:36:56.287Z] [ACCESS] GET /api/chat/chats - ::1
[2026-03-30T08:37:26.397Z] [ACCESS] GET /api/chat/chats - ::1
[2026-03-30T08:37:56.394Z] [ACCESS] GET /api/chat/chats - ::1
[2026-03-30T08:38:26.400Z] [ACCESS] GET /api/chat/chats - ::1
[2026-03-30T08:38:51.426Z] [ACCESS] GET /api/follow/feed - ::1
[2026-03-30T08:38:51.445Z] [ACCESS] GET /api/sos/history - ::1
[2026-03-30T08:38:55.901Z] [ACCESS] GET /api/follow/feed - ::1
[2026-03-30T08:38:55.921Z] [ACCESS] GET /api/follow/feed - ::1
[2026-03-30T08:38:55.945Z] [ACCESS] GET /api/sos/history - ::1
[2026-03-30T08:38:55.955Z] [ACCESS] GET /api/sos/history - ::1
[2026-03-30T08:38:55.965Z] [ACCESS] GET /api/chat/chats - ::1
[2026-03-30T08:38:55.978Z] [ACCESS] GET /api/chat/chats - ::1
[2026-03-30T08:39:03.964Z] [ACCESS] GET /api/follow/feed - ::1
[2026-03-30T08:39:04.006Z] [ACCESS] GET /api/sos/history - ::1
[2026-03-30T08:39:04.009Z] [ACCESS] GET /api/chat/chats - ::1
[2026-03-30T08:39:04.012Z] [ACCESS] GET /api/follow/feed - ::1
[2026-03-30T08:39:04.033Z] [ACCESS] GET /api/sos/history - ::1
[2026-03-30T08:39:04.046Z] [ACCESS] GET /api/chat/chats - ::1
[2026-03-30T08:39:35.316Z] [ACCESS] GET /api/chat/chats - ::1
[2026-03-30T08:40:04.004Z] [ACCESS] GET /api/chat/chats - ::1
[2026-03-30T08:40:34.002Z] [ACCESS] GET /api/chat/chats - ::1
[2026-03-30T08:41:04.004Z] [ACCESS] GET /api/chat/chats - ::1
[2026-03-30T08:41:34.004Z] [ACCESS] GET /api/chat/chats - ::1
[2026-03-30T08:42:04.002Z] [ACCESS] GET /api/chat/chats - ::1
[2026-03-30T08:42:34.004Z] [ACCESS] GET /api/chat/chats - ::1
[2026-03-30T08:43:04.004Z] [ACCESS] GET /api/chat/chats - ::1
[2026-03-30T08:43:34.003Z] [ACCESS] GET /api/chat/chats - ::1
[2026-03-30T08:44:04.004Z] [ACCESS] GET /api/chat/chats - ::1
[2026-03-30T08:44:34.002Z] [ACCESS] GET /api/chat/chats - ::1
[2026-03-30T08:45:04.001Z] [ACCESS] GET /api/chat/chats - ::1
[2026-03-30T08:45:34.003Z] [ACCESS] GET /api/chat/chats - ::1
[2026-03-30T08:46:04.004Z] [ACCESS] GET /api/chat/chats - ::1
[2026-03-30T08:46:34.003Z] [ACCESS] GET /api/chat/chats - ::1
[2026-03-30T08:47:04.004Z] [ACCESS] GET /api/chat/chats - ::1
[2026-03-30T08:47:34.003Z] [ACCESS] GET /api/chat/chats - ::1
[2026-03-30T08:48:04.004Z] [ACCESS] GET /api/chat/chats - ::1
[2026-03-30T08:48:34.003Z] [ACCESS] GET /api/chat/chats - ::1
[2026-03-30T08:49:04.003Z] [ACCESS] GET /api/chat/chats - ::1
[2026-03-30T08:49:34.003Z] [ACCESS] GET /api/chat/chats - ::1
[2026-03-30T08:50:04.001Z] [ACCESS] GET /api/chat/chats - ::1
[2026-03-30T08:50:34.002Z] [ACCESS] GET /api/chat/chats - ::1
[2026-03-30T08:51:04.003Z] [ACCESS] GET /api/chat/chats - ::1
[2026-03-30T08:51:34.004Z] [ACCESS] GET /api/chat/chats - ::1
[2026-03-30T08:52:04.004Z] [ACCESS] GET /api/chat/chats - ::1
[2026-03-30T08:52:34.004Z] [ACCESS] GET /api/chat/chats - ::1
[2026-03-30T08:53:04.004Z] [ACCESS] GET /api/chat/chats - ::1
[2026-03-30T08:53:34.001Z] [ACCESS] GET /api/chat/chats - ::1
[2026-03-30T08:54:04.002Z] [ACCESS] GET /api/chat/chats - ::1
[2026-03-30T08:54:34.003Z] [ACCESS] GET /api/chat/chats - ::1
[2026-03-30T08:55:04.004Z] [ACCESS] GET /api/chat/chats - ::1
[2026-03-30T08:55:34.003Z] [ACCESS] GET /api/chat/chats - ::1
[2026-03-30T08:56:04.001Z] [ACCESS] GET /api/chat/chats - ::1
[2026-03-30T08:56:34.004Z] [ACCESS] GET /api/chat/chats - ::1
[2026-03-30T08:57:04.003Z] [ACCESS] GET /api/chat/chats - ::1
[2026-03-30T08:57:34.007Z] [ACCESS] GET /api/chat/chats - ::1
[2026-03-30T08:57:43.389Z] [ACCESS] GET /api/follow/feed - ::1
[2026-03-30T08:57:43.410Z] [ACCESS] GET /api/sos/history - ::1
[2026-03-30T08:57:47.408Z] [ACCESS] GET /api/follow/feed - ::1
[2026-03-30T08:57:47.430Z] [ACCESS] GET /api/follow/feed - ::1
[2026-03-30T08:57:47.451Z] [ACCESS] GET /api/sos/history - ::1
[2026-03-30T08:57:47.461Z] [ACCESS] GET /api/sos/history - ::1
[2026-03-30T08:57:47.473Z] [ACCESS] GET /api/chat/chats - ::1
[2026-03-30T08:57:47.485Z] [ACCESS] GET /api/chat/chats - ::1
[2026-03-30T08:57:53.117Z] [ACCESS] GET /api/elderly/posts/user/69a07938c340cede98668815 - ::1
[2026-03-30T08:57:53.119Z] [ACCESS] GET /api/elderly/profile/69a07938c340cede98668815 - ::1
[2026-03-30T08:57:53.129Z] [ACCESS] GET /api/elderly/profile/69a07938c340cede98668815 - ::1
[2026-03-30T08:57:53.133Z] [ACCESS] GET /api/elderly/posts/user/69a07938c340cede98668815 - ::1
[2026-03-30T08:57:53.168Z] [ACCESS] GET /api/sos/history - ::1
[2026-03-30T08:57:53.182Z] [ACCESS] GET /api/sos/history - ::1
[2026-03-30T08:57:53.266Z] [ACCESS] GET /api/chat/chats - ::1
[2026-03-30T08:57:53.279Z] [ACCESS] GET /api/chat/chats - ::1
[2026-03-30T08:57:54.222Z] [ACCESS] GET /api/follow/feed - ::1
[2026-03-30T08:57:54.236Z] [ACCESS] GET /api/sos/history - ::1
[2026-03-30T08:57:54.238Z] [ACCESS] GET /api/chat/chats - ::1
[2026-03-30T08:57:54.240Z] [ACCESS] GET /api/follow/feed - ::1
[2026-03-30T08:57:54.250Z] [ACCESS] GET /api/sos/history - ::1
[2026-03-30T08:57:54.261Z] [ACCESS] GET /api/chat/chats - ::1
[2026-03-30T08:58:24.398Z] [ACCESS] GET /api/chat/chats - ::1
[2026-03-30T08:58:54.397Z] [ACCESS] GET /api/chat/chats - ::1
[2026-03-30T08:59:24.394Z] [ACCESS] GET /api/chat/chats - ::1
[2026-03-30T08:59:54.410Z] [ACCESS] GET /api/chat/chats - ::1
[2026-03-30T09:00:24.397Z] [ACCESS] GET /api/chat/chats - ::1
[2026-03-30T09:00:54.404Z] [ACCESS] GET /api/chat/chats - ::1
[2026-03-30T09:01:31.372Z] [ACCESS] GET /api/chat/chats - ::1
[2026-03-30T09:01:35.260Z] [ACCESS] GET /api/chat/chats - ::1
[2026-03-30T09:01:35.265Z] [ACCESS] GET /api/follow/feed - ::1
[2026-03-30T09:01:35.285Z] [ACCESS] GET /api/chat/chats - ::1
[2026-03-30T09:01:35.315Z] [ACCESS] GET /api/sos/history - ::1
[2026-03-30T09:01:44.469Z] [ACCESS] GET /api/follow/feed - ::1
[2026-03-30T09:01:44.487Z] [ACCESS] GET /api/follow/feed - ::1
[2026-03-30T09:01:44.599Z] [ACCESS] GET /api/sos/history - ::1
[2026-03-30T09:01:44.615Z] [ACCESS] GET /api/sos/history - ::1
[2026-03-30T09:01:44.617Z] [ACCESS] GET /api/chat/chats - ::1
[2026-03-30T09:01:44.629Z] [ACCESS] GET /api/chat/chats - ::1
[2026-03-30T09:02:04.998Z] [ACCESS] GET /api/elderly/profile/69a07938c340cede98668815 - ::1
[2026-03-30T09:02:05.001Z] [ACCESS] GET /api/elderly/posts/user/69a07938c340cede98668815 - ::1
[2026-03-30T09:02:05.010Z] [ACCESS] GET /api/elderly/profile/69a07938c340cede98668815 - ::1
[2026-03-30T09:02:05.017Z] [ACCESS] GET /api/elderly/posts/user/69a07938c340cede98668815 - ::1
[2026-03-30T09:02:05.074Z] [ACCESS] GET /api/sos/history - ::1
[2026-03-30T09:02:05.084Z] [ACCESS] GET /api/chat/chats - ::1
[2026-03-30T09:02:05.089Z] [ACCESS] GET /api/sos/history - ::1
[2026-03-30T09:02:05.114Z] [ACCESS] GET /api/chat/chats - ::1
[2026-03-30T09:02:10.218Z] [ACCESS] GET /api/follow/feed - ::1
[2026-03-30T09:02:10.236Z] [ACCESS] GET /api/follow/feed - ::1
[2026-03-30T09:02:10.261Z] [ACCESS] GET /api/sos/history - ::1
[2026-03-30T09:02:10.276Z] [ACCESS] GET /api/sos/history - ::1
[2026-03-30T09:02:10.274Z] [ACCESS] GET /api/chat/chats - ::1
[2026-03-30T09:02:10.287Z] [ACCESS] GET /api/chat/chats - ::1
[2026-03-30T09:02:40.267Z] [ACCESS] GET /api/chat/chats - ::1
[2026-03-31T03:17:19.081Z] [ACCESS] POST /api/elderly/login - ::1
[2026-03-31T03:17:47.897Z] [ACCESS] POST /api/elderly/login - ::1
[2026-03-31T03:18:06.638Z] [ACCESS] POST /api/elderly/login - ::1
[2026-03-31T03:18:26.230Z] [ACCESS] POST /api/elderly/login - ::1
[2026-03-31T03:18:26.715Z] [ACCESS] GET /api/follow/feed - ::1
[2026-03-31T03:18:26.809Z] [ACCESS] GET /api/chat/chats - ::1
[2026-03-31T03:18:26.815Z] [ACCESS] GET /api/sos/history - ::1
[2026-03-31T03:18:26.821Z] [ACCESS] GET /api/follow/feed - ::1
[2026-03-31T03:18:26.878Z] [ACCESS] GET /api/sos/history - ::1
[2026-03-31T03:18:26.893Z] [ACCESS] GET /api/chat/chats - ::1
[2026-03-31T03:18:53.293Z] [ACCESS] GET /api/test-admin - ::1
[2026-03-31T03:18:53.304Z] [ACCESS] GET /api/test-admin - ::1
[2026-03-31T03:18:57.123Z] [ACCESS] GET /api/test-admin - ::1
[2026-03-31T03:18:57.618Z] [ACCESS] GET /api/chat/chats - ::1
[2026-03-31T03:18:58.258Z] [ACCESS] GET /api/test-admin - ::1
[2026-03-31T03:19:23.415Z] [ACCESS] GET /api/test-admin - ::1
[2026-03-31T03:19:23.423Z] [ACCESS] GET /api/test-admin - ::1
[2026-03-31T03:19:27.245Z] [ACCESS] GET /api/chat/chats - ::1
[2026-03-31T03:25:46.192Z] [ACCESS] GET /api/chat/chats - ::1
[2026-03-31T03:25:46.375Z] [ACCESS] GET /api/follow/feed - ::1
[2026-03-31T03:25:46.399Z] [ACCESS] GET /api/follow/feed - ::1
[2026-03-31T03:25:46.414Z] [ACCESS] GET /api/sos/history - ::1
[2026-03-31T03:25:46.421Z] [ACCESS] GET /api/chat/chats - ::1
[2026-03-31T03:25:46.437Z] [ACCESS] GET /api/sos/history - ::1
[2026-03-31T03:25:46.445Z] [ACCESS] GET /api/chat/chats - ::1
[2026-03-31T03:26:10.060Z] [ACCESS] GET /api/elderly/profile/69a07938c340cede98668815 - ::1
[2026-03-31T03:26:10.081Z] [ACCESS] GET /api/elderly/profile/69a07938c340cede98668815 - ::1
[2026-03-31T03:26:10.125Z] [ACCESS] GET /api/sos/history - ::1
[2026-03-31T03:26:10.134Z] [ACCESS] GET /api/sos/history - ::1
[2026-03-31T03:26:10.147Z] [ACCESS] GET /api/chat/chats - ::1
[2026-03-31T03:26:10.175Z] [ACCESS] GET /api/chat/chats - ::1
[2026-03-31T03:26:14.650Z] [ACCESS] GET /api/follow/feed - ::1
[2026-03-31T03:26:14.710Z] [ACCESS] GET /api/sos/history - ::1
[2026-03-31T03:26:14.718Z] [ACCESS] GET /api/chat/chats - ::1
[2026-03-31T03:26:14.748Z] [ACCESS] GET /api/sos/history - ::1
[2026-03-31T03:26:14.752Z] [ACCESS] GET /api/chat/chats - ::1
[2026-03-31T03:26:14.754Z] [ACCESS] GET /api/follow/feed - ::1
[2026-03-31T03:26:17.720Z] [ACCESS] GET /api/elderly/posts/user/69a07938c340cede98668815 - ::1
[2026-03-31T03:26:17.738Z] [ACCESS] GET /api/elderly/profile/69a07938c340cede98668815 - ::1
[2026-03-31T03:26:17.756Z] [ACCESS] GET /api/elderly/posts/user/69a07938c340cede98668815 - ::1
[2026-03-31T03:26:17.764Z] [ACCESS] GET /api/elderly/profile/69a07938c340cede98668815 - ::1
[2026-03-31T03:26:17.827Z] [ACCESS] GET /api/sos/history - ::1
[2026-03-31T03:26:17.837Z] [ACCESS] GET /api/sos/history - ::1
[2026-03-31T03:26:17.849Z] [ACCESS] GET /api/chat/chats - ::1
[2026-03-31T03:26:17.863Z] [ACCESS] GET /api/chat/chats - ::1
[2026-03-31T03:26:22.803Z] [ACCESS] GET /api/elderly/profile/69a07938c340cede98668815 - ::1
[2026-03-31T03:26:22.828Z] [ACCESS] GET /api/elderly/profile/69a07938c340cede98668815 - ::1
[2026-03-31T03:26:22.907Z] [ACCESS] GET /api/sos/history - ::1
[2026-03-31T03:26:22.920Z] [ACCESS] GET /api/chat/chats - ::1
[2026-03-31T03:26:22.934Z] [ACCESS] GET /api/sos/history - ::1
[2026-03-31T03:26:22.944Z] [ACCESS] GET /api/chat/chats - ::1
[2026-03-31T03:26:53.612Z] [ACCESS] GET /api/chat/chats - ::1
[2026-03-31T03:27:23.621Z] [ACCESS] GET /api/chat/chats - ::1
[2026-03-31T03:27:53.621Z] [ACCESS] GET /api/chat/chats - ::1
[2026-03-31T03:28:23.611Z] [ACCESS] GET /api/chat/chats - ::1
[2026-03-31T03:28:53.616Z] [ACCESS] GET /api/chat/chats - ::1
[2026-03-31T03:29:23.619Z] [ACCESS] GET /api/chat/chats - ::1
[2026-03-31T03:30:17.621Z] [ACCESS] GET /api/chat/chats - ::1
[2026-03-31T03:30:35.620Z] [ACCESS] GET /api/chat/chats - ::1
[2026-03-31T03:31:35.616Z] [ACCESS] GET /api/chat/chats - ::1
[2026-03-31T03:32:35.614Z] [ACCESS] GET /api/chat/chats - ::1
[2026-03-31T03:33:35.620Z] [ACCESS] GET /api/chat/chats - ::1
[2026-03-31T03:34:35.606Z] [ACCESS] GET /api/chat/chats - ::1
[2026-03-31T03:40:36.020Z] [ACCESS] GET /api/chat/chats - ::1
[2026-03-31T03:40:36.245Z] [ACCESS] GET /api/elderly/profile/69a07938c340cede98668815 - ::1
[2026-03-31T03:40:36.251Z] [ACCESS] GET /api/elderly/profile/69a07938c340cede98668815 - ::1
[2026-03-31T03:40:36.278Z] [ACCESS] GET /api/sos/history - ::1
[2026-03-31T03:40:36.283Z] [ACCESS] GET /api/sos/history - ::1
[2026-03-31T03:40:36.296Z] [ACCESS] GET /api/chat/chats - ::1
[2026-03-31T03:40:36.303Z] [ACCESS] GET /api/chat/chats - ::1
[2026-03-31T03:40:39.860Z] [ACCESS] GET /api/chat/chats - ::1
[2026-03-31T03:40:39.864Z] [ACCESS] GET /api/sos/history - ::1
[2026-03-31T03:40:39.901Z] [ACCESS] GET /api/sos/history - ::1
[2026-03-31T03:40:39.927Z] [ACCESS] GET /api/follow/feed - ::1
[2026-03-31T03:40:39.916Z] [ACCESS] GET /api/chat/chats - ::1
[2026-03-31T03:40:39.897Z] [ACCESS] GET /api/follow/feed - ::1
[2026-03-31T03:40:55.921Z] [ACCESS] GET /api/elderly/profile/69a07938c340cede98668815 - ::1
[2026-03-31T03:40:55.940Z] [ACCESS] GET /api/elderly/profile/69a07938c340cede98668815 - ::1
[2026-03-31T03:40:56.000Z] [ACCESS] GET /api/sos/history - ::1
[2026-03-31T03:40:56.015Z] [ACCESS] GET /api/sos/history - ::1
[2026-03-31T03:40:56.030Z] [ACCESS] GET /api/chat/chats - ::1
[2026-03-31T03:40:56.049Z] [ACCESS] GET /api/chat/chats - ::1
[2026-03-31T03:41:16.036Z] [ACCESS] GET /api/follow/feed - ::1
[2026-03-31T03:41:16.039Z] [ACCESS] GET /api/sos/history - ::1
[2026-03-31T03:41:16.041Z] [ACCESS] GET /api/chat/chats - ::1
[2026-03-31T03:41:16.059Z] [ACCESS] GET /api/sos/history - ::1
[2026-03-31T03:41:16.069Z] [ACCESS] GET /api/chat/chats - ::1
[2026-03-31T03:41:16.082Z] [ACCESS] GET /api/follow/feed - ::1
[2026-03-31T03:41:46.031Z] [ACCESS] GET /api/chat/chats - ::1
[2026-03-31T03:42:16.028Z] [ACCESS] GET /api/chat/chats - ::1
[2026-03-31T03:42:45.566Z] [ACCESS] GET /api/elderly/users/all - ::1
[2026-03-31T03:42:45.575Z] [ACCESS] GET /api/chat/chats - ::1
[2026-03-31T03:42:45.581Z] [ACCESS] GET /api/elderly/users/suggested?limit=3 - ::1
[2026-03-31T03:42:45.749Z] [ACCESS] GET /api/elderly/users/all - ::1
[2026-03-31T03:42:45.755Z] [ACCESS] GET /api/chat/chats - ::1
[2026-03-31T03:42:45.766Z] [ACCESS] GET /api/elderly/users/suggested?limit=3 - ::1
[2026-03-31T03:42:45.780Z] [ACCESS] GET /api/follow/status/69a07b5cc340cede9866898c - ::1
[2026-03-31T03:42:45.783Z] [ACCESS] GET /api/follow/status/69a07d12c340cede98668a79 - ::1
[2026-03-31T03:42:45.786Z] [ACCESS] GET /api/follow/status/69a07e11c340cede98668aff - ::1
[2026-03-31T03:42:45.795Z] [ACCESS] GET /api/follow/status/69a07c4fc340cede986689f9 - ::1
[2026-03-31T03:42:45.853Z] [ACCESS] GET /api/sos/history - ::1
[2026-03-31T03:42:45.873Z] [ACCESS] GET /api/sos/history - ::1
[2026-03-31T03:42:45.881Z] [ACCESS] GET /api/follow/status/69a07d12c340cede98668a79 - ::1
[2026-03-31T03:42:45.884Z] [ACCESS] GET /api/follow/status/69a07e11c340cede98668aff - ::1
[2026-03-31T03:42:45.887Z] [ACCESS] GET /api/follow/status/69a07c4fc340cede986689f9 - ::1
[2026-03-31T03:42:45.890Z] [ACCESS] GET /api/follow/status/69a07b5cc340cede9866898c - ::1
[2026-03-31T03:43:15.550Z] [ACCESS] GET /api/chat/chats - ::1
[2026-03-31T03:43:45.613Z] [ACCESS] GET /api/chat/chats - ::1
[2026-03-31T03:44:15.613Z] [ACCESS] GET /api/chat/chats - ::1
[2026-03-31T03:44:45.607Z] [ACCESS] GET /api/chat/chats - ::1
[2026-03-31T03:45:15.619Z] [ACCESS] GET /api/chat/chats - ::1
[2026-03-31T03:45:45.614Z] [ACCESS] GET /api/chat/chats - ::1
[2026-03-31T03:46:15.610Z] [ACCESS] GET /api/chat/chats - ::1
[2026-03-31T03:47:16.620Z] [ACCESS] GET /api/chat/chats - ::1
[2026-03-31T03:48:17.622Z] [ACCESS] GET /api/chat/chats - ::1
[2026-03-31T03:48:51.530Z] [ACCESS] GET /api/chat/chats - ::1
[2026-03-31T03:48:52.893Z] [ACCESS] GET /api/follow/feed - ::1
[2026-03-31T03:48:52.930Z] [ACCESS] GET /api/chat/chats - ::1
[2026-03-31T03:48:52.938Z] [ACCESS] GET /api/sos/history - ::1
[2026-03-31T03:48:52.948Z] [ACCESS] GET /api/follow/feed - ::1
[2026-03-31T03:48:52.988Z] [ACCESS] GET /api/sos/history - ::1
[2026-03-31T03:48:52.994Z] [ACCESS] GET /api/chat/chats - ::1
[2026-04-01T06:46:42.260Z] [ACCESS] POST /api/elderly/login - ::1
[2026-04-01T06:48:40.134Z] [ACCESS] POST /api/elderly/login - ::1
[2026-04-01T07:11:41.155Z] [ACCESS] POST /api/elderly/register - ::1
[2026-04-01T07:12:02.774Z] [ACCESS] POST /api/elderly/login - ::1
[2026-04-01T07:12:02.897Z] [ACCESS] GET /api/follow/feed - ::1
[2026-04-01T07:12:02.947Z] [ACCESS] GET /api/follow/feed - ::1
[2026-04-01T07:12:02.974Z] [ACCESS] GET /api/sos/history - ::1
[2026-04-01T07:12:02.978Z] [ACCESS] GET /api/chat/chats - ::1
[2026-04-01T07:12:03.031Z] [ACCESS] GET /api/sos/history - ::1
[2026-04-01T07:12:03.043Z] [ACCESS] GET /api/chat/chats - ::1
[2026-04-01T07:12:07.951Z] [ACCESS] GET /api/chat/chats - ::1
[2026-04-01T07:12:07.965Z] [ACCESS] GET /api/chat/chats - ::1
[2026-04-01T07:12:07.970Z] [ACCESS] GET /api/elderly/users/all - ::1
[2026-04-01T07:12:07.973Z] [ACCESS] GET /api/elderly/users/suggested?limit=3 - ::1
[2026-04-01T07:12:08.177Z] [ACCESS] GET /api/elderly/users/all - ::1
[2026-04-01T07:12:08.188Z] [ACCESS] GET /api/elderly/users/suggested?limit=3 - ::1
[2026-04-01T07:12:08.193Z] [ACCESS] GET /api/follow/status/69a07d12c340cede98668a79 - ::1
[2026-04-01T07:12:08.198Z] [ACCESS] GET /api/sos/history - ::1
[2026-04-01T07:12:08.209Z] [ACCESS] GET /api/follow/status/69a07c4fc340cede986689f9 - ::1
[2026-04-01T07:12:08.212Z] [ACCESS] GET /api/follow/status/69a07e11c340cede98668aff - ::1
[2026-04-01T07:12:08.230Z] [ACCESS] GET /api/follow/status/69a07b5cc340cede9866898c - ::1
[2026-04-01T07:12:08.236Z] [ACCESS] GET /api/sos/history - ::1
[2026-04-01T07:12:08.279Z] [ACCESS] GET /api/follow/status/69a07c4fc340cede986689f9 - ::1
[2026-04-01T07:12:08.282Z] [ACCESS] GET /api/follow/status/69a07e11c340cede98668aff - ::1
[2026-04-01T07:12:08.287Z] [ACCESS] GET /api/follow/status/69a07d12c340cede98668a79 - ::1
[2026-04-01T07:12:08.421Z] [ACCESS] GET /api/follow/status/69a07938c340cede98668815 - ::1
[2026-04-01T07:12:08.475Z] [ACCESS] GET /api/follow/status/69a07b5cc340cede9866898c - ::1
[2026-04-01T07:12:08.482Z] [ACCESS] GET /api/follow/status/69a07938c340cede98668815 - ::1
[2026-04-01T07:12:14.616Z] [ACCESS] GET /api/follow/feed - ::1
[2026-04-01T07:12:14.642Z] [ACCESS] GET /api/sos/history - ::1
[2026-04-01T07:12:14.646Z] [ACCESS] GET /api/chat/chats - ::1
[2026-04-01T07:12:14.654Z] [ACCESS] GET /api/follow/feed - ::1
[2026-04-01T07:12:14.669Z] [ACCESS] GET /api/sos/history - ::1
[2026-04-01T07:12:14.674Z] [ACCESS] GET /api/chat/chats - ::1
[2026-04-01T07:12:31.666Z] [ACCESS] POST /api/elderly/login - ::1
[2026-04-01T07:12:31.869Z] [ACCESS] GET /api/follow/feed - ::1
[2026-04-01T07:12:31.905Z] [ACCESS] GET /api/follow/feed - ::1
[2026-04-01T07:12:31.931Z] [ACCESS] GET /api/sos/history - ::1
[2026-04-01T07:12:31.945Z] [ACCESS] GET /api/chat/chats - ::1
[2026-04-01T07:12:31.977Z] [ACCESS] GET /api/sos/history - ::1
[2026-04-01T07:12:31.982Z] [ACCESS] GET /api/chat/chats - ::1
[2026-04-01T07:13:02.458Z] [ACCESS] POST /api/elderly/login - ::1
[2026-04-01T07:13:02.623Z] [ACCESS] GET /api/follow/feed - ::1
[2026-04-01T07:13:02.637Z] [ACCESS] GET /api/follow/feed - ::1
[2026-04-01T07:13:02.650Z] [ACCESS] GET /api/sos/history - ::1
[2026-04-01T07:13:02.653Z] [ACCESS] GET /api/chat/chats - ::1
[2026-04-01T07:13:02.666Z] [ACCESS] GET /api/sos/history - ::1
[2026-04-01T07:13:02.679Z] [ACCESS] GET /api/chat/chats - ::1
[2026-04-01T08:37:30.121Z] [ACCESS] POST /api/elderly/register - ::1
[2026-04-01T09:53:01.229Z] [ACCESS] POST /api/elderly/login - ::1
[2026-04-01T09:53:01.373Z] [ACCESS] GET /api/follow/feed - ::1
[2026-04-01T09:53:01.398Z] [ACCESS] GET /api/follow/feed - ::1
[2026-04-01T09:53:01.428Z] [ACCESS] GET /api/sos/history - ::1
[2026-04-01T09:53:01.444Z] [ACCESS] GET /api/chat/chats - ::1
[2026-04-01T09:53:01.457Z] [ACCESS] GET /api/sos/history - ::1
[2026-04-01T09:53:01.464Z] [ACCESS] GET /api/chat/chats - ::1
[2026-04-01T09:53:14.257Z] [ACCESS] GET /api/chat/chats - ::1
[2026-04-01T09:53:14.263Z] [ACCESS] GET /api/elderly/users/all - ::1
[2026-04-01T09:53:14.267Z] [ACCESS] GET /api/elderly/users/suggested?limit=3 - ::1
[2026-04-01T09:53:14.280Z] [ACCESS] GET /api/chat/chats - ::1
[2026-04-01T09:53:14.405Z] [ACCESS] GET /api/elderly/users/suggested?limit=3 - ::1
[2026-04-01T09:53:14.408Z] [ACCESS] GET /api/elderly/users/all - ::1
[2026-04-01T09:53:14.415Z] [ACCESS] GET /api/follow/status/69a07c4fc340cede986689f9 - ::1
[2026-04-01T09:53:14.424Z] [ACCESS] GET /api/follow/status/69a07b5cc340cede9866898c - ::1
[2026-04-01T09:53:14.430Z] [ACCESS] GET /api/follow/status/69a07e11c340cede98668aff - ::1
[2026-04-01T09:53:14.433Z] [ACCESS] GET /api/follow/status/69a07d12c340cede98668a79 - ::1
[2026-04-01T09:53:14.485Z] [ACCESS] GET /api/follow/status/69a07938c340cede98668815 - ::1
[2026-04-01T09:53:14.489Z] [ACCESS] GET /api/follow/status/69ccd94bf0258471755c73fa - ::1
[2026-04-01T09:53:14.497Z] [ACCESS] GET /api/sos/history - ::1
[2026-04-01T09:53:14.567Z] [ACCESS] GET /api/follow/status/69a07c4fc340cede986689f9 - ::1
[2026-04-01T09:53:14.569Z] [ACCESS] GET /api/follow/status/69a07e11c340cede98668aff - ::1
[2026-04-01T09:53:14.573Z] [ACCESS] GET /api/follow/status/69a07b5cc340cede9866898c - ::1
[2026-04-01T09:53:14.576Z] [ACCESS] GET /api/follow/status/69a07938c340cede98668815 - ::1
[2026-04-01T09:53:14.578Z] [ACCESS] GET /api/follow/status/69ccd94bf0258471755c73fa - ::1
[2026-04-01T09:53:14.591Z] [ACCESS] GET /api/follow/status/69a07d12c340cede98668a79 - ::1
[2026-04-01T09:53:14.596Z] [ACCESS] GET /api/sos/history - ::1
[2026-04-01T09:53:16.532Z] [ACCESS] GET /api/follow/feed - ::1
[2026-04-01T09:53:16.546Z] [ACCESS] GET /api/follow/feed - ::1
[2026-04-01T09:53:16.562Z] [ACCESS] GET /api/sos/history - ::1
[2026-04-01T09:53:16.565Z] [ACCESS] GET /api/chat/chats - ::1
[2026-04-01T09:53:16.576Z] [ACCESS] GET /api/sos/history - ::1
[2026-04-01T09:53:16.579Z] [ACCESS] GET /api/chat/chats - ::1
[2026-04-01T09:55:46.965Z] [ACCESS] POST /api/elderly/login - ::1
[2026-04-01T09:55:47.060Z] [ACCESS] GET /api/follow/feed - ::1
[2026-04-01T09:55:47.075Z] [ACCESS] GET /api/follow/feed - ::1
[2026-04-01T09:55:47.114Z] [ACCESS] GET /api/sos/history - ::1
[2026-04-01T09:55:47.122Z] [ACCESS] GET /api/chat/chats - ::1
[2026-04-01T09:55:47.136Z] [ACCESS] GET /api/sos/history - ::1
[2026-04-01T09:55:47.142Z] [ACCESS] GET /api/chat/chats - ::1
[2026-04-01T09:55:59.996Z] [ACCESS] GET /api/elderly/users/all - ::1
[2026-04-01T09:55:59.998Z] [ACCESS] GET /api/elderly/users/suggested?limit=3 - ::1
[2026-04-01T09:56:00.001Z] [ACCESS] GET /api/chat/chats - ::1
[2026-04-01T09:56:00.070Z] [ACCESS] GET /api/chat/chats - ::1
[2026-04-01T09:56:00.076Z] [ACCESS] GET /api/elderly/users/all - ::1
[2026-04-01T09:56:00.104Z] [ACCESS] GET /api/elderly/users/suggested?limit=3 - ::1
[2026-04-01T09:56:00.107Z] [ACCESS] GET /api/follow/status/69a07c4fc340cede986689f9 - ::1
[2026-04-01T09:56:00.110Z] [ACCESS] GET /api/follow/status/69a07e11c340cede98668aff - ::1
[2026-04-01T09:56:00.113Z] [ACCESS] GET /api/follow/status/69a07d12c340cede98668a79 - ::1
[2026-04-01T09:56:00.119Z] [ACCESS] GET /api/follow/status/69a07b5cc340cede9866898c - ::1
[2026-04-01T09:56:00.126Z] [ACCESS] GET /api/follow/status/69a07938c340cede98668815 - ::1
[2026-04-01T09:56:00.169Z] [ACCESS] GET /api/follow/status/69ccd94bf0258471755c73fa - ::1
[2026-04-01T09:56:00.222Z] [ACCESS] GET /api/sos/history - ::1
[2026-04-01T09:56:00.227Z] [ACCESS] GET /api/follow/status/69a07c4fc340cede986689f9 - ::1
[2026-04-01T09:56:00.229Z] [ACCESS] GET /api/follow/status/69a07e11c340cede98668aff - ::1
[2026-04-01T09:56:00.239Z] [ACCESS] GET /api/follow/status/69a07d12c340cede98668a79 - ::1
[2026-04-01T09:56:00.259Z] [ACCESS] GET /api/follow/status/69a07b5cc340cede9866898c - ::1
[2026-04-01T09:56:00.263Z] [ACCESS] GET /api/follow/status/69a07938c340cede98668815 - ::1
[2026-04-01T09:56:00.267Z] [ACCESS] GET /api/follow/status/69ccd94bf0258471755c73fa - ::1
[2026-04-01T09:56:00.270Z] [ACCESS] GET /api/sos/history - ::1
[2026-04-01T09:56:02.236Z] [ACCESS] GET /api/follow/feed - ::1
[2026-04-01T09:56:02.245Z] [ACCESS] GET /api/follow/feed - ::1
[2026-04-01T09:56:02.251Z] [ACCESS] GET /api/sos/history - ::1
[2026-04-01T09:56:02.254Z] [ACCESS] GET /api/chat/chats - ::1
[2026-04-01T09:56:02.265Z] [ACCESS] GET /api/sos/history - ::1
[2026-04-01T09:56:02.268Z] [ACCESS] GET /api/chat/chats - ::1
[2026-04-01T10:15:44.029Z] [ACCESS] POST /api/elderly/login - ::1
[2026-04-01T10:15:44.120Z] [ACCESS] GET /api/follow/feed - ::1
[2026-04-01T10:15:44.130Z] [ACCESS] GET /api/follow/feed - ::1
[2026-04-01T10:15:44.170Z] [ACCESS] GET /api/sos/history - ::1
[2026-04-01T10:15:44.180Z] [ACCESS] GET /api/sos/history - ::1
[2026-04-01T10:15:44.187Z] [ACCESS] GET /api/chat/chats - ::1
[2026-04-01T10:15:44.216Z] [ACCESS] GET /api/chat/chats - ::1
[2026-04-01T10:15:46.452Z] [ACCESS] GET /api/elderly/users/all - ::1
[2026-04-01T10:15:46.457Z] [ACCESS] GET /api/elderly/users/suggested?limit=3 - ::1
[2026-04-01T10:15:46.459Z] [ACCESS] GET /api/chat/chats - ::1
[2026-04-01T10:15:46.480Z] [ACCESS] GET /api/chat/chats - ::1
[2026-04-01T10:15:46.529Z] [ACCESS] GET /api/elderly/users/suggested?limit=3 - ::1
[2026-04-01T10:15:46.531Z] [ACCESS] GET /api/elderly/users/all - ::1
[2026-04-01T10:15:46.585Z] [ACCESS] GET /api/follow/status/69a07c4fc340cede986689f9 - ::1
[2026-04-01T10:15:46.589Z] [ACCESS] GET /api/follow/status/69a07938c340cede98668815 - ::1
[2026-04-01T10:15:46.592Z] [ACCESS] GET /api/follow/status/69a07e11c340cede98668aff - ::1
[2026-04-01T10:15:46.596Z] [ACCESS] GET /api/follow/status/69a07d12c340cede98668a79 - ::1
[2026-04-01T10:15:46.607Z] [ACCESS] GET /api/follow/status/69a07b5cc340cede9866898c - ::1
[2026-04-01T10:15:46.617Z] [ACCESS] GET /api/follow/status/69ccd94bf0258471755c73fa - ::1
[2026-04-01T10:15:46.648Z] [ACCESS] GET /api/sos/history - ::1
[2026-04-01T10:15:46.680Z] [ACCESS] GET /api/follow/status/69a07c4fc340cede986689f9 - ::1
[2026-04-01T10:15:46.683Z] [ACCESS] GET /api/follow/status/69a07e11c340cede98668aff - ::1
[2026-04-01T10:15:46.686Z] [ACCESS] GET /api/follow/status/69a07d12c340cede98668a79 - ::1
[2026-04-01T10:15:46.693Z] [ACCESS] GET /api/follow/status/69a07b5cc340cede9866898c - ::1
[2026-04-01T10:15:46.695Z] [ACCESS] GET /api/follow/status/69a07938c340cede98668815 - ::1
[2026-04-01T10:15:46.698Z] [ACCESS] GET /api/follow/status/69ccd94bf0258471755c73fa - ::1
[2026-04-01T10:15:46.739Z] [ACCESS] GET /api/sos/history - ::1
[2026-04-01T10:31:56.595Z] [ACCESS] POST /api/elderly/login - ::1
[2026-04-01T10:31:56.690Z] [ACCESS] GET /api/follow/feed - ::1
[2026-04-01T10:31:56.699Z] [ACCESS] GET /api/follow/feed - ::1
[2026-04-01T10:31:56.710Z] [ACCESS] GET /api/sos/history - ::1
[2026-04-01T10:31:56.719Z] [ACCESS] GET /api/chat/chats - ::1
[2026-04-01T10:31:56.724Z] [ACCESS] GET /api/sos/history - ::1
[2026-04-01T10:31:56.727Z] [ACCESS] GET /api/chat/chats - ::1
[2026-04-01T10:31:59.034Z] [ACCESS] GET /api/elderly/users/all - ::1
[2026-04-01T10:31:59.036Z] [ACCESS] GET /api/elderly/users/suggested?limit=3 - ::1
[2026-04-01T10:31:59.038Z] [ACCESS] GET /api/chat/chats - ::1
[2026-04-01T10:31:59.059Z] [ACCESS] GET /api/chat/chats - ::1
[2026-04-01T10:31:59.125Z] [ACCESS] GET /api/elderly/users/suggested?limit=3 - ::1
[2026-04-01T10:31:59.127Z] [ACCESS] GET /api/elderly/users/all - ::1
[2026-04-01T10:31:59.181Z] [ACCESS] GET /api/follow/status/69a07c4fc340cede986689f9 - ::1
[2026-04-01T10:31:59.183Z] [ACCESS] GET /api/follow/status/69a07e11c340cede98668aff - ::1
[2026-04-01T10:31:59.188Z] [ACCESS] GET /api/follow/status/69a07d12c340cede98668a79 - ::1
[2026-04-01T10:31:59.200Z] [ACCESS] GET /api/follow/status/69a07b5cc340cede9866898c - ::1
[2026-04-01T10:31:59.202Z] [ACCESS] GET /api/follow/status/69a07938c340cede98668815 - ::1
[2026-04-01T10:31:59.224Z] [ACCESS] GET /api/follow/status/69ccd94bf0258471755c73fa - ::1
[2026-04-01T10:31:59.242Z] [ACCESS] GET /api/sos/history - ::1
[2026-04-01T10:31:59.254Z] [ACCESS] GET /api/sos/history - ::1
[2026-04-01T10:31:59.293Z] [ACCESS] GET /api/follow/status/69a07c4fc340cede986689f9 - ::1
[2026-04-01T10:31:59.296Z] [ACCESS] GET /api/follow/status/69a07e11c340cede98668aff - ::1
[2026-04-01T10:31:59.298Z] [ACCESS] GET /api/follow/status/69a07d12c340cede98668a79 - ::1
[2026-04-01T10:31:59.300Z] [ACCESS] GET /api/follow/status/69a07b5cc340cede9866898c - ::1
[2026-04-01T10:31:59.302Z] [ACCESS] GET /api/follow/status/69a07938c340cede98668815 - ::1
[2026-04-01T10:31:59.308Z] [ACCESS] GET /api/follow/status/69ccd94bf0258471755c73fa - ::1
[2026-04-01T10:32:08.822Z] [ACCESS] POST /api/follow/follow/69ccd94bf0258471755c73fa - ::1
[2026-04-01T10:32:17.009Z] [ACCESS] GET /api/elderly/profile/69ccd94bf0258471755c73fa - ::1
[2026-04-01T10:32:17.013Z] [ACCESS] GET /api/elderly/posts/user/69ccd94bf0258471755c73fa - ::1
[2026-04-01T10:32:17.022Z] [ACCESS] GET /api/elderly/profile/69ccd94bf0258471755c73fa - ::1
[2026-04-01T10:32:17.026Z] [ACCESS] GET /api/elderly/posts/user/69ccd94bf0258471755c73fa - ::1
[2026-04-01T10:32:17.047Z] [ACCESS] GET /api/sos/history - ::1
[2026-04-01T10:32:17.053Z] [ACCESS] GET /api/chat/chats - ::1
[2026-04-01T10:32:17.055Z] [ACCESS] GET /api/follow/followers/69ccd94bf0258471755c73fa - ::1
[2026-04-01T10:32:17.057Z] [ACCESS] GET /api/follow/status/69ccd94bf0258471755c73fa - ::1
[2026-04-01T10:32:17.068Z] [ACCESS] GET /api/sos/history - ::1
[2026-04-01T10:32:17.080Z] [ACCESS] GET /api/chat/chats - ::1
[2026-04-01T10:32:17.087Z] [ACCESS] GET /api/follow/status/69ccd94bf0258471755c73fa - ::1
[2026-04-01T10:32:17.096Z] [ACCESS] GET /api/follow/followers/69ccd94bf0258471755c73fa - ::1
[2026-04-01T10:32:17.107Z] [ACCESS] GET /api/follow/following/69ccd94bf0258471755c73fa - ::1
[2026-04-01T10:32:17.116Z] [ACCESS] GET /api/follow/following/69ccd94bf0258471755c73fa - ::1
[2026-04-14T04:00:37.521Z] [ACCESS] POST /api/elderly/login - ::1
[2026-04-14T04:00:38.089Z] [ACCESS] GET /api/follow/feed - ::1
[2026-04-14T04:00:38.177Z] [ACCESS] GET /api/chat/chats - ::1
[2026-04-14T04:00:38.182Z] [ACCESS] GET /api/sos/history - ::1
[2026-04-14T04:00:38.203Z] [ACCESS] GET /api/follow/feed - ::1
[2026-04-14T04:00:38.211Z] [ACCESS] GET /api/sos/history - ::1
[2026-04-14T04:00:38.246Z] [ACCESS] GET /api/chat/chats - ::1
[2026-04-14T04:00:42.707Z] [ACCESS] GET /api/elderly/profile/69a07938c340cede98668815 - ::1
[2026-04-14T04:00:42.726Z] [ACCESS] GET /api/elderly/profile/69a07938c340cede98668815 - ::1
[2026-04-14T04:00:42.786Z] [ACCESS] GET /api/sos/history - ::1
[2026-04-14T04:00:42.804Z] [ACCESS] GET /api/chat/chats - ::1
[2026-04-14T04:00:42.810Z] [ACCESS] GET /api/sos/history - ::1
[2026-04-14T04:00:42.834Z] [ACCESS] GET /api/chat/chats - ::1
[2026-04-14T04:00:47.264Z] [ACCESS] GET /api/follow/feed - ::1
[2026-04-14T04:00:47.278Z] [ACCESS] GET /api/sos/history - ::1
[2026-04-14T04:00:47.280Z] [ACCESS] GET /api/chat/chats - ::1
[2026-04-14T04:00:47.311Z] [ACCESS] GET /api/sos/history - ::1
[2026-04-14T04:00:47.324Z] [ACCESS] GET /api/chat/chats - ::1
[2026-04-14T04:00:47.330Z] [ACCESS] GET /api/follow/feed - ::1
[2026-04-14T04:01:17.454Z] [ACCESS] GET /api/chat/chats - ::1
[2026-04-14T04:01:47.444Z] [ACCESS] GET /api/chat/chats - ::1
[2026-04-14T04:02:17.441Z] [ACCESS] GET /api/chat/chats - ::1
[2026-04-14T04:02:47.441Z] [ACCESS] GET /api/chat/chats - ::1
[2026-04-14T04:03:17.442Z] [ACCESS] GET /api/chat/chats - ::1
[2026-04-14T04:03:47.444Z] [ACCESS] GET /api/chat/chats - ::1
[2026-04-14T04:05:14.445Z] [ACCESS] GET /api/chat/chats - ::1
[2026-04-14T04:06:27.989Z] [ACCESS] GET /api/chat/chats - ::1
[2026-04-14T04:06:28.241Z] [ACCESS] GET /api/follow/feed - ::1
[2026-04-14T04:06:28.253Z] [ACCESS] GET /api/follow/feed - ::1
[2026-04-14T04:06:28.277Z] [ACCESS] GET /api/sos/history - ::1
[2026-04-14T04:06:28.282Z] [ACCESS] GET /api/sos/history - ::1
[2026-04-14T04:06:28.296Z] [ACCESS] GET /api/chat/chats - ::1
[2026-04-14T04:06:28.307Z] [ACCESS] GET /api/chat/chats - ::1
[2026-04-14T04:06:58.440Z] [ACCESS] GET /api/chat/chats - ::1
[2026-04-14T04:07:28.444Z] [ACCESS] GET /api/chat/chats - ::1
[2026-04-14T04:07:58.441Z] [ACCESS] GET /api/chat/chats - ::1
[2026-04-14T04:08:28.437Z] [ACCESS] GET /api/chat/chats - ::1
[2026-04-14T04:08:58.447Z] [ACCESS] GET /api/chat/chats - ::1
[2026-04-14T04:09:28.439Z] [ACCESS] GET /api/chat/chats - ::1
[2026-04-14T04:09:58.437Z] [ACCESS] GET /api/chat/chats - ::1
[2026-04-14T04:10:59.444Z] [ACCESS] GET /api/chat/chats - ::1
[2026-04-14T04:12:02.445Z] [ACCESS] GET /api/chat/chats - ::1
[2026-04-14T04:12:02.694Z] [ACCESS] GET /api/follow/feed - ::1
[2026-04-14T04:12:02.706Z] [ACCESS] GET /api/follow/feed - ::1
[2026-04-14T04:12:02.726Z] [ACCESS] GET /api/sos/history - ::1
[2026-04-14T04:12:02.731Z] [ACCESS] GET /api/sos/history - ::1
[2026-04-14T04:12:02.743Z] [ACCESS] GET /api/chat/chats - ::1
[2026-04-14T04:12:02.752Z] [ACCESS] GET /api/chat/chats - ::1
[2026-04-14T04:12:33.449Z] [ACCESS] GET /api/chat/chats - ::1
[2026-04-14T04:13:03.433Z] [ACCESS] GET /api/chat/chats - ::1
[2026-04-14T04:13:33.445Z] [ACCESS] GET /api/chat/chats - ::1
[2026-04-14T04:14:03.449Z] [ACCESS] GET /api/chat/chats - ::1
[2026-04-14T04:14:33.446Z] [ACCESS] GET /api/chat/chats - ::1
[2026-04-14T04:15:03.439Z] [ACCESS] GET /api/chat/chats - ::1
[2026-04-14T04:15:33.449Z] [ACCESS] GET /api/chat/chats - ::1
[2026-04-14T04:16:03.437Z] [ACCESS] GET /api/chat/chats - ::1
[2026-04-14T04:16:33.435Z] [ACCESS] GET /api/chat/chats - ::1
[2026-04-14T04:17:03.433Z] [ACCESS] GET /api/chat/chats - ::1
[2026-04-14T04:18:04.443Z] [ACCESS] GET /api/chat/chats - ::1
[2026-04-14T04:19:05.443Z] [ACCESS] GET /api/chat/chats - ::1
[2026-04-14T04:20:06.446Z] [ACCESS] GET /api/chat/chats - ::1
[2026-04-14T04:21:07.439Z] [ACCESS] GET /api/chat/chats - ::1
[2026-04-14T04:25:37.288Z] [ACCESS] GET /api/chat/chats - ::1
[2026-04-14T04:25:37.524Z] [ACCESS] GET /api/follow/feed - ::1
[2026-04-14T04:25:37.539Z] [ACCESS] GET /api/follow/feed - ::1
[2026-04-14T04:25:37.576Z] [ACCESS] GET /api/sos/history - ::1
[2026-04-14T04:25:37.582Z] [ACCESS] GET /api/sos/history - ::1
[2026-04-14T04:25:37.611Z] [ACCESS] GET /api/chat/chats - ::1
[2026-04-14T04:25:37.624Z] [ACCESS] GET /api/chat/chats - ::1
[2026-04-14T04:26:08.443Z] [ACCESS] GET /api/chat/chats - ::1
[2026-04-14T04:26:38.513Z] [ACCESS] GET /api/chat/chats - ::1
[2026-04-14T04:27:08.457Z] [ACCESS] GET /api/chat/chats - ::1
[2026-04-14T04:27:38.437Z] [ACCESS] GET /api/chat/chats - ::1
[2026-04-14T04:28:08.448Z] [ACCESS] GET /api/chat/chats - ::1
[2026-04-14T04:28:38.448Z] [ACCESS] GET /api/chat/chats - ::1
[2026-04-14T04:29:14.436Z] [ACCESS] GET /api/chat/chats - ::1
[2026-04-14T04:30:14.442Z] [ACCESS] GET /api/chat/chats - ::1
[2026-04-14T05:19:19.648Z] [ACCESS] GET /api/chat/chats - ::1
[2026-04-14T05:19:59.088Z] [ACCESS] POST /api/elderly/login - ::1
[2026-04-14T05:20:03.275Z] [ACCESS] POST /api/elderly/login - ::1
[2026-04-14T05:20:21.925Z] [ACCESS] POST /api/elderly/login - ::1
[2026-04-14T05:20:22.263Z] [ACCESS] GET /api/follow/feed - ::1
[2026-04-14T05:20:22.300Z] [ACCESS] GET /api/follow/feed - ::1
[2026-04-14T05:20:22.348Z] [ACCESS] GET /api/sos/history - ::1
[2026-04-14T05:20:22.354Z] [ACCESS] GET /api/chat/chats - ::1
[2026-04-14T05:20:22.366Z] [ACCESS] GET /api/sos/history - ::1
[2026-04-14T05:20:22.378Z] [ACCESS] GET /api/chat/chats - ::1
[2026-04-14T05:20:28.821Z] [ACCESS] GET /api/follow/feed - ::1
[2026-04-14T05:20:28.853Z] [ACCESS] GET /api/follow/feed - ::1
[2026-04-14T05:20:28.878Z] [ACCESS] GET /api/sos/history - ::1
[2026-04-14T05:20:28.881Z] [ACCESS] GET /api/chat/chats - ::1
[2026-04-14T05:20:28.899Z] [ACCESS] GET /api/chat/chats - ::1
[2026-04-14T05:20:28.907Z] [ACCESS] GET /api/sos/history - ::1
[2026-04-14T05:20:37.746Z] [ACCESS] GET /api/elderly/posts/user/69a07938c340cede98668815 - ::1
[2026-04-14T05:20:37.753Z] [ACCESS] GET /api/elderly/profile/69a07938c340cede98668815 - ::1
[2026-04-14T05:20:37.781Z] [ACCESS] GET /api/elderly/profile/69a07938c340cede98668815 - ::1
[2026-04-14T05:20:37.795Z] [ACCESS] GET /api/elderly/posts/user/69a07938c340cede98668815 - ::1
[2026-04-14T05:20:37.850Z] [ACCESS] GET /api/sos/history - ::1
[2026-04-14T05:20:37.860Z] [ACCESS] GET /api/sos/history - ::1
[2026-04-14T05:20:37.873Z] [ACCESS] GET /api/chat/chats - ::1
[2026-04-14T05:20:37.886Z] [ACCESS] GET /api/chat/chats - ::1
[2026-04-14T05:20:43.517Z] [ACCESS] GET /api/chat/chats - ::1
[2026-04-14T05:20:43.524Z] [ACCESS] GET /api/elderly/users/suggested?limit=3 - ::1
[2026-04-14T05:20:43.535Z] [ACCESS] GET /api/elderly/users/all - ::1
[2026-04-14T05:20:43.872Z] [ACCESS] GET /api/chat/chats - ::1
[2026-04-14T05:20:43.884Z] [ACCESS] GET /api/elderly/users/suggested?limit=3 - ::1
[2026-04-14T05:20:43.898Z] [ACCESS] GET /api/elderly/users/all - ::1
[2026-04-14T05:20:44.046Z] [ACCESS] GET /api/follow/status/69a07d12c340cede98668a79 - ::1
[2026-04-14T05:20:44.050Z] [ACCESS] GET /api/follow/status/69a07e11c340cede98668aff - ::1
[2026-04-14T05:20:44.053Z] [ACCESS] GET /api/follow/status/69a07c4fc340cede986689f9 - ::1
[2026-04-14T05:20:44.062Z] [ACCESS] GET /api/follow/status/69ccc52df8485d977a7fc7d3 - ::1
[2026-04-14T05:20:44.071Z] [ACCESS] GET /api/follow/status/69a07b5cc340cede9866898c - ::1
[2026-04-14T05:20:44.086Z] [ACCESS] GET /api/follow/status/69ccd94bf0258471755c73fa - ::1
[2026-04-14T05:20:44.099Z] [ACCESS] GET /api/follow/status/69a07c4fc340cede986689f9 - ::1
[2026-04-14T05:20:44.102Z] [ACCESS] GET /api/follow/status/69a07d12c340cede98668a79 - ::1
[2026-04-14T05:20:44.105Z] [ACCESS] GET /api/follow/status/69a07e11c340cede98668aff - ::1
[2026-04-14T05:20:44.110Z] [ACCESS] GET /api/follow/status/69ccc52df8485d977a7fc7d3 - ::1
[2026-04-14T05:20:44.113Z] [ACCESS] GET /api/sos/history - ::1
[2026-04-14T05:20:44.125Z] [ACCESS] GET /api/follow/status/69a07b5cc340cede9866898c - ::1
[2026-04-14T05:20:44.139Z] [ACCESS] GET /api/follow/status/69ccd94bf0258471755c73fa - ::1
[2026-04-14T05:20:44.197Z] [ACCESS] GET /api/sos/history - ::1
[2026-04-14T05:20:48.992Z] [ACCESS] GET /api/chat/chats - ::1
[2026-04-14T05:20:48.995Z] [ACCESS] GET /api/elderly/users/all - ::1
[2026-04-14T05:20:48.999Z] [ACCESS] GET /api/elderly/users/suggested?limit=3 - ::1
[2026-04-14T05:20:49.135Z] [ACCESS] GET /api/chat/chats - ::1
[2026-04-14T05:20:49.142Z] [ACCESS] GET /api/elderly/users/suggested?limit=3 - ::1
[2026-04-14T05:20:49.146Z] [ACCESS] GET /api/elderly/users/all - ::1
[2026-04-14T05:20:49.184Z] [ACCESS] GET /api/follow/status/69a07d12c340cede98668a79 - ::1
[2026-04-14T05:20:49.190Z] [ACCESS] GET /api/follow/status/69a07e11c340cede98668aff - ::1
[2026-04-14T05:20:49.287Z] [ACCESS] GET /api/follow/status/69a07c4fc340cede986689f9 - ::1
[2026-04-14T05:20:49.302Z] [ACCESS] GET /api/follow/status/69ccc52df8485d977a7fc7d3 - ::1
[2026-04-14T05:20:49.314Z] [ACCESS] GET /api/follow/status/69a07b5cc340cede9866898c - ::1
[2026-04-14T05:20:49.323Z] [ACCESS] GET /api/follow/status/69ccd94bf0258471755c73fa - ::1
[2026-04-14T05:20:49.336Z] [ACCESS] GET /api/follow/status/69a07d12c340cede98668a79 - ::1
[2026-04-14T05:20:49.352Z] [ACCESS] GET /api/follow/status/69a07e11c340cede98668aff - ::1
[2026-04-14T05:20:49.357Z] [ACCESS] GET /api/sos/history - ::1
[2026-04-14T05:20:49.363Z] [ACCESS] GET /api/follow/status/69a07c4fc340cede986689f9 - ::1
[2026-04-14T05:20:49.371Z] [ACCESS] GET /api/follow/status/69ccc52df8485d977a7fc7d3 - ::1
[2026-04-14T05:20:49.377Z] [ACCESS] GET /api/follow/status/69a07b5cc340cede9866898c - ::1
[2026-04-14T05:20:49.385Z] [ACCESS] GET /api/follow/status/69ccd94bf0258471755c73fa - ::1
[2026-04-14T05:20:49.403Z] [ACCESS] GET /api/sos/history - ::1
[2026-04-14T05:20:57.527Z] [ACCESS] GET /api/sos/history - ::1
[2026-04-14T05:20:57.544Z] [ACCESS] GET /api/chat/chats - ::1
[2026-04-14T05:20:57.552Z] [ACCESS] GET /api/sos/history - ::1
[2026-04-14T05:20:57.571Z] [ACCESS] GET /api/chat/chats - ::1
[2026-04-14T05:20:57.587Z] [ACCESS] GET /api/chat/chats - ::1
[2026-04-14T05:20:57.600Z] [ACCESS] GET /api/chat/chats - ::1
[2026-04-14T05:20:57.614Z] [ACCESS] GET /api/chat/chats - ::1
[2026-04-14T05:21:05.396Z] [ACCESS] GET /api/help/help-requests/volunteering - ::1
[2026-04-14T05:21:05.403Z] [ACCESS] GET /api/help/help-requests/my - ::1
[2026-04-14T05:21:05.408Z] [ACCESS] GET /api/chat/chats - ::1
[2026-04-14T05:21:05.413Z] [ACCESS] GET /api/help/items/user/me - ::1
[2026-04-14T05:21:05.425Z] [ACCESS] GET /api/help/help-requests/public?page=1&limit=10&type=&urgency=&location=&search=&category=&condition= - ::1
[2026-04-14T05:21:05.431Z] [ACCESS] GET /api/help/items?page=1&limit=12&type=&status=available&urgency=&location=&search=&category=&condition= - ::1
[2026-04-14T05:21:05.503Z] [ACCESS] GET /api/help/nearby-opportunities - ::1
[2026-04-14T05:21:05.541Z] [ACCESS] GET /api/help/items/user/me - ::1
[2026-04-14T05:21:05.561Z] [ACCESS] GET /api/chat/chats - ::1
[2026-04-14T05:21:05.567Z] [ACCESS] GET /api/sos/history - ::1
[2026-04-14T05:21:05.572Z] [ACCESS] GET /api/help/help-requests/public?page=1&limit=10&type=&urgency=&location=&search=&category=&condition= - ::1
[2026-04-14T05:21:05.579Z] [ACCESS] GET /api/help/items?page=1&limit=12&type=&status=available&urgency=&location=&search=&category=&condition= - ::1
[2026-04-14T05:21:05.595Z] [ACCESS] GET /api/help/help-requests/volunteering - ::1
[2026-04-14T05:21:05.609Z] [ACCESS] GET /api/help/help-requests/my - ::1
[2026-04-14T05:21:05.619Z] [ACCESS] GET /api/help/nearby-opportunities - ::1
[2026-04-14T05:21:07.874Z] [ACCESS] GET /api/elderly/profile/69a07938c340cede98668815 - ::1
[2026-04-14T05:21:07.891Z] [ACCESS] GET /api/elderly/profile/69a07938c340cede98668815 - ::1
[2026-04-14T05:21:07.965Z] [ACCESS] GET /api/sos/history - ::1
[2026-04-14T05:21:07.977Z] [ACCESS] GET /api/sos/history - ::1
[2026-04-14T05:21:07.995Z] [ACCESS] GET /api/chat/chats - ::1
[2026-04-14T05:21:08.021Z] [ACCESS] GET /api/chat/chats - ::1
[2026-04-14T05:21:12.581Z] [ACCESS] GET /api/follow/feed - ::1
[2026-04-14T05:21:12.649Z] [ACCESS] GET /api/sos/history - ::1
[2026-04-14T05:21:12.654Z] [ACCESS] GET /api/chat/chats - ::1
[2026-04-14T05:21:12.662Z] [ACCESS] GET /api/follow/feed - ::1
[2026-04-14T05:21:12.698Z] [ACCESS] GET /api/sos/history - ::1
[2026-04-14T05:21:12.705Z] [ACCESS] GET /api/chat/chats - ::1
[2026-04-14T05:21:42.661Z] [ACCESS] GET /api/chat/chats - ::1
[2026-04-14T05:22:12.657Z] [ACCESS] GET /api/chat/chats - ::1
[2026-04-14T05:22:42.657Z] [ACCESS] GET /api/chat/chats - ::1
[2026-04-14T05:23:12.649Z] [ACCESS] GET /api/chat/chats - ::1
[2026-04-14T05:23:42.655Z] [ACCESS] GET /api/chat/chats - ::1
[2026-04-14T05:24:12.651Z] [ACCESS] GET /api/chat/chats - ::1
[2026-04-14T05:24:42.649Z] [ACCESS] GET /api/chat/chats - ::1
[2026-04-14T05:25:12.662Z] [ACCESS] GET /api/chat/chats - ::1
[2026-04-14T05:29:59.069Z] [ACCESS] GET /api/chat/chats - ::1
[2026-04-14T05:29:59.220Z] [ACCESS] GET /api/follow/feed - ::1
[2026-04-14T05:29:59.241Z] [ACCESS] GET /api/follow/feed - ::1
[2026-04-14T05:29:59.263Z] [ACCESS] GET /api/sos/history - ::1
[2026-04-14T05:29:59.271Z] [ACCESS] GET /api/sos/history - ::1
[2026-04-14T05:29:59.282Z] [ACCESS] GET /api/chat/chats - ::1
[2026-04-14T05:29:59.290Z] [ACCESS] GET /api/chat/chats - ::1
[2026-04-14T05:30:03.010Z] [ACCESS] GET /api/elderly/profile/69a07938c340cede98668815 - ::1
[2026-04-14T05:30:03.017Z] [ACCESS] GET /api/elderly/posts/user/69a07938c340cede98668815 - ::1
[2026-04-14T05:30:03.056Z] [ACCESS] GET /api/elderly/posts/user/69a07938c340cede98668815 - ::1
[2026-04-14T05:30:03.138Z] [ACCESS] GET /api/sos/history - ::1
[2026-04-14T05:30:03.150Z] [ACCESS] GET /api/sos/history - ::1
[2026-04-14T05:30:03.037Z] [ACCESS] GET /api/elderly/profile/69a07938c340cede98668815 - ::1
[2026-04-14T05:30:03.171Z] [ACCESS] GET /api/chat/chats - ::1
[2026-04-14T05:30:03.189Z] [ACCESS] GET /api/chat/chats - ::1
[2026-04-14T05:30:04.933Z] [ACCESS] GET /api/chat/chats - ::1
[2026-04-14T05:30:04.938Z] [ACCESS] GET /api/elderly/users/all - ::1
[2026-04-14T05:30:04.943Z] [ACCESS] GET /api/elderly/users/suggested?limit=3 - ::1
[2026-04-14T05:30:05.058Z] [ACCESS] GET /api/chat/chats - ::1
[2026-04-14T05:30:05.061Z] [ACCESS] GET /api/elderly/users/all - ::1
[2026-04-14T05:30:05.084Z] [ACCESS] GET /api/elderly/users/suggested?limit=3 - ::1
[2026-04-14T05:30:05.091Z] [ACCESS] GET /api/follow/status/69a07d12c340cede98668a79 - ::1
[2026-04-14T05:30:05.114Z] [ACCESS] GET /api/follow/status/69a07e11c340cede98668aff - ::1
[2026-04-14T05:30:05.124Z] [ACCESS] GET /api/follow/status/69a07c4fc340cede986689f9 - ::1
[2026-04-14T05:30:05.131Z] [ACCESS] GET /api/follow/status/69ccc52df8485d977a7fc7d3 - ::1
[2026-04-14T05:30:05.145Z] [ACCESS] GET /api/follow/status/69a07b5cc340cede9866898c - ::1
[2026-04-14T05:30:05.240Z] [ACCESS] GET /api/follow/status/69ccd94bf0258471755c73fa - ::1
[2026-04-14T05:30:05.251Z] [ACCESS] GET /api/sos/history - ::1
[2026-04-14T05:30:05.258Z] [ACCESS] GET /api/follow/status/69a07d12c340cede98668a79 - ::1
[2026-04-14T05:30:05.263Z] [ACCESS] GET /api/follow/status/69a07e11c340cede98668aff - ::1
[2026-04-14T05:30:05.268Z] [ACCESS] GET /api/follow/status/69a07c4fc340cede986689f9 - ::1
[2026-04-14T05:30:05.280Z] [ACCESS] GET /api/follow/status/69ccc52df8485d977a7fc7d3 - ::1
[2026-04-14T05:30:05.283Z] [ACCESS] GET /api/follow/status/69a07b5cc340cede9866898c - ::1
[2026-04-14T05:30:05.295Z] [ACCESS] GET /api/follow/status/69ccd94bf0258471755c73fa - ::1
[2026-04-14T05:30:05.300Z] [ACCESS] GET /api/sos/history - ::1
[2026-04-14T05:30:34.920Z] [ACCESS] GET /api/chat/chats - ::1
[2026-04-14T05:31:04.926Z] [ACCESS] GET /api/chat/chats - ::1
[2026-04-14T05:31:34.922Z] [ACCESS] GET /api/chat/chats - ::1
[2026-04-14T05:32:04.927Z] [ACCESS] GET /api/chat/chats - ::1
[2026-04-14T05:32:34.928Z] [ACCESS] GET /api/chat/chats - ::1
[2026-04-14T05:33:04.919Z] [ACCESS] GET /api/chat/chats - ::1
[2026-04-14T05:33:34.929Z] [ACCESS] GET /api/chat/chats - ::1
[2026-04-14T05:34:05.437Z] [ACCESS] GET /api/chat/chats - ::1
[2026-04-14T05:34:35.438Z] [ACCESS] GET /api/chat/chats - ::1
[2026-04-14T05:35:14.456Z] [ACCESS] GET /api/chat/chats - ::1
[2026-04-14T05:36:14.448Z] [ACCESS] GET /api/chat/chats - ::1
[2026-04-14T05:37:14.431Z] [ACCESS] GET /api/chat/chats - ::1
[2026-04-14T05:38:14.434Z] [ACCESS] GET /api/chat/chats - ::1
[2026-04-14T05:39:14.446Z] [ACCESS] GET /api/chat/chats - ::1
[2026-04-14T05:42:22.536Z] [ACCESS] GET /api/chat/chats - ::1
[2026-04-14T05:42:22.768Z] [ACCESS] GET /api/chat/chats - ::1
[2026-04-14T05:42:22.772Z] [ACCESS] GET /api/elderly/users/all - ::1
[2026-04-14T05:42:22.774Z] [ACCESS] GET /api/elderly/users/suggested?limit=3 - ::1
[2026-04-14T05:42:22.786Z] [ACCESS] GET /api/chat/chats - ::1
[2026-04-14T05:42:22.830Z] [ACCESS] GET /api/elderly/users/all - ::1
[2026-04-14T05:42:22.835Z] [ACCESS] GET /api/elderly/users/suggested?limit=3 - ::1
[2026-04-14T05:42:22.849Z] [ACCESS] GET /api/follow/status/69a07d12c340cede98668a79 - ::1
[2026-04-14T05:42:22.853Z] [ACCESS] GET /api/follow/status/69a07e11c340cede98668aff - ::1
[2026-04-14T05:42:22.886Z] [ACCESS] GET /api/follow/status/69a07c4fc340cede986689f9 - ::1
[2026-04-14T05:42:22.888Z] [ACCESS] GET /api/follow/status/69ccc52df8485d977a7fc7d3 - ::1
[2026-04-14T05:42:22.891Z] [ACCESS] GET /api/follow/status/69a07b5cc340cede9866898c - ::1
[2026-04-14T05:42:22.895Z] [ACCESS] GET /api/follow/status/69ccd94bf0258471755c73fa - ::1
[2026-04-14T05:42:22.908Z] [ACCESS] GET /api/follow/status/69a07d12c340cede98668a79 - ::1
[2026-04-14T05:42:22.913Z] [ACCESS] GET /api/follow/status/69a07e11c340cede98668aff - ::1
[2026-04-14T05:42:22.916Z] [ACCESS] GET /api/follow/status/69a07c4fc340cede986689f9 - ::1
[2026-04-14T05:42:22.920Z] [ACCESS] GET /api/follow/status/69ccc52df8485d977a7fc7d3 - ::1
[2026-04-14T05:42:22.922Z] [ACCESS] GET /api/follow/status/69a07b5cc340cede9866898c - ::1
[2026-04-14T05:42:22.925Z] [ACCESS] GET /api/follow/status/69ccd94bf0258471755c73fa - ::1
[2026-04-14T05:42:22.939Z] [ACCESS] GET /api/sos/history - ::1
[2026-04-14T05:42:22.943Z] [ACCESS] GET /api/sos/history - ::1
[2026-04-14T05:42:53.445Z] [ACCESS] GET /api/chat/chats - ::1
[2026-04-14T05:43:02.471Z] [ACCESS] GET /api/elderly/users/all - ::1
[2026-04-14T05:43:02.477Z] [ACCESS] GET /api/elderly/users/suggested?limit=3 - ::1
[2026-04-14T05:43:02.466Z] [ACCESS] GET /api/chat/chats - ::1
[2026-04-14T05:43:02.639Z] [ACCESS] GET /api/follow/status/69a07d12c340cede98668a79 - ::1
[2026-04-14T05:43:02.645Z] [ACCESS] GET /api/follow/status/69a07e11c340cede98668aff - ::1
[2026-04-14T05:43:02.654Z] [ACCESS] GET /api/follow/status/69a07c4fc340cede986689f9 - ::1
[2026-04-14T05:43:02.660Z] [ACCESS] GET /api/follow/status/69ccc52df8485d977a7fc7d3 - ::1
[2026-04-14T05:43:02.667Z] [ACCESS] GET /api/follow/status/69a07b5cc340cede9866898c - ::1
[2026-04-14T05:43:02.674Z] [ACCESS] GET /api/follow/status/69ccd94bf0258471755c73fa - ::1
[2026-04-14T05:43:02.702Z] [ACCESS] GET /api/sos/history - ::1
[2026-04-14T05:43:02.724Z] [ACCESS] GET /api/sos/history - ::1
[2026-04-14T05:43:08.517Z] [ACCESS] GET /api/chat/chats - ::1
[2026-04-14T05:43:08.521Z] [ACCESS] GET /api/elderly/users/all - ::1
[2026-04-14T05:43:08.525Z] [ACCESS] GET /api/elderly/users/suggested?limit=3 - ::1
[2026-04-14T05:43:08.547Z] [ACCESS] GET /api/chat/chats - ::1
[2026-04-14T05:43:08.551Z] [ACCESS] GET /api/elderly/users/all - ::1
[2026-04-14T05:43:08.649Z] [ACCESS] GET /api/follow/status/69a07d12c340cede98668a79 - ::1
[2026-04-14T05:43:08.655Z] [ACCESS] GET /api/follow/status/69a07e11c340cede98668aff - ::1
[2026-04-14T05:43:08.659Z] [ACCESS] GET /api/follow/status/69a07c4fc340cede986689f9 - ::1
[2026-04-14T05:43:08.680Z] [ACCESS] GET /api/elderly/users/suggested?limit=3 - ::1
[2026-04-14T05:43:08.684Z] [ACCESS] GET /api/follow/status/69ccc52df8485d977a7fc7d3 - ::1
[2026-04-14T05:43:08.691Z] [ACCESS] GET /api/follow/status/69a07b5cc340cede9866898c - ::1
[2026-04-14T05:43:08.697Z] [ACCESS] GET /api/follow/status/69ccd94bf0258471755c73fa - ::1
[2026-04-14T05:43:08.709Z] [ACCESS] GET /api/sos/history - ::1
[2026-04-14T05:43:08.789Z] [ACCESS] GET /api/follow/status/69a07d12c340cede98668a79 - ::1
[2026-04-14T05:43:08.792Z] [ACCESS] GET /api/follow/status/69a07e11c340cede98668aff - ::1
[2026-04-14T05:43:08.795Z] [ACCESS] GET /api/follow/status/69a07c4fc340cede986689f9 - ::1
[2026-04-14T05:43:08.832Z] [ACCESS] GET /api/follow/status/69ccc52df8485d977a7fc7d3 - ::1
[2026-04-14T05:43:08.845Z] [ACCESS] GET /api/follow/status/69a07b5cc340cede9866898c - ::1
[2026-04-14T05:43:08.894Z] [ACCESS] GET /api/follow/status/69ccd94bf0258471755c73fa - ::1
[2026-04-14T05:43:08.946Z] [ACCESS] GET /api/sos/history - ::1
[2026-04-14T05:43:11.690Z] [ACCESS] GET /api/chat/chats - ::1
[2026-04-14T05:43:11.693Z] [ACCESS] GET /api/elderly/users/all - ::1
[2026-04-14T05:43:11.696Z] [ACCESS] GET /api/elderly/users/suggested?limit=3 - ::1
[2026-04-14T05:43:11.810Z] [ACCESS] GET /api/chat/chats - ::1
[2026-04-14T05:43:11.821Z] [ACCESS] GET /api/elderly/users/suggested?limit=3 - ::1
[2026-04-14T05:43:11.826Z] [ACCESS] GET /api/elderly/users/all - ::1
[2026-04-14T05:43:11.841Z] [ACCESS] GET /api/follow/status/69a07e11c340cede98668aff - ::1
[2026-04-14T05:43:11.830Z] [ACCESS] GET /api/follow/status/69a07d12c340cede98668a79 - ::1
[2026-04-14T05:43:11.846Z] [ACCESS] GET /api/follow/status/69a07c4fc340cede986689f9 - ::1
[2026-04-14T05:43:11.944Z] [ACCESS] GET /api/follow/status/69ccc52df8485d977a7fc7d3 - ::1
[2026-04-14T05:43:11.950Z] [ACCESS] GET /api/follow/status/69a07b5cc340cede9866898c - ::1
[2026-04-14T05:43:11.955Z] [ACCESS] GET /api/follow/status/69ccd94bf0258471755c73fa - ::1
[2026-04-14T05:43:11.960Z] [ACCESS] GET /api/sos/history - ::1
[2026-04-14T05:43:11.975Z] [ACCESS] GET /api/follow/status/69a07d12c340cede98668a79 - ::1
[2026-04-14T05:43:11.981Z] [ACCESS] GET /api/follow/status/69a07e11c340cede98668aff - ::1
[2026-04-14T05:43:11.995Z] [ACCESS] GET /api/follow/status/69a07c4fc340cede986689f9 - ::1
[2026-04-14T05:43:12.006Z] [ACCESS] GET /api/follow/status/69a07b5cc340cede9866898c - ::1
[2026-04-14T05:43:12.009Z] [ACCESS] GET /api/follow/status/69ccc52df8485d977a7fc7d3 - ::1
[2026-04-14T05:43:12.014Z] [ACCESS] GET /api/follow/status/69ccd94bf0258471755c73fa - ::1
[2026-04-14T05:43:12.021Z] [ACCESS] GET /api/sos/history - ::1
[2026-04-14T05:43:21.766Z] [ACCESS] GET /api/sos/history - ::1
[2026-04-14T05:43:21.771Z] [ACCESS] GET /api/chat/chats - ::1
[2026-04-14T05:43:21.783Z] [ACCESS] GET /api/sos/history - ::1
[2026-04-14T05:43:21.794Z] [ACCESS] GET /api/chat/chats - ::1
[2026-04-14T05:43:21.810Z] [ACCESS] GET /api/chat/chats - ::1
[2026-04-14T05:43:21.821Z] [ACCESS] GET /api/chat/chats - ::1
[2026-04-14T05:43:21.833Z] [ACCESS] GET /api/chat/chats - ::1
[2026-04-14T05:43:24.077Z] [ACCESS] GET /api/chat/messages/69b424eadf06d1e69c022be9?page=1 - ::1
[2026-04-14T05:43:26.541Z] [ACCESS] GET /api/chat/messages/69a11eb71851e457dd13da59?page=1 - ::1
[2026-04-14T05:43:27.669Z] [ACCESS] GET /api/chat/messages/69b424eadf06d1e69c022be9?page=1 - ::1
[2026-04-14T05:43:29.901Z] [ACCESS] GET /api/chat/chats - ::1
[2026-04-14T05:43:29.907Z] [ACCESS] GET /api/elderly/users/all - ::1
[2026-04-14T05:43:29.913Z] [ACCESS] GET /api/elderly/users/suggested?limit=3 - ::1
[2026-04-14T05:43:30.047Z] [ACCESS] GET /api/chat/chats - ::1
[2026-04-14T05:43:30.051Z] [ACCESS] GET /api/elderly/users/all - ::1
[2026-04-14T05:43:30.071Z] [ACCESS] GET /api/elderly/users/suggested?limit=3 - ::1
[2026-04-14T05:43:30.073Z] [ACCESS] GET /api/follow/status/69a07d12c340cede98668a79 - ::1
[2026-04-14T05:43:30.087Z] [ACCESS] GET /api/follow/status/69a07e11c340cede98668aff - ::1
[2026-04-14T05:43:30.090Z] [ACCESS] GET /api/follow/status/69ccc52df8485d977a7fc7d3 - ::1
[2026-04-14T05:43:30.127Z] [ACCESS] GET /api/follow/status/69ccd94bf0258471755c73fa - ::1
[2026-04-14T05:43:30.121Z] [ACCESS] GET /api/follow/status/69a07b5cc340cede9866898c - ::1
[2026-04-14T05:43:30.217Z] [ACCESS] GET /api/follow/status/69a07c4fc340cede986689f9 - ::1
[2026-04-14T05:43:30.225Z] [ACCESS] GET /api/follow/status/69a07d12c340cede98668a79 - ::1
[2026-04-14T05:43:30.221Z] [ACCESS] GET /api/sos/history - ::1
[2026-04-14T05:43:30.230Z] [ACCESS] GET /api/follow/status/69ccc52df8485d977a7fc7d3 - ::1
[2026-04-14T05:43:30.242Z] [ACCESS] GET /api/follow/status/69a07e11c340cede98668aff - ::1
[2026-04-14T05:43:30.246Z] [ACCESS] GET /api/follow/status/69a07b5cc340cede9866898c - ::1
[2026-04-14T05:43:30.253Z] [ACCESS] GET /api/follow/status/69ccd94bf0258471755c73fa - ::1
[2026-04-14T05:43:30.259Z] [ACCESS] GET /api/follow/status/69a07c4fc340cede986689f9 - ::1
[2026-04-14T05:43:30.266Z] [ACCESS] GET /api/sos/history - ::1
[2026-04-14T05:43:31.496Z] [ACCESS] GET /api/elderly/profile/69a07938c340cede98668815 - ::1
[2026-04-14T05:43:31.503Z] [ACCESS] GET /api/elderly/posts/user/69a07938c340cede98668815 - ::1
[2026-04-14T05:43:31.527Z] [ACCESS] GET /api/elderly/profile/69a07938c340cede98668815 - ::1
[2026-04-14T05:43:31.539Z] [ACCESS] GET /api/elderly/posts/user/69a07938c340cede98668815 - ::1
[2026-04-14T05:43:31.593Z] [ACCESS] GET /api/sos/history - ::1
[2026-04-14T05:43:31.603Z] [ACCESS] GET /api/sos/history - ::1
[2026-04-14T05:43:31.616Z] [ACCESS] GET /api/chat/chats - ::1
[2026-04-14T05:43:31.629Z] [ACCESS] GET /api/chat/chats - ::1
[2026-04-14T05:43:33.259Z] [ACCESS] GET /api/follow/feed - ::1
[2026-04-14T05:43:33.293Z] [ACCESS] GET /api/follow/feed - ::1
[2026-04-14T05:43:33.311Z] [ACCESS] GET /api/sos/history - ::1
[2026-04-14T05:43:33.334Z] [ACCESS] GET /api/sos/history - ::1
[2026-04-14T05:43:33.350Z] [ACCESS] GET /api/chat/chats - ::1
[2026-04-14T05:43:33.367Z] [ACCESS] GET /api/chat/chats - ::1
[2026-04-14T05:43:34.258Z] [ACCESS] GET /api/elderly/profile/69a07938c340cede98668815 - ::1
[2026-04-14T05:43:34.264Z] [ACCESS] GET /api/elderly/posts/user/69a07938c340cede98668815 - ::1
[2026-04-14T05:43:34.290Z] [ACCESS] GET /api/elderly/profile/69a07938c340cede98668815 - ::1
[2026-04-14T05:43:34.307Z] [ACCESS] GET /api/elderly/posts/user/69a07938c340cede98668815 - ::1
[2026-04-14T05:43:34.367Z] [ACCESS] GET /api/sos/history - ::1
[2026-04-14T05:43:34.379Z] [ACCESS] GET /api/sos/history - ::1
[2026-04-14T05:43:34.402Z] [ACCESS] GET /api/chat/chats - ::1
[2026-04-14T05:43:34.420Z] [ACCESS] GET /api/chat/chats - ::1
[2026-04-14T05:43:35.558Z] [ACCESS] GET /api/chat/chats - ::1
[2026-04-14T05:43:35.563Z] [ACCESS] GET /api/help/help-requests/my - ::1
[2026-04-14T05:43:35.569Z] [ACCESS] GET /api/help/help-requests/volunteering - ::1
[2026-04-14T05:43:35.575Z] [ACCESS] GET /api/help/items/user/me - ::1
[2026-04-14T05:43:35.587Z] [ACCESS] GET /api/help/help-requests/public?page=1&limit=10&type=&urgency=&location=&search=&category=&condition= - ::1
[2026-04-14T05:43:35.598Z] [ACCESS] GET /api/help/items?page=1&limit=12&type=&status=available&urgency=&location=&search=&category=&condition= - ::1
[2026-04-14T05:43:35.643Z] [ACCESS] GET /api/help/nearby-opportunities - ::1
[2026-04-14T05:43:35.651Z] [ACCESS] GET /api/help/items/user/me - ::1
[2026-04-14T05:43:35.666Z] [ACCESS] GET /api/chat/chats - ::1
[2026-04-14T05:43:35.686Z] [ACCESS] GET /api/help/help-requests/my - ::1
[2026-04-14T05:43:35.691Z] [ACCESS] GET /api/sos/history - ::1
[2026-04-14T05:43:35.697Z] [ACCESS] GET /api/help/help-requests/public?page=1&limit=10&type=&urgency=&location=&search=&category=&condition= - ::1
[2026-04-14T05:43:35.705Z] [ACCESS] GET /api/help/items?page=1&limit=12&type=&status=available&urgency=&location=&search=&category=&condition= - ::1
[2026-04-14T05:43:35.720Z] [ACCESS] GET /api/help/help-requests/volunteering - ::1
[2026-04-14T05:43:35.738Z] [ACCESS] GET /api/help/nearby-opportunities - ::1
[2026-04-14T05:44:06.438Z] [ACCESS] GET /api/chat/chats - ::1
[2026-04-14T05:44:36.442Z] [ACCESS] GET /api/chat/chats - ::1
[2026-04-14T05:45:06.446Z] [ACCESS] GET /api/chat/chats - ::1
[2026-04-14T05:45:36.447Z] [ACCESS] GET /api/chat/chats - ::1
[2026-04-14T05:46:06.437Z] [ACCESS] GET /api/chat/chats - ::1
[2026-04-14T05:46:36.455Z] [ACCESS] GET /api/chat/chats - ::1
[2026-04-14T05:47:14.441Z] [ACCESS] GET /api/chat/chats - ::1
[2026-04-14T05:48:14.446Z] [ACCESS] GET /api/chat/chats - ::1
[2026-04-14T05:49:14.442Z] [ACCESS] GET /api/chat/chats - ::1
[2026-04-14T05:50:14.434Z] [ACCESS] GET /api/chat/chats - ::1
[2026-04-14T05:51:14.435Z] [ACCESS] GET /api/chat/chats - ::1
[2026-04-14T05:53:54.752Z] [ACCESS] GET /api/chat/chats - ::1
[2026-04-14T05:53:55.007Z] [ACCESS] GET /api/chat/chats - ::1
[2026-04-14T05:53:55.013Z] [ACCESS] GET /api/help/help-requests/my - ::1
[2026-04-14T05:53:55.021Z] [ACCESS] GET /api/help/help-requests/volunteering - ::1
[2026-04-14T05:53:55.025Z] [ACCESS] GET /api/help/items/user/me - ::1
[2026-04-14T05:53:55.029Z] [ACCESS] GET /api/chat/chats - ::1
[2026-04-14T05:53:55.040Z] [ACCESS] GET /api/help/help-requests/public?page=1&limit=10&type=&urgency=&location=&search=&category=&condition= - ::1
[2026-04-14T05:53:55.045Z] [ACCESS] GET /api/help/nearby-opportunities - ::1
[2026-04-14T05:53:55.053Z] [ACCESS] GET /api/help/items?page=1&limit=12&type=&status=available&urgency=&location=&search=&category=&condition= - ::1
[2026-04-14T05:53:55.057Z] [ACCESS] GET /api/help/help-requests/my - ::1
[2026-04-14T05:53:55.059Z] [ACCESS] GET /api/help/items/user/me - ::1
[2026-04-14T05:53:55.079Z] [ACCESS] GET /api/help/help-requests/volunteering - ::1
[2026-04-14T05:53:55.091Z] [ACCESS] GET /api/help/nearby-opportunities - ::1
[2026-04-14T05:53:55.095Z] [ACCESS] GET /api/help/help-requests/public?page=1&limit=10&type=&urgency=&location=&search=&category=&condition= - ::1
[2026-04-14T05:53:55.105Z] [ACCESS] GET /api/help/items?page=1&limit=12&type=&status=available&urgency=&location=&search=&category=&condition= - ::1
[2026-04-14T05:53:55.151Z] [ACCESS] GET /api/sos/history - ::1
[2026-04-14T05:54:25.447Z] [ACCESS] GET /api/chat/chats - ::1
[2026-04-14T06:17:06.385Z] [ACCESS] GET /api/chat/chats - ::1
[2026-04-14T06:17:07.010Z] [ACCESS] GET /api/chat/chats - ::1
[2026-04-14T06:17:07.013Z] [ACCESS] GET /api/help/help-requests/my - ::1
[2026-04-14T06:17:07.016Z] [ACCESS] GET /api/help/help-requests/volunteering - ::1
[2026-04-14T06:17:07.020Z] [ACCESS] GET /api/help/items/user/me - ::1
[2026-04-14T06:17:07.023Z] [ACCESS] GET /api/help/help-requests/public?page=1&limit=10&type=&urgency=&location=&search=&category=&condition= - ::1
[2026-04-14T06:17:07.027Z] [ACCESS] GET /api/help/items?page=1&limit=12&type=&status=available&urgency=&location=&search=&category=&condition= - ::1
[2026-04-14T06:17:07.075Z] [ACCESS] GET /api/help/nearby-opportunities - ::1
[2026-04-14T06:17:07.103Z] [ACCESS] GET /api/sos/history - ::1
[2026-04-14T06:17:15.170Z] [ACCESS] GET /api/help/items?page=1&limit=12&type=&status=available&urgency=&location=&search=&category=&condition= - ::1
[2026-04-14T06:17:17.480Z] [ACCESS] GET /api/help/help-requests/public?page=1&limit=10&type=&urgency=&location=&search=&category=&condition= - ::1
[2026-04-14T06:17:23.027Z] [ACCESS] GET /api/chat/chats - ::1
[2026-04-14T06:17:23.030Z] [ACCESS] GET /api/help/help-requests/my - ::1
[2026-04-14T06:17:23.035Z] [ACCESS] GET /api/help/help-requests/volunteering - ::1
[2026-04-14T06:17:23.037Z] [ACCESS] GET /api/help/items/user/me - ::1
[2026-04-14T06:17:23.040Z] [ACCESS] GET /api/help/help-requests/public?page=1&limit=10&type=&urgency=&location=&search=&category=&condition= - ::1
[2026-04-14T06:17:23.045Z] [ACCESS] GET /api/help/items?page=1&limit=12&type=&status=available&urgency=&location=&search=&category=&condition= - ::1
[2026-04-14T06:17:23.085Z] [ACCESS] GET /api/help/nearby-opportunities - ::1
[2026-04-14T06:17:23.089Z] [ACCESS] GET /api/help/items/user/me - ::1
[2026-04-14T06:17:23.096Z] [ACCESS] GET /api/chat/chats - ::1
[2026-04-14T06:17:23.105Z] [ACCESS] GET /api/help/help-requests/my - ::1
[2026-04-14T06:17:23.111Z] [ACCESS] GET /api/help/help-requests/volunteering - ::1
[2026-04-14T06:17:23.117Z] [ACCESS] GET /api/sos/history - ::1
[2026-04-14T06:17:23.143Z] [ACCESS] GET /api/help/items?page=1&limit=12&type=&status=available&urgency=&location=&search=&category=&condition= - ::1
[2026-04-14T06:17:23.156Z] [ACCESS] GET /api/help/help-requests/public?page=1&limit=10&type=&urgency=&location=&search=&category=&condition= - ::1
[2026-04-14T06:17:23.173Z] [ACCESS] GET /api/help/nearby-opportunities - ::1
[2026-04-14T06:17:30.799Z] [ACCESS] GET /api/elderly/profile/69a07938c340cede98668815 - ::1
[2026-04-14T06:17:30.811Z] [ACCESS] GET /api/elderly/profile/69a07938c340cede98668815 - ::1
[2026-04-14T06:17:30.850Z] [ACCESS] GET /api/sos/history - ::1
[2026-04-14T06:17:30.858Z] [ACCESS] GET /api/sos/history - ::1
[2026-04-14T06:17:30.868Z] [ACCESS] GET /api/chat/chats - ::1
[2026-04-14T06:17:30.883Z] [ACCESS] GET /api/chat/chats - ::1
[2026-04-14T06:17:33.021Z] [ACCESS] GET /api/sos/history - ::1
[2026-04-14T06:17:33.034Z] [ACCESS] GET /api/chat/chats - ::1
[2026-04-14T06:17:33.043Z] [ACCESS] GET /api/sos/history - ::1
[2026-04-14T06:17:33.060Z] [ACCESS] GET /api/chat/chats - ::1
[2026-04-14T06:17:33.071Z] [ACCESS] GET /api/chat/chats - ::1
[2026-04-14T06:17:33.084Z] [ACCESS] GET /api/chat/chats - ::1
[2026-04-14T06:17:33.096Z] [ACCESS] GET /api/chat/chats - ::1
[2026-04-14T06:17:35.000Z] [ACCESS] GET /api/chat/chats - ::1
[2026-04-14T06:17:35.005Z] [ACCESS] GET /api/help/help-requests/volunteering - ::1
[2026-04-14T06:17:35.009Z] [ACCESS] GET /api/help/help-requests/my - ::1
[2026-04-14T06:17:35.028Z] [ACCESS] GET /api/help/items/user/me - ::1
[2026-04-14T06:17:35.034Z] [ACCESS] GET /api/help/items?page=1&limit=12&type=&status=available&urgency=&location=&search=&category=&condition= - ::1
[2026-04-14T06:17:35.031Z] [ACCESS] GET /api/help/help-requests/public?page=1&limit=10&type=&urgency=&location=&search=&category=&condition= - ::1
[2026-04-14T06:17:35.050Z] [ACCESS] GET /api/help/nearby-opportunities - ::1
[2026-04-14T06:17:35.059Z] [ACCESS] GET /api/chat/chats - ::1
[2026-04-14T06:17:35.056Z] [ACCESS] GET /api/sos/history - ::1
[2026-04-14T06:17:35.070Z] [ACCESS] GET /api/help/help-requests/volunteering - ::1
[2026-04-14T06:17:35.091Z] [ACCESS] GET /api/help/help-requests/my - ::1
[2026-04-14T06:17:35.102Z] [ACCESS] GET /api/help/help-requests/public?page=1&limit=10&type=&urgency=&location=&search=&category=&condition= - ::1
[2026-04-14T06:17:35.100Z] [ACCESS] GET /api/help/items/user/me - ::1
[2026-04-14T06:17:35.106Z] [ACCESS] GET /api/help/items?page=1&limit=12&type=&status=available&urgency=&location=&search=&category=&condition= - ::1
[2026-04-14T06:17:35.112Z] [ACCESS] GET /api/help/nearby-opportunities - ::1
[2026-04-14T06:17:36.781Z] [ACCESS] GET /api/chat/chats - ::1
[2026-04-14T06:17:36.791Z] [ACCESS] GET /api/elderly/users/all - ::1
[2026-04-14T06:17:36.807Z] [ACCESS] GET /api/elderly/users/suggested?limit=3 - ::1
[2026-04-14T06:17:36.822Z] [ACCESS] GET /api/elderly/users/all - ::1
[2026-04-14T06:17:36.920Z] [ACCESS] GET /api/chat/chats - ::1
[2026-04-14T06:17:36.924Z] [ACCESS] GET /api/follow/status/69a07d12c340cede98668a79 - ::1
[2026-04-14T06:17:36.933Z] [ACCESS] GET /api/follow/status/69a07e11c340cede98668aff - ::1
[2026-04-14T06:17:36.939Z] [ACCESS] GET /api/follow/status/69a07c4fc340cede986689f9 - ::1
[2026-04-14T06:17:36.943Z] [ACCESS] GET /api/follow/status/69ccc52df8485d977a7fc7d3 - ::1
[2026-04-14T06:17:36.959Z] [ACCESS] GET /api/follow/status/69a07b5cc340cede9866898c - ::1
[2026-04-14T06:17:36.978Z] [ACCESS] GET /api/elderly/users/suggested?limit=3 - ::1
[2026-04-14T06:17:36.983Z] [ACCESS] GET /api/follow/status/69ccd94bf0258471755c73fa - ::1
[2026-04-14T06:17:36.987Z] [ACCESS] GET /api/follow/status/69a07d12c340cede98668a79 - ::1
[2026-04-14T06:17:36.991Z] [ACCESS] GET /api/follow/status/69a07e11c340cede98668aff - ::1
[2026-04-14T06:17:36.995Z] [ACCESS] GET /api/follow/status/69a07c4fc340cede986689f9 - ::1
[2026-04-14T06:17:37.008Z] [ACCESS] GET /api/follow/status/69ccc52df8485d977a7fc7d3 - ::1
[2026-04-14T06:17:37.077Z] [ACCESS] GET /api/sos/history - ::1
[2026-04-14T06:17:37.080Z] [ACCESS] GET /api/follow/status/69a07b5cc340cede9866898c - ::1
[2026-04-14T06:17:37.120Z] [ACCESS] GET /api/follow/status/69ccd94bf0258471755c73fa - ::1
[2026-04-14T06:17:37.185Z] [ACCESS] GET /api/sos/history - ::1
[2026-04-14T06:17:38.413Z] [ACCESS] GET /api/follow/feed - ::1
[2026-04-14T06:17:38.445Z] [ACCESS] GET /api/follow/feed - ::1
[2026-04-14T06:17:38.460Z] [ACCESS] GET /api/sos/history - ::1
[2026-04-14T06:17:38.469Z] [ACCESS] GET /api/sos/history - ::1
[2026-04-14T06:17:38.477Z] [ACCESS] GET /api/chat/chats - ::1
[2026-04-14T06:17:38.492Z] [ACCESS] GET /api/chat/chats - ::1
[2026-04-14T06:17:41.170Z] [ACCESS] GET /api/elderly/profile/69a07938c340cede98668815 - ::1
[2026-04-14T06:17:41.176Z] [ACCESS] GET /api/elderly/posts/user/69a07938c340cede98668815 - ::1
[2026-04-14T06:17:41.195Z] [ACCESS] GET /api/elderly/profile/69a07938c340cede98668815 - ::1
[2026-04-14T06:17:41.202Z] [ACCESS] GET /api/elderly/posts/user/69a07938c340cede98668815 - ::1
[2026-04-14T06:17:41.228Z] [ACCESS] GET /api/sos/history - ::1
[2026-04-14T06:17:41.236Z] [ACCESS] GET /api/sos/history - ::1
[2026-04-14T06:17:41.245Z] [ACCESS] GET /api/chat/chats - ::1
[2026-04-14T06:17:41.266Z] [ACCESS] GET /api/chat/chats - ::1
[2026-04-14T06:17:49.248Z] [ACCESS] GET /api/elderly/profile/69a07938c340cede98668815 - ::1
[2026-04-14T06:17:49.251Z] [ACCESS] GET /api/elderly/posts/user/69a07938c340cede98668815 - ::1
[2026-04-14T06:17:49.267Z] [ACCESS] GET /api/elderly/profile/69a07938c340cede98668815 - ::1
[2026-04-14T06:17:49.274Z] [ACCESS] GET /api/elderly/posts/user/69a07938c340cede98668815 - ::1
[2026-04-14T06:17:49.318Z] [ACCESS] GET /api/sos/history - ::1
[2026-04-14T06:17:49.333Z] [ACCESS] GET /api/sos/history - ::1
[2026-04-14T06:17:49.348Z] [ACCESS] GET /api/chat/chats - ::1
[2026-04-14T06:17:49.363Z] [ACCESS] GET /api/chat/chats - ::1
[2026-04-14T06:17:54.455Z] [ACCESS] GET /api/elderly/profile/69a07938c340cede98668815 - ::1
[2026-04-14T06:17:54.464Z] [ACCESS] GET /api/elderly/posts/user/69a07938c340cede98668815 - ::1
[2026-04-14T06:17:54.477Z] [ACCESS] GET /api/elderly/profile/69a07938c340cede98668815 - ::1
[2026-04-14T06:17:54.495Z] [ACCESS] GET /api/elderly/posts/user/69a07938c340cede98668815 - ::1
[2026-04-14T06:17:54.543Z] [ACCESS] GET /api/sos/history - ::1
[2026-04-14T06:17:54.565Z] [ACCESS] GET /api/sos/history - ::1
[2026-04-14T06:17:54.575Z] [ACCESS] GET /api/chat/chats - ::1
[2026-04-14T06:17:54.546Z] [ACCESS] GET /api/chat/chats - ::1
[2026-04-14T06:18:25.441Z] [ACCESS] GET /api/chat/chats - ::1
[2026-04-14T06:18:59.034Z] [ACCESS] GET /api/chat/chats - ::1
[2026-04-14T06:19:26.128Z] [ACCESS] GET /api/chat/chats - ::1
[2026-04-14T06:19:55.436Z] [ACCESS] GET /api/chat/chats - ::1
[2026-04-14T06:20:25.447Z] [ACCESS] GET /api/chat/chats - ::1
[2026-04-14T06:20:55.442Z] [ACCESS] GET /api/chat/chats - ::1
[2026-04-14T06:21:25.068Z] [ACCESS] GET /api/chat/chats - ::1
[2026-04-14T06:21:55.445Z] [ACCESS] GET /api/chat/chats - ::1
[2026-04-14T06:23:14.433Z] [ACCESS] GET /api/chat/chats - ::1
[2026-04-14T06:24:14.441Z] [ACCESS] GET /api/chat/chats - ::1
[2026-04-14T06:25:14.433Z] [ACCESS] GET /api/chat/chats - ::1
[2026-04-14T06:26:14.449Z] [ACCESS] GET /api/chat/chats - ::1
[2026-04-14T06:27:04.695Z] [ACCESS] GET /api/chat/chats - ::1
[2026-04-14T06:27:25.442Z] [ACCESS] GET /api/chat/chats - ::1
[2026-04-14T06:27:55.439Z] [ACCESS] GET /api/chat/chats - ::1
[2026-04-14T06:28:56.441Z] [ACCESS] GET /api/chat/chats - ::1
[2026-04-14T06:29:57.447Z] [ACCESS] GET /api/chat/chats - ::1
[2026-04-14T06:30:58.437Z] [ACCESS] GET /api/chat/chats - ::1
[2026-04-14T06:31:59.438Z] [ACCESS] GET /api/chat/chats - ::1
[2026-04-14T06:33:00.444Z] [ACCESS] GET /api/chat/chats - ::1
[2026-04-14T06:33:10.443Z] [ACCESS] GET /api/elderly/profile/69a07938c340cede98668815 - ::1
[2026-04-14T06:33:10.445Z] [ACCESS] GET /api/elderly/posts/user/69a07938c340cede98668815 - ::1
[2026-04-14T06:33:10.487Z] [ACCESS] GET /api/sos/history - ::1
[2026-04-14T06:33:10.491Z] [ACCESS] GET /api/chat/chats - ::1
[2026-04-14T06:33:10.496Z] [ACCESS] GET /api/sos/history - ::1
[2026-04-14T06:33:10.503Z] [ACCESS] GET /api/chat/chats - ::1
[2026-04-14T06:33:15.914Z] [ACCESS] GET /api/follow/feed - ::1
[2026-04-14T06:33:15.928Z] [ACCESS] GET /api/follow/feed - ::1
[2026-04-14T06:33:15.943Z] [ACCESS] GET /api/sos/history - ::1
[2026-04-14T06:33:15.946Z] [ACCESS] GET /api/chat/chats - ::1
[2026-04-14T06:33:15.954Z] [ACCESS] GET /api/sos/history - ::1
[2026-04-14T06:33:15.964Z] [ACCESS] GET /api/chat/chats - ::1
[2026-04-14T06:33:16.767Z] [ACCESS] GET /api/elderly/profile/69a07938c340cede98668815 - ::1
[2026-04-14T06:33:16.770Z] [ACCESS] GET /api/elderly/posts/user/69a07938c340cede98668815 - ::1
[2026-04-14T06:33:16.783Z] [ACCESS] GET /api/elderly/profile/69a07938c340cede98668815 - ::1
[2026-04-14T06:33:16.788Z] [ACCESS] GET /api/elderly/posts/user/69a07938c340cede98668815 - ::1
[2026-04-14T06:33:16.811Z] [ACCESS] GET /api/sos/history - ::1
[2026-04-14T06:33:16.817Z] [ACCESS] GET /api/sos/history - ::1
[2026-04-14T06:33:16.824Z] [ACCESS] GET /api/chat/chats - ::1
[2026-04-14T06:33:16.833Z] [ACCESS] GET /api/chat/chats - ::1
[2026-04-14T06:33:19.312Z] [ACCESS] GET /api/elderly/profile/69a07938c340cede98668815 - ::1
[2026-04-14T06:33:19.315Z] [ACCESS] GET /api/elderly/posts/user/69a07938c340cede98668815 - ::1
[2026-04-14T06:33:19.323Z] [ACCESS] GET /api/elderly/profile/69a07938c340cede98668815 - ::1
[2026-04-14T06:33:19.334Z] [ACCESS] GET /api/elderly/posts/user/69a07938c340cede98668815 - ::1
[2026-04-14T06:33:19.377Z] [ACCESS] GET /api/sos/history - ::1
[2026-04-14T06:33:19.382Z] [ACCESS] GET /api/chat/chats - ::1
[2026-04-14T06:33:19.388Z] [ACCESS] GET /api/sos/history - ::1
[2026-04-14T06:33:19.402Z] [ACCESS] GET /api/chat/chats - ::1
[2026-04-14T06:33:21.650Z] [ACCESS] GET /api/elderly/profile/69a07938c340cede98668815 - ::1
[2026-04-14T06:33:21.653Z] [ACCESS] GET /api/elderly/posts/user/69a07938c340cede98668815 - ::1
[2026-04-14T06:33:21.664Z] [ACCESS] GET /api/elderly/profile/69a07938c340cede98668815 - ::1
[2026-04-14T06:33:21.675Z] [ACCESS] GET /api/elderly/posts/user/69a07938c340cede98668815 - ::1
[2026-04-14T06:33:21.713Z] [ACCESS] GET /api/sos/history - ::1
[2026-04-14T06:33:21.721Z] [ACCESS] GET /api/sos/history - ::1
[2026-04-14T06:33:21.740Z] [ACCESS] GET /api/chat/chats - ::1
[2026-04-14T06:33:21.756Z] [ACCESS] GET /api/chat/chats - ::1
[2026-04-14T06:33:34.506Z] [ACCESS] GET /api/follow/feed - ::1
[2026-04-14T06:33:34.531Z] [ACCESS] GET /api/sos/history - ::1
[2026-04-14T06:33:34.533Z] [ACCESS] GET /api/chat/chats - ::1
[2026-04-14T06:33:34.535Z] [ACCESS] GET /api/follow/feed - ::1
[2026-04-14T06:33:34.553Z] [ACCESS] GET /api/sos/history - ::1
[2026-04-14T06:33:34.560Z] [ACCESS] GET /api/chat/chats - ::1
[2026-04-14T06:33:35.772Z] [ACCESS] GET /api/chat/chats - ::1
[2026-04-14T06:33:35.775Z] [ACCESS] GET /api/elderly/users/all - ::1
[2026-04-14T06:33:35.777Z] [ACCESS] GET /api/elderly/users/suggested?limit=3 - ::1
[2026-04-14T06:33:35.835Z] [ACCESS] GET /api/chat/chats - ::1
[2026-04-14T06:33:35.838Z] [ACCESS] GET /api/elderly/users/all - ::1
[2026-04-14T06:33:35.851Z] [ACCESS] GET /api/sos/history - ::1
[2026-04-14T06:33:35.854Z] [ACCESS] GET /api/elderly/users/suggested?limit=3 - ::1
[2026-04-14T06:33:35.857Z] [ACCESS] GET /api/follow/status/69ccc52df8485d977a7fc7d3 - ::1
[2026-04-14T06:33:35.860Z] [ACCESS] GET /api/follow/status/69a07d12c340cede98668a79 - ::1
[2026-04-14T06:33:35.884Z] [ACCESS] GET /api/follow/status/69a07e11c340cede98668aff - ::1
[2026-04-14T06:33:35.887Z] [ACCESS] GET /api/follow/status/69a07c4fc340cede986689f9 - ::1
[2026-04-14T06:33:35.889Z] [ACCESS] GET /api/follow/status/69a07b5cc340cede9866898c - ::1
[2026-04-14T06:33:35.891Z] [ACCESS] GET /api/follow/status/69ccd94bf0258471755c73fa - ::1
[2026-04-14T06:33:35.935Z] [ACCESS] GET /api/sos/history - ::1
[2026-04-14T06:33:35.941Z] [ACCESS] GET /api/follow/status/69a07d12c340cede98668a79 - ::1
[2026-04-14T06:33:35.950Z] [ACCESS] GET /api/follow/status/69ccc52df8485d977a7fc7d3 - ::1
[2026-04-14T06:33:35.952Z] [ACCESS] GET /api/follow/status/69a07e11c340cede98668aff - ::1
[2026-04-14T06:33:35.953Z] [ACCESS] GET /api/follow/status/69a07c4fc340cede986689f9 - ::1
[2026-04-14T06:33:35.955Z] [ACCESS] GET /api/follow/status/69a07b5cc340cede9866898c - ::1
[2026-04-14T06:33:35.958Z] [ACCESS] GET /api/follow/status/69ccd94bf0258471755c73fa - ::1
[2026-04-14T06:33:37.240Z] [ACCESS] GET /api/elderly/profile/69a07938c340cede98668815 - ::1
[2026-04-14T06:33:37.243Z] [ACCESS] GET /api/elderly/posts/user/69a07938c340cede98668815 - ::1
[2026-04-14T06:33:37.258Z] [ACCESS] GET /api/elderly/profile/69a07938c340cede98668815 - ::1
[2026-04-14T06:33:37.262Z] [ACCESS] GET /api/elderly/posts/user/69a07938c340cede98668815 - ::1
[2026-04-14T06:33:37.289Z] [ACCESS] GET /api/sos/history - ::1
[2026-04-14T06:33:37.295Z] [ACCESS] GET /api/sos/history - ::1
[2026-04-14T06:33:37.306Z] [ACCESS] GET /api/chat/chats - ::1
[2026-04-14T06:33:37.314Z] [ACCESS] GET /api/chat/chats - ::1
[2026-04-14T06:33:38.117Z] [ACCESS] GET /api/sos/history - ::1
[2026-04-14T06:33:38.125Z] [ACCESS] GET /api/chat/chats - ::1
[2026-04-14T06:33:38.128Z] [ACCESS] GET /api/sos/history - ::1
[2026-04-14T06:33:38.143Z] [ACCESS] GET /api/chat/chats - ::1
[2026-04-14T06:33:38.150Z] [ACCESS] GET /api/chat/chats - ::1
[2026-04-14T06:33:38.158Z] [ACCESS] GET /api/chat/chats - ::1
[2026-04-14T06:33:38.164Z] [ACCESS] GET /api/chat/chats - ::1
[2026-04-14T06:33:39.094Z] [ACCESS] GET /api/chat/chats - ::1
[2026-04-14T06:33:39.096Z] [ACCESS] GET /api/help/help-requests/my - ::1
[2026-04-14T06:33:39.102Z] [ACCESS] GET /api/help/help-requests/public?page=1&limit=10&type=&urgency=&location=&search=&category=&condition= - ::1
[2026-04-14T06:33:39.105Z] [ACCESS] GET /api/help/items?page=1&limit=12&type=&status=available&urgency=&location=&search=&category=&condition= - ::1
[2026-04-14T06:33:39.100Z] [ACCESS] GET /api/help/items/user/me - ::1
[2026-04-14T06:33:39.098Z] [ACCESS] GET /api/help/help-requests/volunteering - ::1
[2026-04-14T06:33:39.127Z] [ACCESS] GET /api/sos/history - ::1
[2026-04-14T06:33:39.129Z] [ACCESS] GET /api/help/items/user/me - ::1
[2026-04-14T06:33:39.131Z] [ACCESS] GET /api/chat/chats - ::1
[2026-04-14T06:33:39.133Z] [ACCESS] GET /api/help/help-requests/my - ::1
[2026-04-14T06:33:39.139Z] [ACCESS] GET /api/help/help-requests/volunteering - ::1
[2026-04-14T06:33:39.142Z] [ACCESS] GET /api/help/nearby-opportunities - ::1
[2026-04-14T06:33:39.149Z] [ACCESS] GET /api/help/help-requests/public?page=1&limit=10&type=&urgency=&location=&search=&category=&condition= - ::1
[2026-04-14T06:33:39.151Z] [ACCESS] GET /api/help/items?page=1&limit=12&type=&status=available&urgency=&location=&search=&category=&condition= - ::1
[2026-04-14T06:33:39.166Z] [ACCESS] GET /api/help/nearby-opportunities - ::1
[2026-04-14T06:33:43.027Z] [ACCESS] GET /api/follow/feed - ::1
[2026-04-14T06:33:43.043Z] [ACCESS] GET /api/follow/feed - ::1
[2026-04-14T06:33:43.056Z] [ACCESS] GET /api/sos/history - ::1
[2026-04-14T06:33:43.061Z] [ACCESS] GET /api/sos/history - ::1
[2026-04-14T06:33:43.070Z] [ACCESS] GET /api/chat/chats - ::1
[2026-04-14T06:33:43.079Z] [ACCESS] GET /api/chat/chats - ::1
[2026-04-14T06:33:51.067Z] [ACCESS] GET /api/elderly/posts/user/69a07938c340cede98668815 - ::1
[2026-04-14T06:33:51.070Z] [ACCESS] GET /api/elderly/profile/69a07938c340cede98668815 - ::1
[2026-04-14T06:33:51.082Z] [ACCESS] GET /api/elderly/profile/69a07938c340cede98668815 - ::1
[2026-04-14T06:33:51.088Z] [ACCESS] GET /api/elderly/posts/user/69a07938c340cede98668815 - ::1
[2026-04-14T06:33:51.118Z] [ACCESS] GET /api/sos/history - ::1
[2026-04-14T06:33:51.124Z] [ACCESS] GET /api/sos/history - ::1
[2026-04-14T06:33:51.137Z] [ACCESS] GET /api/chat/chats - ::1
[2026-04-14T06:33:51.147Z] [ACCESS] GET /api/chat/chats - ::1
[2026-04-14T06:33:53.268Z] [ACCESS] GET /api/chat/chats - ::1
[2026-04-14T06:33:53.273Z] [ACCESS] GET /api/elderly/users/all - ::1
[2026-04-14T06:33:53.276Z] [ACCESS] GET /api/elderly/users/suggested?limit=3 - ::1
[2026-04-14T06:33:53.286Z] [ACCESS] GET /api/chat/chats - ::1
[2026-04-14T06:33:53.336Z] [ACCESS] GET /api/elderly/users/all - ::1
[2026-04-14T06:33:53.345Z] [ACCESS] GET /api/sos/history - ::1
[2026-04-14T06:33:53.348Z] [ACCESS] GET /api/elderly/users/suggested?limit=3 - ::1
[2026-04-14T06:33:53.352Z] [ACCESS] GET /api/follow/status/69a07d12c340cede98668a79 - ::1
[2026-04-14T06:33:53.355Z] [ACCESS] GET /api/follow/status/69a07e11c340cede98668aff - ::1
[2026-04-14T06:33:53.360Z] [ACCESS] GET /api/follow/status/69a07c4fc340cede986689f9 - ::1
[2026-04-14T06:33:53.371Z] [ACCESS] GET /api/follow/status/69ccc52df8485d977a7fc7d3 - ::1
[2026-04-14T06:33:53.379Z] [ACCESS] GET /api/follow/status/69a07b5cc340cede9866898c - ::1
[2026-04-14T06:33:53.416Z] [ACCESS] GET /api/follow/status/69ccd94bf0258471755c73fa - ::1
[2026-04-14T06:33:53.418Z] [ACCESS] GET /api/sos/history - ::1
[2026-04-14T06:33:53.420Z] [ACCESS] GET /api/follow/status/69a07d12c340cede98668a79 - ::1
[2026-04-14T06:33:53.422Z] [ACCESS] GET /api/follow/status/69a07e11c340cede98668aff - ::1
[2026-04-14T06:33:53.431Z] [ACCESS] GET /api/follow/status/69a07c4fc340cede986689f9 - ::1
[2026-04-14T06:33:53.434Z] [ACCESS] GET /api/follow/status/69ccc52df8485d977a7fc7d3 - ::1
[2026-04-14T06:33:53.438Z] [ACCESS] GET /api/follow/status/69a07b5cc340cede9866898c - ::1
[2026-04-14T06:33:53.441Z] [ACCESS] GET /api/follow/status/69ccd94bf0258471755c73fa - ::1
[2026-04-14T06:33:55.358Z] [ACCESS] GET /api/sos/history - ::1
[2026-04-14T06:33:55.364Z] [ACCESS] GET /api/chat/chats - ::1
[2026-04-14T06:33:55.369Z] [ACCESS] GET /api/sos/history - ::1
[2026-04-14T06:33:55.379Z] [ACCESS] GET /api/chat/chats - ::1
[2026-04-14T06:33:55.387Z] [ACCESS] GET /api/chat/chats - ::1
[2026-04-14T06:33:55.395Z] [ACCESS] GET /api/chat/chats - ::1
[2026-04-14T06:33:55.401Z] [ACCESS] GET /api/chat/chats - ::1
[2026-04-14T06:33:56.728Z] [ACCESS] GET /api/chat/chats - ::1
[2026-04-14T06:33:56.730Z] [ACCESS] GET /api/help/help-requests/my - ::1
[2026-04-14T06:33:56.732Z] [ACCESS] GET /api/help/help-requests/volunteering - ::1
[2026-04-14T06:33:56.737Z] [ACCESS] GET /api/help/items/user/me - ::1
[2026-04-14T06:33:56.742Z] [ACCESS] GET /api/help/help-requests/public?page=1&limit=10&type=&urgency=&location=&search=&category=&condition= - ::1
[2026-04-14T06:33:56.745Z] [ACCESS] GET /api/help/items?page=1&limit=12&type=&status=available&urgency=&location=&search=&category=&condition= - ::1
[2026-04-14T06:33:56.760Z] [ACCESS] GET /api/help/nearby-opportunities - ::1
[2026-04-14T06:33:56.762Z] [ACCESS] GET /api/chat/chats - ::1
[2026-04-14T06:33:56.764Z] [ACCESS] GET /api/help/items/user/me - ::1
[2026-04-14T06:33:56.767Z] [ACCESS] GET /api/help/help-requests/my - ::1
[2026-04-14T06:33:56.781Z] [ACCESS] GET /api/sos/history - ::1
[2026-04-14T06:33:56.779Z] [ACCESS] GET /api/help/help-requests/volunteering - ::1
[2026-04-14T06:33:56.786Z] [ACCESS] GET /api/help/help-requests/public?page=1&limit=10&type=&urgency=&location=&search=&category=&condition= - ::1
[2026-04-14T06:33:56.791Z] [ACCESS] GET /api/help/items?page=1&limit=12&type=&status=available&urgency=&location=&search=&category=&condition= - ::1
[2026-04-14T06:33:56.793Z] [ACCESS] GET /api/help/nearby-opportunities - ::1
[2026-04-14T06:33:59.219Z] [ACCESS] GET /api/elderly/profile/69a07938c340cede98668815 - ::1
[2026-04-14T06:33:59.227Z] [ACCESS] GET /api/elderly/profile/69a07938c340cede98668815 - ::1
[2026-04-14T06:33:59.256Z] [ACCESS] GET /api/sos/history - ::1
[2026-04-14T06:33:59.262Z] [ACCESS] GET /api/sos/history - ::1
[2026-04-14T06:33:59.267Z] [ACCESS] GET /api/chat/chats - ::1
[2026-04-14T06:33:59.278Z] [ACCESS] GET /api/chat/chats - ::1
[2026-04-14T06:34:01.150Z] [ACCESS] GET /api/follow/feed - ::1
[2026-04-14T06:34:01.177Z] [ACCESS] GET /api/sos/history - ::1
[2026-04-14T06:34:01.181Z] [ACCESS] GET /api/chat/chats - ::1
[2026-04-14T06:34:01.194Z] [ACCESS] GET /api/sos/history - ::1
[2026-04-14T06:34:01.197Z] [ACCESS] GET /api/follow/feed - ::1
[2026-04-14T06:34:01.200Z] [ACCESS] GET /api/chat/chats - ::1
[2026-04-14T06:34:31.443Z] [ACCESS] GET /api/chat/chats - ::1
[2026-04-14T06:35:01.438Z] [ACCESS] GET /api/chat/chats - ::1
[2026-04-14T06:35:31.439Z] [ACCESS] GET /api/chat/chats - ::1
[2026-04-14T06:36:01.438Z] [ACCESS] GET /api/chat/chats - ::1
[2026-04-14T06:36:31.436Z] [ACCESS] GET /api/chat/chats - ::1
[2026-04-14T06:37:01.442Z] [ACCESS] GET /api/chat/chats - ::1
[2026-04-14T06:37:53.440Z] [ACCESS] GET /api/chat/chats - ::1
[2026-04-14T06:38:14.451Z] [ACCESS] GET /api/chat/chats - ::1
[2026-04-14T06:39:14.440Z] [ACCESS] GET /api/chat/chats - ::1
[2026-04-14T06:39:38.258Z] [ACCESS] GET /api/chat/chats - ::1
[2026-04-14T06:39:47.439Z] [ACCESS] GET /api/follow/feed - ::1
[2026-04-14T06:39:47.454Z] [ACCESS] GET /api/sos/history - ::1
[2026-04-14T06:39:47.460Z] [ACCESS] GET /api/sos/history - ::1
[2026-04-14T06:39:47.474Z] [ACCESS] GET /api/chat/chats - ::1
[2026-04-14T06:39:47.484Z] [ACCESS] GET /api/chat/chats - ::1
[2026-04-14T06:39:56.250Z] [ACCESS] GET /api/follow/feed - ::1
[2026-04-14T06:39:56.270Z] [ACCESS] GET /api/follow/feed - ::1
[2026-04-14T06:39:56.295Z] [ACCESS] GET /api/sos/history - ::1
[2026-04-14T06:39:56.307Z] [ACCESS] GET /api/chat/chats - ::1
[2026-04-14T06:39:56.314Z] [ACCESS] GET /api/sos/history - ::1
[2026-04-14T06:39:56.326Z] [ACCESS] GET /api/chat/chats - ::1
[2026-04-14T06:39:59.408Z] [ACCESS] GET /api/elderly/profile/69a07938c340cede98668815 - ::1
[2026-04-14T06:39:59.411Z] [ACCESS] GET /api/elderly/posts/user/69a07938c340cede98668815 - ::1
[2026-04-14T06:39:59.420Z] [ACCESS] GET /api/elderly/profile/69a07938c340cede98668815 - ::1
[2026-04-14T06:39:59.426Z] [ACCESS] GET /api/elderly/posts/user/69a07938c340cede98668815 - ::1
[2026-04-14T06:39:59.456Z] [ACCESS] GET /api/sos/history - ::1
[2026-04-14T06:39:59.461Z] [ACCESS] GET /api/sos/history - ::1
[2026-04-14T06:39:59.472Z] [ACCESS] GET /api/chat/chats - ::1
[2026-04-14T06:39:59.480Z] [ACCESS] GET /api/chat/chats - ::1
[2026-04-14T09:06:35.901Z] [ACCESS] POST /api/elderly/login - ::1
[2026-04-14T09:06:36.292Z] [ACCESS] GET /api/follow/feed - ::1
[2026-04-14T09:06:36.343Z] [ACCESS] GET /api/follow/feed - ::1
[2026-04-14T09:06:36.365Z] [ACCESS] GET /api/sos/history - ::1
[2026-04-14T09:06:36.373Z] [ACCESS] GET /api/chat/chats - ::1
[2026-04-14T09:06:36.391Z] [ACCESS] GET /api/sos/history - ::1
[2026-04-14T09:06:36.409Z] [ACCESS] GET /api/chat/chats - ::1
[2026-04-14T09:07:06.386Z] [ACCESS] GET /api/chat/chats - ::1
[2026-04-14T09:07:36.373Z] [ACCESS] GET /api/chat/chats - ::1
[2026-04-14T09:08:06.370Z] [ACCESS] GET /api/chat/chats - ::1
[2026-04-14T09:08:36.368Z] [ACCESS] GET /api/chat/chats - ::1
[2026-04-14T09:09:06.379Z] [ACCESS] GET /api/chat/chats - ::1
[2026-04-14T09:09:17.839Z] [ACCESS] GET /api/chat/chats - ::1
[2026-04-14T09:09:17.842Z] [ACCESS] GET /api/elderly/users/suggested?limit=3 - ::1
[2026-04-14T09:09:17.848Z] [ACCESS] GET /api/elderly/users/all - ::1
[2026-04-14T09:09:17.957Z] [ACCESS] GET /api/chat/chats - ::1
[2026-04-14T09:09:17.959Z] [ACCESS] GET /api/elderly/users/suggested?limit=3 - ::1
[2026-04-14T09:09:17.971Z] [ACCESS] GET /api/elderly/users/all - ::1
[2026-04-14T09:09:18.036Z] [ACCESS] GET /api/follow/status/69a07e11c340cede98668aff - ::1
[2026-04-14T09:09:18.038Z] [ACCESS] GET /api/follow/status/69a07d12c340cede98668a79 - ::1
[2026-04-14T09:09:18.043Z] [ACCESS] GET /api/follow/status/69a07c4fc340cede986689f9 - ::1
[2026-04-14T09:09:18.087Z] [ACCESS] GET /api/follow/status/69ccd94bf0258471755c73fa - ::1
[2026-04-14T09:09:18.093Z] [ACCESS] GET /api/follow/status/69ccc52df8485d977a7fc7d3 - ::1
[2026-04-14T09:09:18.098Z] [ACCESS] GET /api/follow/status/69a07b5cc340cede9866898c - ::1
[2026-04-14T09:09:18.101Z] [ACCESS] GET /api/sos/history - ::1
[2026-04-14T09:09:18.151Z] [ACCESS] GET /api/follow/status/69a07d12c340cede98668a79 - ::1
[2026-04-14T09:09:18.153Z] [ACCESS] GET /api/follow/status/69a07e11c340cede98668aff - ::1
[2026-04-14T09:09:18.169Z] [ACCESS] GET /api/follow/status/69a07c4fc340cede986689f9 - ::1
[2026-04-14T09:09:18.173Z] [ACCESS] GET /api/follow/status/69ccd94bf0258471755c73fa - ::1
[2026-04-14T09:09:18.174Z] [ACCESS] GET /api/follow/status/69ccc52df8485d977a7fc7d3 - ::1
[2026-04-14T09:09:18.176Z] [ACCESS] GET /api/follow/status/69a07b5cc340cede9866898c - ::1
[2026-04-14T09:09:18.183Z] [ACCESS] GET /api/sos/history - ::1
[2026-04-14T09:09:27.964Z] [ACCESS] GET /api/chat/chat/69a07c4fc340cede986689f9 - ::1
[2026-04-14T09:09:27.966Z] [ACCESS] GET /api/sos/history - ::1
[2026-04-14T09:09:27.969Z] [ACCESS] GET /api/chat/chats - ::1
[2026-04-14T09:09:27.995Z] [ACCESS] GET /api/sos/history - ::1
[2026-04-14T09:09:28.002Z] [ACCESS] GET /api/chat/chats - ::1
[2026-04-14T09:09:28.016Z] [ACCESS] GET /api/chat/chats - ::1
[2026-04-14T09:09:28.031Z] [ACCESS] GET /api/chat/chats - ::1
[2026-04-14T09:09:28.040Z] [ACCESS] GET /api/chat/chats - ::1
[2026-04-14T09:09:28.060Z] [ACCESS] GET /api/chat/messages/69de0447d01e7cd183271faf?page=1 - ::1
[2026-04-14T09:09:36.421Z] [ACCESS] GET /api/follow/feed - ::1
[2026-04-14T09:09:36.445Z] [ACCESS] GET /api/sos/history - ::1
[2026-04-14T09:09:36.449Z] [ACCESS] GET /api/chat/chats - ::1
[2026-04-14T09:09:36.454Z] [ACCESS] GET /api/follow/feed - ::1
[2026-04-14T09:09:36.471Z] [ACCESS] GET /api/sos/history - ::1
[2026-04-14T09:09:36.474Z] [ACCESS] GET /api/chat/chats - ::1
[2026-04-14T09:09:42.269Z] [ACCESS] GET /api/elderly/profile/69a07938c340cede98668815 - ::1
[2026-04-14T09:09:42.272Z] [ACCESS] GET /api/elderly/posts/user/69a07938c340cede98668815 - ::1
[2026-04-14T09:09:42.281Z] [ACCESS] GET /api/elderly/profile/69a07938c340cede98668815 - ::1
[2026-04-14T09:09:42.290Z] [ACCESS] GET /api/elderly/posts/user/69a07938c340cede98668815 - ::1
[2026-04-14T09:09:42.327Z] [ACCESS] GET /api/sos/history - ::1
[2026-04-14T09:09:42.334Z] [ACCESS] GET /api/sos/history - ::1
[2026-04-14T09:09:42.343Z] [ACCESS] GET /api/chat/chats - ::1
[2026-04-14T09:09:42.362Z] [ACCESS] GET /api/chat/chats - ::1
[2026-04-14T09:09:45.363Z] [ACCESS] GET /api/follow/feed - ::1
[2026-04-14T09:09:45.390Z] [ACCESS] GET /api/sos/history - ::1
[2026-04-14T09:09:45.393Z] [ACCESS] GET /api/chat/chats - ::1
[2026-04-14T09:09:45.399Z] [ACCESS] GET /api/follow/feed - ::1
[2026-04-14T09:09:45.411Z] [ACCESS] GET /api/sos/history - ::1
[2026-04-14T09:09:45.414Z] [ACCESS] GET /api/chat/chats - ::1
[2026-04-14T09:09:46.852Z] [ACCESS] GET /api/chat/chats - ::1
[2026-04-14T09:09:46.854Z] [ACCESS] GET /api/elderly/users/all - ::1
[2026-04-14T09:09:46.856Z] [ACCESS] GET /api/elderly/users/suggested?limit=3 - ::1
[2026-04-14T09:09:46.914Z] [ACCESS] GET /api/chat/chats - ::1
[2026-04-14T09:09:46.917Z] [ACCESS] GET /api/elderly/users/all - ::1
[2026-04-14T09:09:46.941Z] [ACCESS] GET /api/follow/status/69ccc52df8485d977a7fc7d3 - ::1
[2026-04-14T09:09:46.957Z] [ACCESS] GET /api/follow/status/69a07e11c340cede98668aff - ::1
[2026-04-14T09:09:46.964Z] [ACCESS] GET /api/follow/status/69a07c4fc340cede986689f9 - ::1
[2026-04-14T09:09:46.929Z] [ACCESS] GET /api/elderly/users/suggested?limit=3 - ::1
[2026-04-14T09:09:46.937Z] [ACCESS] GET /api/follow/status/69a07d12c340cede98668a79 - ::1
[2026-04-14T09:09:46.925Z] [ACCESS] GET /api/sos/history - ::1
[2026-04-14T09:09:47.016Z] [ACCESS] GET /api/follow/status/69a07b5cc340cede9866898c - ::1
[2026-04-14T09:09:47.019Z] [ACCESS] GET /api/follow/status/69ccd94bf0258471755c73fa - ::1
[2026-04-14T09:09:47.023Z] [ACCESS] GET /api/sos/history - ::1
[2026-04-14T09:09:47.035Z] [ACCESS] GET /api/follow/status/69a07d12c340cede98668a79 - ::1
[2026-04-14T09:09:47.039Z] [ACCESS] GET /api/follow/status/69a07e11c340cede98668aff - ::1
[2026-04-14T09:09:47.042Z] [ACCESS] GET /api/follow/status/69a07c4fc340cede986689f9 - ::1
[2026-04-14T09:09:47.044Z] [ACCESS] GET /api/follow/status/69ccc52df8485d977a7fc7d3 - ::1
[2026-04-14T09:09:47.049Z] [ACCESS] GET /api/follow/status/69a07b5cc340cede9866898c - ::1
[2026-04-14T09:09:47.052Z] [ACCESS] GET /api/follow/status/69ccd94bf0258471755c73fa - ::1
[2026-04-14T09:09:50.126Z] [ACCESS] POST /api/follow/follow/69a07b5cc340cede9866898c - ::1
[2026-04-14T09:09:51.895Z] [ACCESS] GET /api/elderly/profile/69a07b5cc340cede9866898c - ::1
[2026-04-14T09:09:51.897Z] [ACCESS] GET /api/elderly/posts/user/69a07b5cc340cede9866898c - ::1
[2026-04-14T09:09:51.911Z] [ACCESS] GET /api/elderly/profile/69a07b5cc340cede9866898c - ::1
[2026-04-14T09:09:51.916Z] [ACCESS] GET /api/elderly/posts/user/69a07b5cc340cede9866898c - ::1
[2026-04-14T09:09:51.943Z] [ACCESS] GET /api/sos/history - ::1
[2026-04-14T09:09:51.951Z] [ACCESS] GET /api/sos/history - ::1
[2026-04-14T09:09:51.963Z] [ACCESS] GET /api/follow/followers/69a07b5cc340cede9866898c - ::1
[2026-04-14T09:09:51.968Z] [ACCESS] GET /api/follow/status/69a07b5cc340cede9866898c - ::1
[2026-04-14T09:09:51.966Z] [ACCESS] GET /api/chat/chats - ::1
[2026-04-14T09:09:51.980Z] [ACCESS] GET /api/follow/status/69a07b5cc340cede9866898c - ::1
[2026-04-14T09:09:51.983Z] [ACCESS] GET /api/follow/followers/69a07b5cc340cede9866898c - ::1
[2026-04-14T09:09:51.984Z] [ACCESS] GET /api/chat/chats - ::1
[2026-04-14T09:09:51.998Z] [ACCESS] GET /api/follow/following/69a07b5cc340cede9866898c - ::1
[2026-04-14T09:09:52.008Z] [ACCESS] GET /api/follow/following/69a07b5cc340cede9866898c - ::1
[2026-04-14T09:09:54.615Z] [ACCESS] GET /api/follow/feed - ::1
[2026-04-14T09:09:54.636Z] [ACCESS] GET /api/follow/feed - ::1
[2026-04-14T09:09:54.647Z] [ACCESS] GET /api/sos/history - ::1
[2026-04-14T09:09:54.649Z] [ACCESS] GET /api/chat/chats - ::1
[2026-04-14T09:09:54.663Z] [ACCESS] GET /api/sos/history - ::1
[2026-04-14T09:09:54.667Z] [ACCESS] GET /api/chat/chats - ::1
[2026-04-14T09:10:01.947Z] [ACCESS] GET /api/elderly/profile/69a07b5cc340cede9866898c - ::1
[2026-04-14T09:10:01.949Z] [ACCESS] GET /api/elderly/posts/user/69a07b5cc340cede9866898c - ::1
[2026-04-14T09:10:01.961Z] [ACCESS] GET /api/elderly/profile/69a07b5cc340cede9866898c - ::1
[2026-04-14T09:10:01.967Z] [ACCESS] GET /api/elderly/posts/user/69a07b5cc340cede9866898c - ::1
[2026-04-14T09:10:01.991Z] [ACCESS] GET /api/sos/history - ::1
[2026-04-14T09:10:01.998Z] [ACCESS] GET /api/sos/history - ::1
[2026-04-14T09:10:02.012Z] [ACCESS] GET /api/chat/chats - ::1
[2026-04-14T09:10:02.014Z] [ACCESS] GET /api/follow/status/69a07b5cc340cede9866898c - ::1
[2026-04-14T09:10:02.016Z] [ACCESS] GET /api/follow/followers/69a07b5cc340cede9866898c - ::1
[2026-04-14T09:10:02.031Z] [ACCESS] GET /api/follow/status/69a07b5cc340cede9866898c - ::1
[2026-04-14T09:10:02.035Z] [ACCESS] GET /api/chat/chats - ::1
[2026-04-14T09:10:02.037Z] [ACCESS] GET /api/follow/followers/69a07b5cc340cede9866898c - ::1
[2026-04-14T09:10:02.052Z] [ACCESS] GET /api/follow/following/69a07b5cc340cede9866898c - ::1
[2026-04-14T09:10:02.063Z] [ACCESS] GET /api/follow/following/69a07b5cc340cede9866898c - ::1
[2026-04-14T09:10:03.444Z] [ACCESS] DELETE /api/follow/unfollow/69a07b5cc340cede9866898c - ::1
[2026-04-14T09:10:05.040Z] [ACCESS] GET /api/follow/feed - ::1
[2026-04-14T09:10:05.062Z] [ACCESS] GET /api/sos/history - ::1
[2026-04-14T09:10:05.064Z] [ACCESS] GET /api/chat/chats - ::1
[2026-04-14T09:10:05.067Z] [ACCESS] GET /api/follow/feed - ::1
[2026-04-14T09:10:05.079Z] [ACCESS] GET /api/sos/history - ::1
[2026-04-14T09:10:05.088Z] [ACCESS] GET /api/chat/chats - ::1
[2026-04-14T09:10:08.663Z] [ACCESS] GET /api/chat/chats - ::1
[2026-04-14T09:10:08.667Z] [ACCESS] GET /api/elderly/users/all - ::1
[2026-04-14T09:10:08.671Z] [ACCESS] GET /api/elderly/users/suggested?limit=3 - ::1
[2026-04-14T09:10:08.727Z] [ACCESS] GET /api/chat/chats - ::1
[2026-04-14T09:10:08.732Z] [ACCESS] GET /api/elderly/users/all - ::1
[2026-04-14T09:10:08.746Z] [ACCESS] GET /api/elderly/users/suggested?limit=3 - ::1
[2026-04-14T09:10:08.750Z] [ACCESS] GET /api/follow/status/69a07d12c340cede98668a79 - ::1
[2026-04-14T09:10:08.753Z] [ACCESS] GET /api/follow/status/69a07e11c340cede98668aff - ::1
[2026-04-14T09:10:08.756Z] [ACCESS] GET /api/follow/status/69a07c4fc340cede986689f9 - ::1
[2026-04-14T09:10:08.774Z] [ACCESS] GET /api/follow/status/69ccc52df8485d977a7fc7d3 - ::1
[2026-04-14T09:10:08.779Z] [ACCESS] GET /api/follow/status/69a07b5cc340cede9866898c - ::1
[2026-04-14T09:10:08.784Z] [ACCESS] GET /api/follow/status/69ccd94bf0258471755c73fa - ::1
[2026-04-14T09:10:08.791Z] [ACCESS] GET /api/sos/history - ::1
[2026-04-14T09:10:08.835Z] [ACCESS] GET /api/follow/status/69a07d12c340cede98668a79 - ::1
[2026-04-14T09:10:08.840Z] [ACCESS] GET /api/follow/status/69a07e11c340cede98668aff - ::1
[2026-04-14T09:10:08.842Z] [ACCESS] GET /api/follow/status/69ccc52df8485d977a7fc7d3 - ::1
[2026-04-14T09:10:08.846Z] [ACCESS] GET /api/follow/status/69a07b5cc340cede9866898c - ::1
[2026-04-14T09:10:08.848Z] [ACCESS] GET /api/follow/status/69a07c4fc340cede986689f9 - ::1
[2026-04-14T09:10:08.858Z] [ACCESS] GET /api/follow/status/69ccd94bf0258471755c73fa - ::1
[2026-04-14T09:10:08.873Z] [ACCESS] GET /api/sos/history - ::1
[2026-04-14T09:10:10.105Z] [ACCESS] GET /api/follow/feed - ::1
[2026-04-14T09:10:10.123Z] [ACCESS] GET /api/sos/history - ::1
[2026-04-14T09:10:10.125Z] [ACCESS] GET /api/chat/chats - ::1
[2026-04-14T09:10:10.127Z] [ACCESS] GET /api/follow/feed - ::1
[2026-04-14T09:10:10.140Z] [ACCESS] GET /api/sos/history - ::1
[2026-04-14T09:10:10.195Z] [ACCESS] GET /api/chat/chats - ::1
[2026-04-14T09:10:40.449Z] [ACCESS] GET /api/chat/chats - ::1
[2026-04-14T09:11:10.443Z] [ACCESS] GET /api/chat/chats - ::1
[2026-04-14T09:11:40.473Z] [ACCESS] GET /api/chat/chats - ::1
[2026-04-14T09:12:10.451Z] [ACCESS] GET /api/chat/chats - ::1
[2026-04-14T09:12:40.438Z] [ACCESS] GET /api/chat/chats - ::1
[2026-04-14T09:13:10.442Z] [ACCESS] GET /api/chat/chats - ::1
[2026-04-14T09:13:45.678Z] [ACCESS] GET /api/chat/chats - ::1
[2026-04-14T09:14:10.452Z] [ACCESS] GET /api/chat/chats - ::1
[2026-04-14T09:14:40.441Z] [ACCESS] GET /api/chat/chats - ::1
[2026-04-14T09:15:10.445Z] [ACCESS] GET /api/chat/chats - ::1
[2026-04-14T09:15:40.445Z] [ACCESS] GET /api/chat/chats - ::1
[2026-04-14T09:16:10.432Z] [ACCESS] GET /api/chat/chats - ::1
[2026-04-14T09:16:40.445Z] [ACCESS] GET /api/chat/chats - ::1
[2026-04-14T09:17:10.439Z] [ACCESS] GET /api/chat/chats - ::1
[2026-04-14T09:17:40.441Z] [ACCESS] GET /api/chat/chats - ::1
[2026-04-14T09:18:14.444Z] [ACCESS] GET /api/chat/chats - ::1
[2026-04-14T09:19:14.449Z] [ACCESS] GET /api/chat/chats - ::1
[2026-04-14T09:19:55.833Z] [ACCESS] GET /api/chat/chats - ::1
[2026-04-14T09:20:10.130Z] [ACCESS] GET /api/chat/chats - ::1
[2026-04-14T09:20:40.132Z] [ACCESS] GET /api/chat/chats - ::1
[2026-04-14T09:21:10.126Z] [ACCESS] GET /api/chat/chats - ::1
[2026-04-14T09:21:40.137Z] [ACCESS] GET /api/chat/chats - ::1
[2026-04-14T09:22:10.137Z] [ACCESS] GET /api/chat/chats - ::1
[2026-04-14T09:22:40.134Z] [ACCESS] GET /api/chat/chats - ::1
[2026-04-14T09:23:10.136Z] [ACCESS] GET /api/chat/chats - ::1
[2026-04-14T09:23:40.129Z] [ACCESS] GET /api/chat/chats - ::1
[2026-04-14T09:24:10.133Z] [ACCESS] GET /api/chat/chats - ::1
[2026-04-14T09:24:40.136Z] [ACCESS] GET /api/chat/chats - ::1
[2026-04-14T09:25:10.133Z] [ACCESS] GET /api/chat/chats - ::1
[2026-04-14T09:25:40.150Z] [ACCESS] GET /api/chat/chats - ::1
[2026-04-14T09:26:10.132Z] [ACCESS] GET /api/chat/chats - ::1
[2026-04-14T09:26:40.126Z] [ACCESS] GET /api/chat/chats - ::1
[2026-04-14T09:27:10.135Z] [ACCESS] GET /api/chat/chats - ::1
[2026-04-14T09:27:40.433Z] [ACCESS] GET /api/chat/chats - ::1
[2026-04-14T09:28:10.439Z] [ACCESS] GET /api/chat/chats - ::1
[2026-04-14T09:28:40.127Z] [ACCESS] GET /api/chat/chats - ::1
[2026-04-14T09:28:43.332Z] [ACCESS] GET /api/chat/chats - ::1
[2026-04-14T09:28:43.334Z] [ACCESS] GET /api/elderly/users/all - ::1
[2026-04-14T09:28:43.337Z] [ACCESS] GET /api/elderly/users/suggested?limit=3 - ::1
[2026-04-14T09:28:43.386Z] [ACCESS] GET /api/chat/chats - ::1
[2026-04-14T09:28:43.388Z] [ACCESS] GET /api/elderly/users/suggested?limit=3 - ::1
[2026-04-14T09:28:43.391Z] [ACCESS] GET /api/elderly/users/all - ::1
[2026-04-14T09:28:43.454Z] [ACCESS] GET /api/follow/status/69a07d12c340cede98668a79 - ::1
[2026-04-14T09:28:43.457Z] [ACCESS] GET /api/follow/status/69a07e11c340cede98668aff - ::1
[2026-04-14T09:28:43.461Z] [ACCESS] GET /api/follow/status/69ccc52df8485d977a7fc7d3 - ::1
[2026-04-14T09:28:43.463Z] [ACCESS] GET /api/follow/status/69a07c4fc340cede986689f9 - ::1
[2026-04-14T09:28:43.466Z] [ACCESS] GET /api/follow/status/69a07b5cc340cede9866898c - ::1
[2026-04-14T09:28:43.483Z] [ACCESS] GET /api/follow/status/69ccd94bf0258471755c73fa - ::1
[2026-04-14T09:28:43.491Z] [ACCESS] GET /api/sos/history - ::1
[2026-04-14T09:28:43.498Z] [ACCESS] GET /api/sos/history - ::1
[2026-04-14T09:28:43.506Z] [ACCESS] GET /api/follow/status/69a07d12c340cede98668a79 - ::1
[2026-04-14T09:28:43.510Z] [ACCESS] GET /api/follow/status/69a07e11c340cede98668aff - ::1
[2026-04-14T09:28:43.513Z] [ACCESS] GET /api/follow/status/69a07c4fc340cede986689f9 - ::1
[2026-04-14T09:28:43.515Z] [ACCESS] GET /api/follow/status/69ccc52df8485d977a7fc7d3 - ::1
[2026-04-14T09:28:43.517Z] [ACCESS] GET /api/follow/status/69a07b5cc340cede9866898c - ::1
[2026-04-14T09:28:43.521Z] [ACCESS] GET /api/follow/status/69ccd94bf0258471755c73fa - ::1
[2026-04-14T09:28:44.874Z] [ACCESS] GET /api/follow/feed - ::1
[2026-04-14T09:28:44.891Z] [ACCESS] GET /api/follow/feed - ::1
[2026-04-14T09:28:44.900Z] [ACCESS] GET /api/sos/history - ::1
[2026-04-14T09:28:44.902Z] [ACCESS] GET /api/chat/chats - ::1
[2026-04-14T09:28:44.915Z] [ACCESS] GET /api/sos/history - ::1
[2026-04-14T09:28:44.925Z] [ACCESS] GET /api/chat/chats - ::1
[2026-04-14T09:28:46.939Z] [ACCESS] GET /api/elderly/users/all - ::1
[2026-04-14T09:28:46.941Z] [ACCESS] GET /api/elderly/users/suggested?limit=3 - ::1
[2026-04-14T09:28:46.945Z] [ACCESS] GET /api/chat/chats - ::1
[2026-04-14T09:28:47.000Z] [ACCESS] GET /api/elderly/users/all - ::1
[2026-04-14T09:28:47.002Z] [ACCESS] GET /api/follow/status/69a07d12c340cede98668a79 - ::1
[2026-04-14T09:28:47.004Z] [ACCESS] GET /api/follow/status/69a07e11c340cede98668aff - ::1
[2026-04-14T09:28:47.006Z] [ACCESS] GET /api/follow/status/69a07c4fc340cede986689f9 - ::1
[2026-04-14T09:28:47.008Z] [ACCESS] GET /api/follow/status/69ccc52df8485d977a7fc7d3 - ::1
[2026-04-14T09:28:47.011Z] [ACCESS] GET /api/follow/status/69a07b5cc340cede9866898c - ::1
[2026-04-14T09:28:47.025Z] [ACCESS] GET /api/follow/status/69ccd94bf0258471755c73fa - ::1
[2026-04-14T09:28:47.028Z] [ACCESS] GET /api/sos/history - ::1
[2026-04-14T09:28:47.029Z] [ACCESS] GET /api/elderly/users/suggested?limit=3 - ::1
[2026-04-14T09:28:47.031Z] [ACCESS] GET /api/chat/chats - ::1
[2026-04-14T09:28:47.047Z] [ACCESS] GET /api/sos/history - ::1
[2026-04-14T09:28:47.088Z] [ACCESS] GET /api/follow/status/69a07d12c340cede98668a79 - ::1
[2026-04-14T09:28:47.091Z] [ACCESS] GET /api/follow/status/69a07e11c340cede98668aff - ::1
[2026-04-14T09:28:47.093Z] [ACCESS] GET /api/follow/status/69a07c4fc340cede986689f9 - ::1
[2026-04-14T09:28:47.127Z] [ACCESS] GET /api/follow/status/69ccc52df8485d977a7fc7d3 - ::1
[2026-04-14T09:28:47.134Z] [ACCESS] GET /api/follow/status/69a07b5cc340cede9866898c - ::1
[2026-04-14T09:28:47.162Z] [ACCESS] GET /api/follow/status/69ccd94bf0258471755c73fa - ::1
[2026-04-14T09:28:48.150Z] [ACCESS] GET /api/follow/feed - ::1
[2026-04-14T09:28:48.167Z] [ACCESS] GET /api/follow/feed - ::1
[2026-04-14T09:28:48.174Z] [ACCESS] GET /api/sos/history - ::1
[2026-04-14T09:28:48.183Z] [ACCESS] GET /api/sos/history - ::1
[2026-04-14T09:28:48.187Z] [ACCESS] GET /api/chat/chats - ::1
[2026-04-14T09:28:48.198Z] [ACCESS] GET /api/chat/chats - ::1
[2026-04-14T09:29:18.189Z] [ACCESS] GET /api/chat/chats - ::1
[2026-04-14T09:29:48.192Z] [ACCESS] GET /api/chat/chats - ::1
[2026-04-14T09:30:18.176Z] [ACCESS] GET /api/chat/chats - ::1
[2026-04-14T09:30:48.189Z] [ACCESS] GET /api/chat/chats - ::1
[2026-04-14T09:31:18.437Z] [ACCESS] GET /api/chat/chats - ::1
[2026-04-14T09:31:48.432Z] [ACCESS] GET /api/chat/chats - ::1
[2026-04-14T09:32:06.823Z] [ACCESS] GET /api/elderly/profile/69a07938c340cede98668815 - ::1
[2026-04-14T09:32:06.827Z] [ACCESS] GET /api/elderly/posts/user/69a07938c340cede98668815 - ::1
[2026-04-14T09:32:06.837Z] [ACCESS] GET /api/elderly/profile/69a07938c340cede98668815 - ::1
[2026-04-14T09:32:06.843Z] [ACCESS] GET /api/elderly/posts/user/69a07938c340cede98668815 - ::1
[2026-04-14T09:32:06.867Z] [ACCESS] GET /api/sos/history - ::1
[2026-04-14T09:32:06.872Z] [ACCESS] GET /api/sos/history - ::1
[2026-04-14T09:32:06.884Z] [ACCESS] GET /api/chat/chats - ::1
[2026-04-14T09:32:06.893Z] [ACCESS] GET /api/chat/chats - ::1
[2026-04-14T09:32:36.872Z] [ACCESS] GET /api/chat/chats - ::1
[2026-04-14T09:33:06.873Z] [ACCESS] GET /api/chat/chats - ::1
[2026-04-14T09:33:36.880Z] [ACCESS] GET /api/chat/chats - ::1
[2026-04-14T09:34:06.875Z] [ACCESS] GET /api/chat/chats - ::1
[2026-04-14T09:34:37.443Z] [ACCESS] GET /api/chat/chats - ::1
[2026-04-14T09:35:07.443Z] [ACCESS] GET /api/chat/chats - ::1
[2026-04-14T09:35:53.436Z] [ACCESS] GET /api/chat/chats - ::1
[2026-04-14T09:36:14.452Z] [ACCESS] GET /api/chat/chats - ::1
[2026-04-14T09:36:36.881Z] [ACCESS] GET /api/chat/chats - ::1
[2026-04-14T09:37:06.883Z] [ACCESS] GET /api/chat/chats - ::1
[2026-04-14T09:37:36.879Z] [ACCESS] GET /api/chat/chats - ::1
[2026-04-14T09:38:06.874Z] [ACCESS] GET /api/chat/chats - ::1
[2026-04-14T09:38:36.876Z] [ACCESS] GET /api/chat/chats - ::1
[2026-04-14T09:39:06.882Z] [ACCESS] GET /api/chat/chats - ::1
[2026-04-14T09:39:36.872Z] [ACCESS] GET /api/chat/chats - ::1
[2026-04-14T09:40:06.903Z] [ACCESS] GET /api/chat/chats - ::1
[2026-04-14T09:40:36.887Z] [ACCESS] GET /api/chat/chats - ::1
[2026-04-14T09:41:06.872Z] [ACCESS] GET /api/chat/chats - ::1
[2026-04-14T09:41:36.875Z] [ACCESS] GET /api/chat/chats - ::1
[2026-04-14T09:42:07.435Z] [ACCESS] GET /api/chat/chats - ::1
[2026-04-14T09:42:37.440Z] [ACCESS] GET /api/chat/chats - ::1
[2026-04-14T09:42:55.121Z] [ACCESS] GET /api/elderly/profile/69a07938c340cede98668815 - ::1
[2026-04-14T09:42:55.127Z] [ACCESS] GET /api/elderly/profile/69a07938c340cede98668815 - ::1
[2026-04-14T09:42:55.157Z] [ACCESS] GET /api/sos/history - ::1
[2026-04-14T09:42:55.164Z] [ACCESS] GET /api/sos/history - ::1
[2026-04-14T09:42:55.173Z] [ACCESS] GET /api/chat/chats - ::1
[2026-04-14T09:42:55.181Z] [ACCESS] GET /api/chat/chats - ::1
[2026-04-14T09:43:25.445Z] [ACCESS] GET /api/chat/chats - ::1
[2026-04-14T09:43:47.832Z] [ACCESS] GET /api/follow/feed - ::1
[2026-04-14T09:43:47.857Z] [ACCESS] GET /api/follow/feed - ::1
[2026-04-14T09:43:47.870Z] [ACCESS] GET /api/sos/history - ::1
[2026-04-14T09:43:47.875Z] [ACCESS] GET /api/chat/chats - ::1
[2026-04-14T09:43:47.887Z] [ACCESS] GET /api/sos/history - ::1
[2026-04-14T09:43:47.894Z] [ACCESS] GET /api/chat/chats - ::1
[2026-04-14T09:44:17.870Z] [ACCESS] GET /api/chat/chats - ::1
[2026-04-14T09:44:47.875Z] [ACCESS] GET /api/chat/chats - ::1
[2026-04-14T09:45:17.873Z] [ACCESS] GET /api/chat/chats - ::1
[2026-04-14T09:45:47.875Z] [ACCESS] GET /api/chat/chats - ::1
[2026-04-14T09:45:57.338Z] [ACCESS] GET /api/elderly/users/all - ::1
[2026-04-14T09:45:57.341Z] [ACCESS] GET /api/chat/chats - ::1
[2026-04-14T09:45:57.344Z] [ACCESS] GET /api/elderly/users/suggested?limit=3 - ::1
[2026-04-14T09:45:57.403Z] [ACCESS] GET /api/elderly/users/all - ::1
[2026-04-14T09:45:57.409Z] [ACCESS] GET /api/chat/chats - ::1
[2026-04-14T09:45:57.412Z] [ACCESS] GET /api/elderly/users/suggested?limit=3 - ::1
[2026-04-14T09:45:57.421Z] [ACCESS] GET /api/follow/status/69a07d12c340cede98668a79 - ::1
[2026-04-14T09:45:57.426Z] [ACCESS] GET /api/follow/status/69a07e11c340cede98668aff - ::1
[2026-04-14T09:45:57.431Z] [ACCESS] GET /api/follow/status/69a07c4fc340cede986689f9 - ::1
[2026-04-14T09:45:57.451Z] [ACCESS] GET /api/follow/status/69ccc52df8485d977a7fc7d3 - ::1
[2026-04-14T09:45:57.503Z] [ACCESS] GET /api/follow/status/69a07b5cc340cede9866898c - ::1
[2026-04-14T09:45:57.506Z] [ACCESS] GET /api/follow/status/69ccd94bf0258471755c73fa - ::1
[2026-04-14T09:45:57.508Z] [ACCESS] GET /api/sos/history - ::1
[2026-04-14T09:45:57.510Z] [ACCESS] GET /api/follow/status/69a07d12c340cede98668a79 - ::1
[2026-04-14T09:45:57.512Z] [ACCESS] GET /api/follow/status/69a07e11c340cede98668aff - ::1
[2026-04-14T09:45:57.519Z] [ACCESS] GET /api/follow/status/69a07c4fc340cede986689f9 - ::1
[2026-04-14T09:45:57.530Z] [ACCESS] GET /api/follow/status/69ccc52df8485d977a7fc7d3 - ::1
[2026-04-14T09:45:57.534Z] [ACCESS] GET /api/follow/status/69a07b5cc340cede9866898c - ::1
[2026-04-14T09:45:57.538Z] [ACCESS] GET /api/follow/status/69ccd94bf0258471755c73fa - ::1
[2026-04-14T09:45:57.543Z] [ACCESS] GET /api/sos/history - ::1
[2026-04-14T09:46:03.683Z] [ACCESS] GET /api/elderly/profile/69a07938c340cede98668815 - ::1
[2026-04-14T09:46:03.692Z] [ACCESS] GET /api/elderly/profile/69a07938c340cede98668815 - ::1
[2026-04-14T09:46:03.715Z] [ACCESS] GET /api/sos/history - ::1
[2026-04-14T09:46:03.719Z] [ACCESS] GET /api/sos/history - ::1
[2026-04-14T09:46:03.727Z] [ACCESS] GET /api/chat/chats - ::1
[2026-04-14T09:46:03.737Z] [ACCESS] GET /api/chat/chats - ::1
[2026-04-14T09:46:34.441Z] [ACCESS] GET /api/chat/chats - ::1
[2026-04-14T09:46:55.658Z] [ACCESS] GET /api/chat/chats - ::1
[2026-04-14T09:46:55.661Z] [ACCESS] GET /api/elderly/users/all - ::1
[2026-04-14T09:46:55.664Z] [ACCESS] GET /api/elderly/users/suggested?limit=3 - ::1
[2026-04-14T09:46:55.711Z] [ACCESS] GET /api/chat/chats - ::1
[2026-04-14T09:46:55.714Z] [ACCESS] GET /api/elderly/users/all - ::1
[2026-04-14T09:46:55.725Z] [ACCESS] GET /api/elderly/users/suggested?limit=3 - ::1
[2026-04-14T09:46:55.730Z] [ACCESS] GET /api/follow/status/69a07d12c340cede98668a79 - ::1
[2026-04-14T09:46:55.732Z] [ACCESS] GET /api/follow/status/69a07e11c340cede98668aff - ::1
[2026-04-14T09:46:55.734Z] [ACCESS] GET /api/follow/status/69a07c4fc340cede986689f9 - ::1
[2026-04-14T09:46:55.747Z] [ACCESS] GET /api/follow/status/69ccc52df8485d977a7fc7d3 - ::1
[2026-04-14T09:46:55.749Z] [ACCESS] GET /api/follow/status/69a07b5cc340cede9866898c - ::1
[2026-04-14T09:46:55.797Z] [ACCESS] GET /api/follow/status/69ccd94bf0258471755c73fa - ::1
[2026-04-14T09:46:55.803Z] [ACCESS] GET /api/sos/history - ::1
[2026-04-14T09:46:55.805Z] [ACCESS] GET /api/follow/status/69a07d12c340cede98668a79 - ::1
[2026-04-14T09:46:55.807Z] [ACCESS] GET /api/follow/status/69a07e11c340cede98668aff - ::1
[2026-04-14T09:46:55.809Z] [ACCESS] GET /api/follow/status/69a07c4fc340cede986689f9 - ::1
[2026-04-14T09:46:55.813Z] [ACCESS] GET /api/follow/status/69ccc52df8485d977a7fc7d3 - ::1
[2026-04-14T09:46:55.823Z] [ACCESS] GET /api/follow/status/69a07b5cc340cede9866898c - ::1
[2026-04-14T09:46:55.829Z] [ACCESS] GET /api/follow/status/69ccd94bf0258471755c73fa - ::1
[2026-04-14T09:46:55.831Z] [ACCESS] GET /api/sos/history - ::1
[2026-04-14T09:47:23.884Z] [ACCESS] POST /api/elderly/login - ::1
[2026-04-14T09:47:23.999Z] [ACCESS] GET /api/follow/feed - ::1
[2026-04-14T09:47:24.012Z] [ACCESS] GET /api/follow/feed - ::1
[2026-04-14T09:47:24.038Z] [ACCESS] GET /api/sos/history - ::1
[2026-04-14T09:47:24.047Z] [ACCESS] GET /api/chat/chats - ::1
[2026-04-14T09:47:24.053Z] [ACCESS] GET /api/sos/history - ::1
[2026-04-14T09:47:24.067Z] [ACCESS] GET /api/chat/chats - ::1
[2026-04-14T09:47:26.137Z] [ACCESS] GET /api/chat/chats - ::1
[2026-04-14T09:47:26.145Z] [ACCESS] GET /api/elderly/users/all - ::1
[2026-04-14T09:47:26.147Z] [ACCESS] GET /api/elderly/users/suggested?limit=3 - ::1
[2026-04-14T09:47:26.203Z] [ACCESS] GET /api/chat/chats - ::1
[2026-04-14T09:47:26.207Z] [ACCESS] GET /api/elderly/users/all - ::1
[2026-04-14T09:47:26.227Z] [ACCESS] GET /api/sos/history - ::1
[2026-04-14T09:47:26.229Z] [ACCESS] GET /api/elderly/users/suggested?limit=3 - ::1
[2026-04-14T09:47:26.236Z] [ACCESS] GET /api/follow/status/69a07d12c340cede98668a79 - ::1
[2026-04-14T09:47:26.239Z] [ACCESS] GET /api/follow/status/69a07e11c340cede98668aff - ::1
[2026-04-14T09:47:26.262Z] [ACCESS] GET /api/follow/status/69ccc52df8485d977a7fc7d3 - ::1
[2026-04-14T09:47:26.340Z] [ACCESS] GET /api/follow/status/69a07c4fc340cede986689f9 - ::1
[2026-04-14T09:47:26.352Z] [ACCESS] GET /api/follow/status/69a07b5cc340cede9866898c - ::1
[2026-04-14T09:47:26.357Z] [ACCESS] GET /api/follow/status/69ccd94bf0258471755c73fa - ::1
[2026-04-14T09:47:26.363Z] [ACCESS] GET /api/sos/history - ::1
[2026-04-14T09:47:26.366Z] [ACCESS] GET /api/follow/status/69a07e11c340cede98668aff - ::1
[2026-04-14T09:47:26.385Z] [ACCESS] GET /api/follow/status/69a07d12c340cede98668a79 - ::1
[2026-04-14T09:47:26.400Z] [ACCESS] GET /api/follow/status/69ccc52df8485d977a7fc7d3 - ::1
[2026-04-14T09:47:26.403Z] [ACCESS] GET /api/follow/status/69a07b5cc340cede9866898c - ::1
[2026-04-14T09:47:26.407Z] [ACCESS] GET /api/follow/status/69a07c4fc340cede986689f9 - ::1
[2026-04-14T09:47:26.411Z] [ACCESS] GET /api/follow/status/69ccd94bf0258471755c73fa - ::1
[2026-04-14T09:47:26.511Z] [ACCESS] GET /api/chat/chats - ::1
[2026-04-14T09:47:56.134Z] [ACCESS] GET /api/chat/chats - ::1
[2026-04-14T09:47:56.441Z] [ACCESS] GET /api/chat/chats - ::1
[2026-04-14T09:48:25.654Z] [ACCESS] GET /api/chat/chats - ::1
[2026-04-14T09:48:26.452Z] [ACCESS] GET /api/chat/chats - ::1
[2026-04-14T09:48:55.658Z] [ACCESS] GET /api/chat/chats - ::1
[2026-04-14T09:48:56.129Z] [ACCESS] GET /api/chat/chats - ::1
[2026-04-14T09:49:25.661Z] [ACCESS] GET /api/chat/chats - ::1
[2026-04-14T09:49:26.130Z] [ACCESS] GET /api/chat/chats - ::1
[2026-04-14T09:49:56.133Z] [ACCESS] GET /api/chat/chats - ::1
[2026-04-14T09:49:56.438Z] [ACCESS] GET /api/chat/chats - ::1
[2026-04-14T09:50:26.441Z] [ACCESS] GET /api/chat/chats - ::1
[2026-04-14T09:50:26.447Z] [ACCESS] GET /api/chat/chats - ::1
[2026-04-14T09:50:56.436Z] [ACCESS] GET /api/chat/chats - ::1
[2026-04-14T09:50:56.438Z] [ACCESS] GET /api/chat/chats - ::1
[2026-04-14T09:51:57.444Z] [ACCESS] GET /api/chat/chats - ::1
[2026-04-14T09:52:14.450Z] [ACCESS] GET /api/chat/chats - ::1
[2026-04-14T09:52:58.436Z] [ACCESS] GET /api/chat/chats - ::1
[2026-04-14T09:53:10.908Z] [ACCESS] GET /api/chat/chats - ::1
[2026-04-14T09:53:26.132Z] [ACCESS] GET /api/chat/chats - ::1
[2026-04-14T09:53:26.433Z] [ACCESS] GET /api/chat/chats - ::1
[2026-04-14T09:53:56.440Z] [ACCESS] GET /api/chat/chats - ::1
[2026-04-14T09:53:56.442Z] [ACCESS] GET /api/chat/chats - ::1
[2026-04-14T09:54:26.437Z] [ACCESS] GET /api/chat/chats - ::1
[2026-04-14T09:54:26.478Z] [ACCESS] GET /api/chat/chats - ::1
[2026-04-14T09:55:14.448Z] [ACCESS] GET /api/chat/chats - ::1
[2026-04-14T09:55:14.463Z] [ACCESS] GET /api/chat/chats - ::1
[2026-04-14T09:56:14.442Z] [ACCESS] GET /api/chat/chats - ::1
[2026-04-14T09:56:14.451Z] [ACCESS] GET /api/chat/chats - ::1
[2026-04-14T09:56:55.823Z] [ACCESS] GET /api/chat/chats - ::1
[2026-04-14T09:57:01.971Z] [ACCESS] GET /api/follow/feed - ::1
[2026-04-14T09:57:01.990Z] [ACCESS] GET /api/follow/feed - ::1
[2026-04-14T09:57:02.009Z] [ACCESS] GET /api/sos/history - ::1
[2026-04-14T09:57:02.016Z] [ACCESS] GET /api/chat/chats - ::1
[2026-04-14T09:57:02.021Z] [ACCESS] GET /api/sos/history - ::1
[2026-04-14T09:57:02.033Z] [ACCESS] GET /api/chat/chats - ::1
[2026-04-14T09:57:04.205Z] [ACCESS] GET /api/elderly/profile/69a07938c340cede98668815 - ::1
[2026-04-14T09:57:04.207Z] [ACCESS] GET /api/elderly/posts/user/69a07938c340cede98668815 - ::1
[2026-04-14T09:57:04.217Z] [ACCESS] GET /api/elderly/profile/69a07938c340cede98668815 - ::1
[2026-04-14T09:57:04.223Z] [ACCESS] GET /api/elderly/posts/user/69a07938c340cede98668815 - ::1
[2026-04-14T09:57:04.253Z] [ACCESS] GET /api/sos/history - ::1
[2026-04-14T09:57:04.263Z] [ACCESS] GET /api/sos/history - ::1
[2026-04-14T09:57:04.274Z] [ACCESS] GET /api/chat/chats - ::1
[2026-04-14T09:57:04.283Z] [ACCESS] GET /api/chat/chats - ::1
[2026-04-14T09:57:06.814Z] [ACCESS] GET /api/chat/chats - ::1
[2026-04-14T09:57:06.817Z] [ACCESS] GET /api/elderly/users/all - ::1
[2026-04-14T09:57:06.819Z] [ACCESS] GET /api/elderly/users/suggested?limit=3 - ::1
[2026-04-14T09:57:06.876Z] [ACCESS] GET /api/chat/chats - ::1
[2026-04-14T09:57:06.879Z] [ACCESS] GET /api/elderly/users/all - ::1
[2026-04-14T09:57:06.885Z] [ACCESS] GET /api/sos/history - ::1
[2026-04-14T09:57:06.887Z] [ACCESS] GET /api/elderly/users/suggested?limit=3 - ::1
[2026-04-14T09:57:06.894Z] [ACCESS] GET /api/follow/status/69a07d12c340cede98668a79 - ::1
[2026-04-14T09:57:06.895Z] [ACCESS] GET /api/follow/status/69ccc52df8485d977a7fc7d3 - ::1
[2026-04-14T09:57:06.925Z] [ACCESS] GET /api/follow/status/69a07e11c340cede98668aff - ::1
[2026-04-14T09:57:06.955Z] [ACCESS] GET /api/follow/status/69a07c4fc340cede986689f9 - ::1
[2026-04-14T09:57:06.961Z] [ACCESS] GET /api/follow/status/69a07b5cc340cede9866898c - ::1
[2026-04-14T09:57:06.964Z] [ACCESS] GET /api/follow/status/69ccd94bf0258471755c73fa - ::1
[2026-04-14T09:57:06.966Z] [ACCESS] GET /api/sos/history - ::1
[2026-04-14T09:57:06.967Z] [ACCESS] GET /api/follow/status/69a07d12c340cede98668a79 - ::1
[2026-04-14T09:57:06.979Z] [ACCESS] GET /api/follow/status/69ccc52df8485d977a7fc7d3 - ::1
[2026-04-14T09:57:06.982Z] [ACCESS] GET /api/follow/status/69a07e11c340cede98668aff - ::1
[2026-04-14T09:57:06.987Z] [ACCESS] GET /api/follow/status/69a07c4fc340cede986689f9 - ::1
[2026-04-14T09:57:06.991Z] [ACCESS] GET /api/follow/status/69a07b5cc340cede9866898c - ::1
[2026-04-14T09:57:06.994Z] [ACCESS] GET /api/follow/status/69ccd94bf0258471755c73fa - ::1
[2026-04-14T09:57:14.467Z] [ACCESS] GET /api/chat/chats - ::1
[2026-04-14T09:57:37.437Z] [ACCESS] GET /api/chat/chats - ::1
[2026-04-14T09:58:07.439Z] [ACCESS] GET /api/chat/chats - ::1
[2026-04-14T09:58:14.476Z] [ACCESS] GET /api/chat/chats - ::1
[2026-04-14T09:58:37.444Z] [ACCESS] GET /api/chat/chats - ::1
[2026-04-14T09:59:07.434Z] [ACCESS] GET /api/chat/chats - ::1
[2026-04-14T09:59:14.487Z] [ACCESS] GET /api/chat/chats - ::1
[2026-04-14T09:59:37.442Z] [ACCESS] GET /api/chat/chats - ::1
[2026-04-14T10:00:07.430Z] [ACCESS] GET /api/chat/chats - ::1
[2026-04-14T10:00:14.447Z] [ACCESS] GET /api/chat/chats - ::1
[2026-04-14T10:00:49.772Z] [ACCESS] GET /api/chat/chats - ::1
[2026-04-14T10:01:06.826Z] [ACCESS] GET /api/chat/chats - ::1
[2026-04-14T10:01:14.447Z] [ACCESS] GET /api/chat/chats - ::1
[2026-04-14T10:01:37.441Z] [ACCESS] GET /api/chat/chats - ::1
[2026-04-14T10:02:07.438Z] [ACCESS] GET /api/chat/chats - ::1
[2026-04-14T10:02:14.453Z] [ACCESS] GET /api/chat/chats - ::1
[2026-04-14T10:02:37.447Z] [ACCESS] GET /api/chat/chats - ::1
[2026-04-14T10:03:14.448Z] [ACCESS] GET /api/chat/chats - ::1
[2026-04-14T10:03:14.457Z] [ACCESS] GET /api/chat/chats - ::1
[2026-04-14T10:03:37.438Z] [ACCESS] GET /api/chat/chats - ::1
[2026-04-14T10:03:55.850Z] [ACCESS] GET /api/chat/chats - ::1
[2026-04-14T10:03:55.855Z] [ACCESS] GET /api/sos/history - ::1
[2026-04-14T10:03:55.866Z] [ACCESS] GET /api/sos/history - ::1
[2026-04-14T10:03:55.872Z] [ACCESS] GET /api/chat/messages/69de0447d01e7cd183271faf?page=1 - ::1
[2026-04-14T10:03:55.888Z] [ACCESS] GET /api/chat/chats - ::1
[2026-04-14T10:03:55.915Z] [ACCESS] GET /api/chat/chats - ::1
[2026-04-14T10:03:55.929Z] [ACCESS] GET /api/chat/chats - ::1
[2026-04-14T10:03:55.947Z] [ACCESS] GET /api/chat/chats - ::1
[2026-04-14T10:04:05.852Z] [ACCESS] GET /api/chat/chats - ::1
[2026-04-14T10:04:14.448Z] [ACCESS] GET /api/chat/chats - ::1
[2026-04-14T10:04:16.447Z] [ACCESS] GET /api/chat/chats - ::1
[2026-04-14T10:04:26.444Z] [ACCESS] GET /api/chat/chats - ::1
[2026-04-14T10:04:26.454Z] [ACCESS] GET /api/chat/chats - ::1
[2026-04-14T10:04:36.438Z] [ACCESS] GET /api/chat/chats - ::1
[2026-04-14T10:04:46.438Z] [ACCESS] GET /api/chat/chats - ::1
[2026-04-14T10:04:56.440Z] [ACCESS] GET /api/chat/chats - ::1
[2026-04-14T10:04:56.448Z] [ACCESS] GET /api/chat/chats - ::1
[2026-04-14T10:05:06.444Z] [ACCESS] GET /api/chat/chats - ::1
[2026-04-14T10:05:14.437Z] [ACCESS] GET /api/chat/chats - ::1
[2026-04-14T10:05:26.444Z] [ACCESS] GET /api/chat/chats - ::1
[2026-04-14T10:05:56.440Z] [ACCESS] GET /api/chat/chats - ::1
[2026-04-14T10:06:07.437Z] [ACCESS] GET /api/chat/chats - ::1
[2026-04-14T10:06:14.447Z] [ACCESS] GET /api/chat/chats - ::1
[2026-04-14T10:06:26.438Z] [ACCESS] GET /api/chat/chats - ::1
[2026-04-14T10:06:56.439Z] [ACCESS] GET /api/chat/chats - ::1
[2026-04-14T10:07:08.439Z] [ACCESS] GET /api/chat/chats - ::1
[2026-04-14T10:07:14.450Z] [ACCESS] GET /api/chat/chats - ::1
[2026-04-14T10:08:01.236Z] [ACCESS] GET /api/chat/chats - ::1
[2026-04-14T10:08:01.252Z] [ACCESS] GET /api/chat/chats - ::1
[2026-04-14T10:08:05.850Z] [ACCESS] GET /api/chat/chats - ::1
[2026-04-14T10:08:14.435Z] [ACCESS] GET /api/chat/chats - ::1
[2026-04-14T10:08:16.445Z] [ACCESS] GET /api/chat/chats - ::1
[2026-04-14T10:08:26.442Z] [ACCESS] GET /api/chat/chats - ::1
[2026-04-14T10:08:26.449Z] [ACCESS] GET /api/chat/chats - ::1
[2026-04-14T10:08:36.456Z] [ACCESS] GET /api/chat/chats - ::1
[2026-04-14T10:08:46.442Z] [ACCESS] GET /api/chat/chats - ::1
[2026-04-14T10:08:56.440Z] [ACCESS] GET /api/chat/chats - ::1
[2026-04-14T10:08:56.447Z] [ACCESS] GET /api/chat/chats - ::1
[2026-04-14T10:09:06.438Z] [ACCESS] GET /api/chat/chats - ::1
[2026-04-14T10:09:14.447Z] [ACCESS] GET /api/chat/chats - ::1
[2026-04-14T10:10:07.444Z] [ACCESS] GET /api/chat/chats - ::1
[2026-04-14T10:10:07.455Z] [ACCESS] GET /api/chat/chats - ::1
[2026-04-14T10:10:15.522Z] [ACCESS] GET /api/chat/chats - ::1
[2026-04-14T10:11:08.441Z] [ACCESS] GET /api/chat/chats - ::1
[2026-04-14T10:11:08.450Z] [ACCESS] GET /api/chat/chats - ::1
[2026-04-14T10:11:14.450Z] [ACCESS] GET /api/chat/chats - ::1
[2026-04-14T10:12:09.444Z] [ACCESS] GET /api/chat/chats - ::1
[2026-04-14T10:12:09.451Z] [ACCESS] GET /api/chat/chats - ::1
[2026-04-14T10:12:14.451Z] [ACCESS] GET /api/chat/chats - ::1
[2026-04-14T10:13:10.441Z] [ACCESS] GET /api/chat/chats - ::1
[2026-04-14T10:13:10.449Z] [ACCESS] GET /api/chat/chats - ::1
[2026-04-14T10:13:16.720Z] [ACCESS] GET /api/chat/chats - ::1
[2026-04-14T10:14:11.447Z] [ACCESS] GET /api/chat/chats - ::1
[2026-04-14T10:14:11.455Z] [ACCESS] GET /api/chat/chats - ::1
[2026-04-14T10:14:14.439Z] [ACCESS] GET /api/chat/chats - ::1
[2026-04-14T10:15:12.446Z] [ACCESS] GET /api/chat/chats - ::1
[2026-04-14T10:15:12.454Z] [ACCESS] GET /api/chat/chats - ::1
[2026-04-14T10:15:14.455Z] [ACCESS] GET /api/chat/chats - ::1
[2026-04-14T10:16:13.436Z] [ACCESS] GET /api/chat/chats - ::1
[2026-04-14T10:16:13.445Z] [ACCESS] GET /api/chat/chats - ::1
[2026-04-14T10:16:14.453Z] [ACCESS] GET /api/chat/chats - ::1
[2026-04-14T10:17:14.454Z] [ACCESS] GET /api/chat/chats - ::1
[2026-04-14T10:17:14.462Z] [ACCESS] GET /api/chat/chats - ::1
[2026-04-14T10:17:14.469Z] [ACCESS] GET /api/chat/chats - ::1
[2026-04-14T10:18:14.441Z] [ACCESS] GET /api/chat/chats - ::1
[2026-04-14T10:18:14.451Z] [ACCESS] GET /api/chat/chats - ::1
[2026-04-14T10:18:14.453Z] [ACCESS] GET /api/chat/chats - ::1
[2026-04-14T11:48:33.834Z] [ACCESS] GET /api/chat/chats - ::1
[2026-04-14T11:49:14.438Z] [ACCESS] GET /api/chat/chats - ::1
[2026-04-14T11:50:14.444Z] [ACCESS] GET /api/chat/chats - ::1
[2026-04-14T11:50:52.536Z] [ACCESS] GET /api/chat/chats - ::1
[2026-04-14T11:50:52.566Z] [ACCESS] GET /api/chat/chats - ::1
[2026-04-14T11:50:52.886Z] [ACCESS] GET /api/sos/history - ::1
[2026-04-14T11:50:52.892Z] [ACCESS] GET /api/chat/chats - ::1
[2026-04-14T11:50:52.896Z] [ACCESS] GET /api/sos/history - ::1
[2026-04-14T11:50:52.905Z] [ACCESS] GET /api/chat/chats - ::1
[2026-04-14T11:50:52.915Z] [ACCESS] GET /api/chat/chats - ::1
[2026-04-14T11:50:52.927Z] [ACCESS] GET /api/chat/chats - ::1
[2026-04-14T11:50:52.939Z] [ACCESS] GET /api/chat/chats - ::1
[2026-04-14T11:51:03.442Z] [ACCESS] GET /api/chat/chats - ::1
[2026-04-14T11:51:13.446Z] [ACCESS] GET /api/chat/chats - ::1
[2026-04-14T11:51:14.448Z] [ACCESS] GET /api/chat/chats - ::1
[2026-04-14T11:51:23.450Z] [ACCESS] GET /api/chat/chats - ::1
[2026-04-14T11:51:23.459Z] [ACCESS] GET /api/chat/chats - ::1
[2026-04-14T11:51:33.431Z] [ACCESS] GET /api/chat/chats - ::1
[2026-04-14T11:51:43.432Z] [ACCESS] GET /api/chat/chats - ::1
[2026-04-14T11:51:53.444Z] [ACCESS] GET /api/chat/chats - ::1
[2026-04-14T11:51:53.451Z] [ACCESS] GET /api/chat/chats - ::1
[2026-04-14T11:52:03.444Z] [ACCESS] GET /api/chat/chats - ::1
[2026-04-14T11:52:14.444Z] [ACCESS] GET /api/chat/chats - ::1
[2026-04-14T11:52:14.455Z] [ACCESS] GET /api/chat/chats - ::1
[2026-04-14T11:52:23.447Z] [ACCESS] GET /api/chat/chats - ::1
[2026-04-14T11:52:53.437Z] [ACCESS] GET /api/chat/chats - ::1
[2026-04-14T11:53:14.452Z] [ACCESS] GET /api/chat/chats - ::1
[2026-04-14T11:53:14.458Z] [ACCESS] GET /api/chat/chats - ::1
[2026-04-14T11:53:23.438Z] [ACCESS] GET /api/chat/chats - ::1
[2026-04-14T11:53:53.437Z] [ACCESS] GET /api/chat/chats - ::1
[2026-04-14T11:54:14.448Z] [ACCESS] GET /api/chat/chats - ::1
[2026-04-14T11:54:14.450Z] [ACCESS] GET /api/chat/chats - ::1
[2026-04-14T11:55:14.446Z] [ACCESS] GET /api/chat/chats - ::1
[2026-04-14T11:55:14.453Z] [ACCESS] GET /api/chat/chats - ::1
[2026-04-14T11:55:14.458Z] [ACCESS] GET /api/chat/chats - ::1
[2026-04-14T11:56:14.459Z] [ACCESS] GET /api/chat/chats - ::1
[2026-04-14T11:56:14.470Z] [ACCESS] GET /api/chat/chats - ::1
[2026-04-14T11:56:14.479Z] [ACCESS] GET /api/chat/chats - ::1
[2026-04-14T11:56:31.593Z] [ACCESS] GET /api/chat/chats - ::1
[2026-04-14T11:56:31.614Z] [ACCESS] GET /api/chat/chats - ::1
[2026-04-14T11:56:32.891Z] [ACCESS] GET /api/chat/chats - ::1
[2026-04-14T11:56:42.900Z] [ACCESS] GET /api/chat/chats - ::1
[2026-04-14T11:56:53.445Z] [ACCESS] GET /api/chat/chats - ::1
[2026-04-14T11:56:53.462Z] [ACCESS] GET /api/chat/chats - ::1
[2026-04-14T11:57:03.432Z] [ACCESS] GET /api/chat/chats - ::1
[2026-04-14T11:57:13.441Z] [ACCESS] GET /api/chat/chats - ::1
[2026-04-14T11:57:14.442Z] [ACCESS] GET /api/chat/chats - ::1
[2026-04-14T11:57:23.435Z] [ACCESS] GET /api/chat/chats - ::1
[2026-04-14T11:57:23.443Z] [ACCESS] GET /api/chat/chats - ::1
[2026-04-14T11:57:33.431Z] [ACCESS] GET /api/chat/chats - ::1
[2026-04-14T11:57:43.441Z] [ACCESS] GET /api/chat/chats - ::1
[2026-04-14T11:58:14.463Z] [ACCESS] GET /api/chat/chats - ::1
[2026-04-14T11:58:14.472Z] [ACCESS] GET /api/chat/chats - ::1
[2026-04-14T11:58:14.473Z] [ACCESS] GET /api/chat/chats - ::1
[2026-04-14T11:58:25.413Z] [ACCESS] GET /api/chat/chats - ::1
[2026-04-14T11:58:25.448Z] [ACCESS] GET /api/chat/chats - ::1
[2026-04-14T11:58:33.445Z] [ACCESS] GET /api/chat/chats - ::1
[2026-04-14T11:58:43.442Z] [ACCESS] GET /api/chat/chats - ::1
[2026-04-14T11:58:53.431Z] [ACCESS] GET /api/chat/chats - ::1
[2026-04-14T11:58:53.440Z] [ACCESS] GET /api/chat/chats - ::1
[2026-04-14T11:59:03.431Z] [ACCESS] GET /api/chat/chats - ::1
[2026-04-14T11:59:13.444Z] [ACCESS] GET /api/chat/chats - ::1
[2026-04-14T11:59:14.493Z] [ACCESS] GET /api/chat/chats - ::1
[2026-04-14T11:59:23.455Z] [ACCESS] GET /api/chat/chats - ::1
[2026-04-14T11:59:23.464Z] [ACCESS] GET /api/chat/chats - ::1
[2026-04-14T11:59:59.022Z] [ACCESS] GET /api/chat/chats - ::1
[2026-04-14T11:59:59.062Z] [ACCESS] GET /api/chat/chats - ::1
[2026-04-14T12:00:00.831Z] [ACCESS] GET /api/chat/chats - ::1
[2026-04-14T12:00:00.845Z] [ACCESS] GET /api/help/help-requests/my - ::1
[2026-04-14T12:00:00.848Z] [ACCESS] GET /api/help/help-requests/volunteering - ::1
[2026-04-14T12:00:00.850Z] [ACCESS] GET /api/help/items/user/me - ::1
[2026-04-14T12:00:00.852Z] [ACCESS] GET /api/help/help-requests/public?page=1&limit=10&type=&urgency=&location=&search=&category=&condition= - ::1
[2026-04-14T12:00:00.854Z] [ACCESS] GET /api/help/items?page=1&limit=12&type=&status=available&urgency=&location=&search=&category=&condition= - ::1
[2026-04-14T12:00:00.870Z] [ACCESS] GET /api/help/nearby-opportunities - ::1
[2026-04-14T12:00:00.883Z] [ACCESS] GET /api/chat/chats - ::1
[2026-04-14T12:00:00.885Z] [ACCESS] GET /api/help/items/user/me - ::1
[2026-04-14T12:00:00.886Z] [ACCESS] GET /api/help/help-requests/my - ::1
[2026-04-14T12:00:00.896Z] [ACCESS] GET /api/help/help-requests/volunteering - ::1
[2026-04-14T12:00:00.898Z] [ACCESS] GET /api/sos/history - ::1
[2026-04-14T12:00:00.904Z] [ACCESS] GET /api/help/help-requests/public?page=1&limit=10&type=&urgency=&location=&search=&category=&condition= - ::1
[2026-04-14T12:00:00.911Z] [ACCESS] GET /api/help/items?page=1&limit=12&type=&status=available&urgency=&location=&search=&category=&condition= - ::1
[2026-04-14T12:00:00.917Z] [ACCESS] GET /api/help/nearby-opportunities - ::1
[2026-04-14T12:00:02.400Z] [ACCESS] GET /api/sos/history - ::1
[2026-04-14T12:00:02.404Z] [ACCESS] GET /api/chat/chats - ::1
[2026-04-14T12:00:02.409Z] [ACCESS] GET /api/sos/history - ::1
[2026-04-14T12:00:02.427Z] [ACCESS] GET /api/chat/chats - ::1
[2026-04-14T12:00:02.436Z] [ACCESS] GET /api/chat/chats - ::1
[2026-04-14T12:00:02.444Z] [ACCESS] GET /api/chat/chats - ::1
[2026-04-14T12:00:02.454Z] [ACCESS] GET /api/chat/chats - ::1
[2026-04-14T12:00:04.924Z] [ACCESS] GET /api/chat/messages/69de0447d01e7cd183271faf?page=1 - ::1
[2026-04-14T12:00:12.408Z] [ACCESS] GET /api/chat/chats - ::1
[2026-04-14T12:00:14.443Z] [ACCESS] GET /api/chat/chats - ::1
[2026-04-14T12:00:22.436Z] [ACCESS] GET /api/chat/chats - ::1
[2026-04-14T12:00:32.443Z] [ACCESS] GET /api/chat/chats - ::1
[2026-04-14T12:00:32.450Z] [ACCESS] GET /api/chat/chats - ::1
[2026-04-14T12:00:42.434Z] [ACCESS] GET /api/chat/chats - ::1
[2026-04-14T12:00:52.435Z] [ACCESS] GET /api/chat/chats - ::1
[2026-04-14T12:01:02.438Z] [ACCESS] GET /api/chat/chats - ::1
[2026-04-14T12:01:02.446Z] [ACCESS] GET /api/chat/chats - ::1
[2026-04-14T12:01:12.441Z] [ACCESS] GET /api/chat/chats - ::1
[2026-04-14T12:01:14.433Z] [ACCESS] GET /api/chat/chats - ::1
[2026-04-14T12:01:22.444Z] [ACCESS] GET /api/chat/chats - ::1
[2026-04-14T12:01:32.441Z] [ACCESS] GET /api/chat/chats - ::1
[2026-04-14T12:01:32.448Z] [ACCESS] GET /api/chat/chats - ::1
[2026-04-14T12:01:42.440Z] [ACCESS] GET /api/chat/chats - ::1
[2026-04-14T12:01:48.310Z] [ACCESS] GET /api/chat/chats - ::1
[2026-04-14T12:01:48.313Z] [ACCESS] GET /api/help/help-requests/my - ::1
[2026-04-14T12:01:48.315Z] [ACCESS] GET /api/help/help-requests/volunteering - ::1
[2026-04-14T12:01:48.323Z] [ACCESS] GET /api/help/items/user/me - ::1
[2026-04-14T12:01:48.325Z] [ACCESS] GET /api/help/help-requests/public?page=1&limit=10&type=&urgency=&location=&search=&category=&condition= - ::1
[2026-04-14T12:01:48.333Z] [ACCESS] GET /api/help/items?page=1&limit=12&type=&status=available&urgency=&location=&search=&category=&condition= - ::1
[2026-04-14T12:01:48.345Z] [ACCESS] GET /api/help/nearby-opportunities - ::1
[2026-04-14T12:01:48.348Z] [ACCESS] GET /api/chat/chats - ::1
[2026-04-14T12:01:48.351Z] [ACCESS] GET /api/help/help-requests/my - ::1
[2026-04-14T12:01:48.360Z] [ACCESS] GET /api/help/items/user/me - ::1
[2026-04-14T12:01:48.364Z] [ACCESS] GET /api/sos/history - ::1
[2026-04-14T12:01:48.370Z] [ACCESS] GET /api/help/help-requests/volunteering - ::1
[2026-04-14T12:01:48.375Z] [ACCESS] GET /api/help/help-requests/public?page=1&limit=10&type=&urgency=&location=&search=&category=&condition= - ::1
[2026-04-14T12:01:48.382Z] [ACCESS] GET /api/help/nearby-opportunities - ::1
[2026-04-14T12:01:48.384Z] [ACCESS] GET /api/help/items?page=1&limit=12&type=&status=available&urgency=&location=&search=&category=&condition= - ::1
[2026-04-14T12:02:14.450Z] [ACCESS] GET /api/chat/chats - ::1
[2026-04-14T12:02:18.447Z] [ACCESS] GET /api/chat/chats - ::1
[2026-04-14T12:02:48.443Z] [ACCESS] GET /api/chat/chats - ::1
[2026-04-14T12:03:10.297Z] [ACCESS] GET /api/help/help-requests/69a07eeec340cede98668c78 - ::1
[2026-04-14T12:03:14.442Z] [ACCESS] GET /api/chat/chats - ::1
[2026-04-14T12:03:18.308Z] [ACCESS] GET /api/chat/chats - ::1
[2026-04-14T12:03:24.127Z] [ACCESS] GET /api/help/help-requests/69a07f46c340cede98668d28 - ::1
[2026-04-14T12:03:38.799Z] [ACCESS] GET /api/help/help-requests/69a07eeec340cede98668c78 - ::1
[2026-04-14T12:03:46.342Z] [ACCESS] GET /api/help/items?page=1&limit=12&type=&status=available&urgency=&location=&search=&category=&condition= - ::1
[2026-04-14T12:03:48.307Z] [ACCESS] GET /api/chat/chats - ::1
[2026-04-14T12:03:50.140Z] [ACCESS] GET /api/help/help-requests/public?page=1&limit=10&type=&urgency=&location=&search=&category=&condition= - ::1
[2026-04-14T12:04:14.440Z] [ACCESS] GET /api/chat/chats - ::1
[2026-04-14T12:04:18.431Z] [ACCESS] GET /api/chat/chats - ::1
[2026-04-14T12:04:48.308Z] [ACCESS] GET /api/chat/chats - ::1
[2026-04-14T12:05:14.448Z] [ACCESS] GET /api/chat/chats - ::1
[2026-04-14T12:05:18.445Z] [ACCESS] GET /api/chat/chats - ::1
[2026-04-14T12:05:48.320Z] [ACCESS] GET /api/chat/chats - ::1
[2026-04-14T12:06:14.445Z] [ACCESS] GET /api/chat/chats - ::1
[2026-04-14T12:06:18.445Z] [ACCESS] GET /api/chat/chats - ::1
[2026-04-14T12:06:48.434Z] [ACCESS] GET /api/chat/chats - ::1
[2026-04-14T12:07:14.440Z] [ACCESS] GET /api/chat/chats - ::1
[2026-04-14T12:07:54.441Z] [ACCESS] GET /api/chat/chats - ::1
[2026-04-14T12:08:14.453Z] [ACCESS] GET /api/chat/chats - ::1
[2026-04-14T12:08:55.433Z] [ACCESS] GET /api/chat/chats - ::1
[2026-04-14T12:09:14.443Z] [ACCESS] GET /api/chat/chats - ::1
[2026-04-14T12:09:56.442Z] [ACCESS] GET /api/chat/chats - ::1
[2026-04-14T12:10:14.434Z] [ACCESS] GET /api/chat/chats - ::1
[2026-04-14T12:10:57.436Z] [ACCESS] GET /api/chat/chats - ::1
[2026-04-14T12:11:14.445Z] [ACCESS] GET /api/chat/chats - ::1
[2026-04-14T12:11:58.440Z] [ACCESS] GET /api/chat/chats - ::1
[2026-04-14T12:12:14.446Z] [ACCESS] GET /api/chat/chats - ::1
[2026-04-14T12:12:59.437Z] [ACCESS] GET /api/chat/chats - ::1
[2026-04-14T12:13:14.453Z] [ACCESS] GET /api/chat/chats - ::1
[2026-04-14T12:14:00.439Z] [ACCESS] GET /api/chat/chats - ::1
[2026-04-14T12:14:14.441Z] [ACCESS] GET /api/chat/chats - ::1
[2026-04-14T12:15:01.438Z] [ACCESS] GET /api/chat/chats - ::1
[2026-04-14T12:15:14.443Z] [ACCESS] GET /api/chat/chats - ::1
[2026-04-14T12:16:02.435Z] [ACCESS] GET /api/chat/chats - ::1
[2026-04-14T12:16:14.438Z] [ACCESS] GET /api/chat/chats - ::1
[2026-04-14T12:17:03.445Z] [ACCESS] GET /api/chat/chats - ::1
[2026-04-14T12:17:14.441Z] [ACCESS] GET /api/chat/chats - ::1
[2026-04-14T12:18:04.437Z] [ACCESS] GET /api/chat/chats - ::1
[2026-04-14T12:18:14.446Z] [ACCESS] GET /api/chat/chats - ::1
[2026-04-14T12:19:05.440Z] [ACCESS] GET /api/chat/chats - ::1
[2026-04-14T12:19:14.453Z] [ACCESS] GET /api/chat/chats - ::1
[2026-04-14T12:20:06.444Z] [ACCESS] GET /api/chat/chats - ::1
[2026-04-14T12:20:14.454Z] [ACCESS] GET /api/chat/chats - ::1
[2026-04-14T12:21:07.432Z] [ACCESS] GET /api/chat/chats - ::1
[2026-04-14T12:21:14.441Z] [ACCESS] GET /api/chat/chats - ::1
[2026-04-14T12:22:08.434Z] [ACCESS] GET /api/chat/chats - ::1
[2026-04-14T12:22:14.443Z] [ACCESS] GET /api/chat/chats - ::1
[2026-04-14T12:23:09.436Z] [ACCESS] GET /api/chat/chats - ::1
[2026-04-14T12:23:14.445Z] [ACCESS] GET /api/chat/chats - ::1
[2026-04-14T12:24:07.133Z] [ACCESS] GET /api/chat/chats - ::1
[2026-04-14T12:24:08.576Z] [ACCESS] GET /api/chat/chats - ::1
[2026-04-14T12:24:08.580Z] [ACCESS] GET /api/help/help-requests/my - ::1
[2026-04-14T12:24:08.583Z] [ACCESS] GET /api/help/help-requests/volunteering - ::1
[2026-04-14T12:24:08.586Z] [ACCESS] GET /api/help/items/user/me - ::1
[2026-04-14T12:24:08.588Z] [ACCESS] GET /api/help/help-requests/public?page=1&limit=10&type=&urgency=&location=&search=&category=&condition= - ::1
[2026-04-14T12:24:08.591Z] [ACCESS] GET /api/help/items?page=1&limit=12&type=&status=available&urgency=&location=&search=&category=&condition= - ::1
[2026-04-14T12:24:08.612Z] [ACCESS] GET /api/help/nearby-opportunities - ::1
[2026-04-14T12:24:08.614Z] [ACCESS] GET /api/sos/history - ::1
[2026-04-14T12:24:08.986Z] [ACCESS] GET /api/chat/chats - ::1
[2026-04-14T12:24:08.992Z] [ACCESS] GET /api/help/help-requests/my - ::1
[2026-04-14T12:24:08.994Z] [ACCESS] GET /api/help/help-requests/volunteering - ::1
[2026-04-14T12:24:08.996Z] [ACCESS] GET /api/help/items/user/me - ::1
[2026-04-14T12:24:08.998Z] [ACCESS] GET /api/help/help-requests/public?page=1&limit=10&type=&urgency=&location=&search=&category=&condition= - ::1
[2026-04-14T12:24:09.000Z] [ACCESS] GET /api/help/items?page=1&limit=12&type=&status=available&urgency=&location=&search=&category=&condition= - ::1
[2026-04-14T12:24:09.033Z] [ACCESS] GET /api/help/nearby-opportunities - ::1
[2026-04-14T12:24:09.053Z] [ACCESS] GET /api/help/items/user/me - ::1
[2026-04-14T12:24:09.051Z] [ACCESS] GET /api/sos/history - ::1
[2026-04-14T12:24:09.078Z] [ACCESS] GET /api/chat/chats - ::1
[2026-04-14T12:24:09.102Z] [ACCESS] GET /api/help/help-requests/my - ::1
[2026-04-14T12:24:09.105Z] [ACCESS] GET /api/help/help-requests/volunteering - ::1
[2026-04-14T12:24:09.109Z] [ACCESS] GET /api/help/help-requests/public?page=1&limit=10&type=&urgency=&location=&search=&category=&condition= - ::1
[2026-04-14T12:24:09.111Z] [ACCESS] GET /api/help/items?page=1&limit=12&type=&status=available&urgency=&location=&search=&category=&condition= - ::1
[2026-04-14T12:24:09.131Z] [ACCESS] GET /api/help/nearby-opportunities - ::1
[2026-04-14T12:24:11.091Z] [ACCESS] GET /api/chat/chats - ::1
[2026-04-14T12:24:11.094Z] [ACCESS] GET /api/help/help-requests/my - ::1
[2026-04-14T12:24:11.096Z] [ACCESS] GET /api/help/help-requests/volunteering - ::1
[2026-04-14T12:24:11.098Z] [ACCESS] GET /api/help/items/user/me - ::1
[2026-04-14T12:24:11.106Z] [ACCESS] GET /api/help/help-requests/public?page=1&limit=10&type=&urgency=&location=&search=&category=&condition= - ::1
[2026-04-14T12:24:11.108Z] [ACCESS] GET /api/help/items?page=1&limit=12&type=&status=available&urgency=&location=&search=&category=&condition= - ::1
[2026-04-14T12:24:11.129Z] [ACCESS] GET /api/help/nearby-opportunities - ::1
[2026-04-14T12:24:11.131Z] [ACCESS] GET /api/help/items/user/me - ::1
[2026-04-14T12:24:11.133Z] [ACCESS] GET /api/chat/chats - ::1
[2026-04-14T12:24:11.136Z] [ACCESS] GET /api/help/help-requests/my - ::1
[2026-04-14T12:24:11.155Z] [ACCESS] GET /api/help/help-requests/volunteering - ::1
[2026-04-14T12:24:11.159Z] [ACCESS] GET /api/help/help-requests/public?page=1&limit=10&type=&urgency=&location=&search=&category=&condition= - ::1
[2026-04-14T12:24:11.162Z] [ACCESS] GET /api/help/items?page=1&limit=12&type=&status=available&urgency=&location=&search=&category=&condition= - ::1
[2026-04-14T12:24:11.177Z] [ACCESS] GET /api/sos/history - ::1
[2026-04-14T12:24:11.182Z] [ACCESS] GET /api/help/nearby-opportunities - ::1
[2026-04-14T12:24:14.440Z] [ACCESS] GET /api/chat/chats - ::1
[2026-04-14T12:24:15.722Z] [ACCESS] GET /api/sos/history - ::1
[2026-04-14T12:24:15.733Z] [ACCESS] GET /api/chat/chats - ::1
[2026-04-14T12:24:15.740Z] [ACCESS] GET /api/sos/history - ::1
[2026-04-14T12:24:15.745Z] [ACCESS] GET /api/chat/chats - ::1
[2026-04-14T12:24:15.760Z] [ACCESS] GET /api/chat/chats - ::1
[2026-04-14T12:24:15.772Z] [ACCESS] GET /api/chat/chats - ::1
[2026-04-14T12:24:15.782Z] [ACCESS] GET /api/chat/chats - ::1
[2026-04-14T12:24:21.716Z] [ACCESS] GET /api/chat/chats - ::1
[2026-04-14T12:24:21.718Z] [ACCESS] GET /api/help/help-requests/my - ::1
[2026-04-14T12:24:21.720Z] [ACCESS] GET /api/help/help-requests/volunteering - ::1
[2026-04-14T12:24:21.722Z] [ACCESS] GET /api/help/items/user/me - ::1
[2026-04-14T12:24:21.724Z] [ACCESS] GET /api/help/help-requests/public?page=1&limit=10&type=&urgency=&location=&search=&category=&condition= - ::1
[2026-04-14T12:24:21.728Z] [ACCESS] GET /api/help/items?page=1&limit=12&type=&status=available&urgency=&location=&search=&category=&condition= - ::1
[2026-04-14T12:24:21.747Z] [ACCESS] GET /api/help/nearby-opportunities - ::1
[2026-04-14T12:24:21.751Z] [ACCESS] GET /api/help/items/user/me - ::1
[2026-04-14T12:24:21.753Z] [ACCESS] GET /api/chat/chats - ::1
[2026-04-14T12:24:21.756Z] [ACCESS] GET /api/help/help-requests/my - ::1
[2026-04-14T12:24:21.764Z] [ACCESS] GET /api/help/help-requests/volunteering - ::1
[2026-04-14T12:24:21.766Z] [ACCESS] GET /api/sos/history - ::1
[2026-04-14T12:24:21.773Z] [ACCESS] GET /api/help/help-requests/public?page=1&limit=10&type=&urgency=&location=&search=&category=&condition= - ::1
[2026-04-14T12:24:21.777Z] [ACCESS] GET /api/help/items?page=1&limit=12&type=&status=available&urgency=&location=&search=&category=&condition= - ::1
[2026-04-14T12:24:21.783Z] [ACCESS] GET /api/help/nearby-opportunities - ::1
[2026-04-14T12:25:14.446Z] [ACCESS] GET /api/chat/chats - ::1
[2026-04-14T12:26:14.457Z] [ACCESS] GET /api/chat/chats - ::1
[2026-04-14T12:27:14.446Z] [ACCESS] GET /api/chat/chats - ::1
[2026-04-14T12:28:14.439Z] [ACCESS] GET /api/chat/chats - ::1
[2026-04-14T12:29:14.451Z] [ACCESS] GET /api/chat/chats - ::1
[2026-04-14T12:30:14.461Z] [ACCESS] GET /api/chat/chats - ::1
[2026-04-14T12:31:14.452Z] [ACCESS] GET /api/chat/chats - ::1
[2026-04-14T12:32:14.452Z] [ACCESS] GET /api/chat/chats - ::1
[2026-04-14T12:33:14.448Z] [ACCESS] GET /api/chat/chats - ::1
[2026-04-14T12:34:14.446Z] [ACCESS] GET /api/chat/chats - ::1
[2026-04-14T12:35:14.473Z] [ACCESS] GET /api/chat/chats - ::1
[2026-04-14T12:36:14.466Z] [ACCESS] GET /api/chat/chats - ::1
[2026-04-14T12:37:14.445Z] [ACCESS] GET /api/chat/chats - ::1
[2026-04-14T12:38:14.447Z] [ACCESS] GET /api/chat/chats - ::1
[2026-04-14T12:39:14.452Z] [ACCESS] GET /api/chat/chats - ::1
[2026-04-14T12:40:08.586Z] [ACCESS] GET /api/chat/chats - ::1
[2026-04-14T12:40:08.603Z] [ACCESS] GET /api/help/help-requests/my - ::1
[2026-04-14T12:40:08.629Z] [ACCESS] GET /api/help/help-requests/volunteering - ::1
[2026-04-14T12:40:08.645Z] [ACCESS] GET /api/help/items/user/me - ::1
[2026-04-14T12:40:08.654Z] [ACCESS] GET /api/help/help-requests/public?page=1&limit=10&type=&urgency=&location=&search=&category=&condition= - ::1
[2026-04-14T12:40:08.669Z] [ACCESS] GET /api/help/items?page=1&limit=12&type=&status=available&urgency=&location=&search=&category=&condition= - ::1
[2026-04-14T12:40:08.704Z] [ACCESS] GET /api/help/nearby-opportunities - ::1
[2026-04-14T12:40:08.717Z] [ACCESS] GET /api/chat/chats - ::1
[2026-04-14T12:40:08.735Z] [ACCESS] GET /api/help/help-requests/my - ::1
[2026-04-14T12:40:08.754Z] [ACCESS] GET /api/help/help-requests/volunteering - ::1
[2026-04-14T12:40:08.766Z] [ACCESS] GET /api/help/items/user/me - ::1
[2026-04-14T12:40:08.781Z] [ACCESS] GET /api/help/help-requests/public?page=1&limit=10&type=&urgency=&location=&search=&category=&condition= - ::1
[2026-04-14T12:40:08.796Z] [ACCESS] GET /api/help/items?page=1&limit=12&type=&status=available&urgency=&location=&search=&category=&condition= - ::1
[2026-04-14T12:40:08.858Z] [ACCESS] GET /api/help/nearby-opportunities - ::1
[2026-04-14T12:40:09.064Z] [ACCESS] GET /api/sos/history - ::1
[2026-04-14T12:40:14.456Z] [ACCESS] GET /api/chat/chats - ::1
[2026-04-14T12:40:38.569Z] [ACCESS] GET /api/chat/chats - ::1
[2026-04-14T12:41:09.446Z] [ACCESS] GET /api/chat/chats - ::1
[2026-04-14T12:41:14.459Z] [ACCESS] GET /api/chat/chats - ::1
[2026-04-14T12:41:38.567Z] [ACCESS] GET /api/chat/chats - ::1
[2026-04-14T12:42:09.444Z] [ACCESS] GET /api/chat/chats - ::1
[2026-04-14T12:42:14.441Z] [ACCESS] GET /api/chat/chats - ::1
[2026-04-14T12:42:38.567Z] [ACCESS] GET /api/chat/chats - ::1
[2026-04-14T12:43:08.568Z] [ACCESS] GET /api/chat/chats - ::1
[2026-04-14T12:43:14.453Z] [ACCESS] GET /api/chat/chats - ::1
[2026-04-14T12:43:17.317Z] [ACCESS] GET /api/help/help-requests/my - ::1
[2026-04-14T12:43:17.313Z] [ACCESS] GET /api/chat/chats - ::1
[2026-04-14T12:43:17.319Z] [ACCESS] GET /api/help/help-requests/volunteering - ::1
[2026-04-14T12:43:17.321Z] [ACCESS] GET /api/help/items/user/me - ::1
[2026-04-14T12:43:17.327Z] [ACCESS] GET /api/help/help-requests/public?page=1&limit=10&type=&urgency=&location=&search=&category=&condition= - ::1
[2026-04-14T12:43:17.345Z] [ACCESS] GET /api/help/items?page=1&limit=12&type=&status=available&urgency=&location=&search=&category=&condition= - ::1
[2026-04-14T12:43:17.349Z] [ACCESS] GET /api/help/nearby-opportunities - ::1
[2026-04-14T12:43:17.352Z] [ACCESS] GET /api/help/items/user/me - ::1
[2026-04-14T12:43:17.354Z] [ACCESS] GET /api/chat/chats - ::1
[2026-04-14T12:43:17.358Z] [ACCESS] GET /api/help/help-requests/my - ::1
[2026-04-14T12:43:17.373Z] [ACCESS] GET /api/help/help-requests/volunteering - ::1
[2026-04-14T12:43:17.377Z] [ACCESS] GET /api/help/help-requests/public?page=1&limit=10&type=&urgency=&location=&search=&category=&condition= - ::1
[2026-04-14T12:43:17.389Z] [ACCESS] GET /api/help/nearby-opportunities - ::1
[2026-04-14T12:43:17.394Z] [ACCESS] GET /api/help/items?page=1&limit=12&type=&status=available&urgency=&location=&search=&category=&condition= - ::1
[2026-04-14T12:43:17.435Z] [ACCESS] GET /api/sos/history - ::1
[2026-04-14T12:43:47.323Z] [ACCESS] GET /api/chat/chats - ::1
[2026-04-14T12:44:14.451Z] [ACCESS] GET /api/chat/chats - ::1
[2026-04-14T12:44:17.312Z] [ACCESS] GET /api/chat/chats - ::1
[2026-04-14T12:44:47.313Z] [ACCESS] GET /api/chat/chats - ::1
[2026-04-14T12:44:48.694Z] [ACCESS] GET /api/chat/chats - ::1
[2026-04-14T12:44:48.703Z] [ACCESS] GET /api/help/help-requests/my - ::1
[2026-04-14T12:44:48.707Z] [ACCESS] GET /api/help/help-requests/volunteering - ::1
[2026-04-14T12:44:48.709Z] [ACCESS] GET /api/help/items/user/me - ::1
[2026-04-14T12:44:48.711Z] [ACCESS] GET /api/help/help-requests/public?page=1&limit=10&type=&urgency=&location=&search=&category=&condition= - ::1
[2026-04-14T12:44:48.716Z] [ACCESS] GET /api/help/items?page=1&limit=12&type=&status=available&urgency=&location=&search=&category=&condition= - ::1
[2026-04-14T12:44:48.727Z] [ACCESS] GET /api/help/nearby-opportunities - ::1
[2026-04-14T12:44:48.740Z] [ACCESS] GET /api/chat/chats - ::1
[2026-04-14T12:44:48.743Z] [ACCESS] GET /api/help/items/user/me - ::1
[2026-04-14T12:44:48.753Z] [ACCESS] GET /api/help/help-requests/my - ::1
[2026-04-14T12:44:48.767Z] [ACCESS] GET /api/help/help-requests/volunteering - ::1
[2026-04-14T12:44:48.770Z] [ACCESS] GET /api/help/help-requests/public?page=1&limit=10&type=&urgency=&location=&search=&category=&condition= - ::1
[2026-04-14T12:44:48.779Z] [ACCESS] GET /api/help/items?page=1&limit=12&type=&status=available&urgency=&location=&search=&category=&condition= - ::1
[2026-04-14T12:44:48.784Z] [ACCESS] GET /api/help/nearby-opportunities - ::1
[2026-04-14T12:44:48.789Z] [ACCESS] GET /api/sos/history - ::1
[2026-04-14T12:44:56.429Z] [ACCESS] GET /api/chat/chats - ::1
[2026-04-14T12:44:56.829Z] [ACCESS] GET /api/chat/chats - ::1
[2026-04-14T12:44:56.835Z] [ACCESS] GET /api/elderly/users/suggested?limit=3 - ::1
[2026-04-14T12:44:56.841Z] [ACCESS] GET /api/elderly/users/all - ::1
[2026-04-14T12:44:56.847Z] [ACCESS] GET /api/chat/chats - ::1
[2026-04-14T12:44:56.898Z] [ACCESS] GET /api/elderly/users/suggested?limit=3 - ::1
[2026-04-14T12:44:56.903Z] [ACCESS] GET /api/elderly/users/all - ::1
[2026-04-14T12:44:56.979Z] [ACCESS] GET /api/follow/status/69a07d12c340cede98668a79 - ::1
[2026-04-14T12:44:56.981Z] [ACCESS] GET /api/follow/status/69a07e11c340cede98668aff - ::1
[2026-04-14T12:44:56.984Z] [ACCESS] GET /api/follow/status/69a07c4fc340cede986689f9 - ::1
[2026-04-14T12:44:56.987Z] [ACCESS] GET /api/follow/status/69ccc52df8485d977a7fc7d3 - ::1
[2026-04-14T12:44:56.992Z] [ACCESS] GET /api/follow/status/69ccd94bf0258471755c73fa - ::1
[2026-04-14T12:44:56.997Z] [ACCESS] GET /api/follow/status/69a07b5cc340cede9866898c - ::1
[2026-04-14T12:44:57.034Z] [ACCESS] GET /api/follow/status/69a07c4fc340cede986689f9 - ::1
[2026-04-14T12:44:57.037Z] [ACCESS] GET /api/follow/status/69ccd94bf0258471755c73fa - ::1
[2026-04-14T12:44:57.041Z] [ACCESS] GET /api/follow/status/69a07d12c340cede98668a79 - ::1
[2026-04-14T12:44:57.044Z] [ACCESS] GET /api/follow/status/69a07e11c340cede98668aff - ::1
[2026-04-14T12:44:57.046Z] [ACCESS] GET /api/sos/history - ::1
[2026-04-14T12:44:57.048Z] [ACCESS] GET /api/follow/status/69ccc52df8485d977a7fc7d3 - ::1
[2026-04-14T12:44:57.066Z] [ACCESS] GET /api/follow/status/69a07b5cc340cede9866898c - ::1
[2026-04-14T12:44:57.069Z] [ACCESS] GET /api/sos/history - ::1
[2026-04-14T12:44:59.492Z] [ACCESS] GET /api/chat/chats - ::1
[2026-04-14T12:44:59.510Z] [ACCESS] GET /api/help/help-requests/my - ::1
[2026-04-14T12:44:59.513Z] [ACCESS] GET /api/chat/chats - ::1
[2026-04-14T12:44:59.516Z] [ACCESS] GET /api/help/help-requests/volunteering - ::1
[2026-04-14T12:44:59.518Z] [ACCESS] GET /api/help/nearby-opportunities - ::1
[2026-04-14T12:44:59.522Z] [ACCESS] GET /api/help/items?page=1&limit=12&type=&status=available&urgency=&location=&search=&category=&condition= - ::1
[2026-04-14T12:44:59.524Z] [ACCESS] GET /api/help/help-requests/public?page=1&limit=10&type=&urgency=&location=&search=&category=&condition= - ::1
[2026-04-14T12:44:59.546Z] [ACCESS] GET /api/help/items/user/me - ::1
[2026-04-14T12:44:59.551Z] [ACCESS] GET /api/help/help-requests/my - ::1
[2026-04-14T12:44:59.549Z] [ACCESS] GET /api/sos/history - ::1
[2026-04-14T12:44:59.562Z] [ACCESS] GET /api/help/help-requests/volunteering - ::1
[2026-04-14T12:44:59.565Z] [ACCESS] GET /api/help/items?page=1&limit=12&type=&status=available&urgency=&location=&search=&category=&condition= - ::1
[2026-04-14T12:44:59.571Z] [ACCESS] GET /api/help/help-requests/public?page=1&limit=10&type=&urgency=&location=&search=&category=&condition= - ::1
[2026-04-14T12:44:59.573Z] [ACCESS] GET /api/help/nearby-opportunities - ::1
[2026-04-14T12:44:59.577Z] [ACCESS] GET /api/help/items/user/me - ::1
[2026-04-14T12:45:05.323Z] [ACCESS] GET /api/follow/feed - ::1
[2026-04-14T12:45:05.339Z] [ACCESS] GET /api/follow/feed - ::1
[2026-04-14T12:45:05.341Z] [ACCESS] GET /api/sos/history - ::1
[2026-04-14T12:45:05.343Z] [ACCESS] GET /api/chat/chats - ::1
[2026-04-14T12:45:05.355Z] [ACCESS] GET /api/sos/history - ::1
[2026-04-14T12:45:05.358Z] [ACCESS] GET /api/chat/chats - ::1
[2026-04-14T12:45:06.080Z] [ACCESS] GET /api/elderly/profile/69a07938c340cede98668815 - ::1
[2026-04-14T12:45:06.087Z] [ACCESS] GET /api/elderly/profile/69a07938c340cede98668815 - ::1
[2026-04-14T12:45:06.136Z] [ACCESS] GET /api/sos/history - ::1
[2026-04-14T12:45:06.149Z] [ACCESS] GET /api/sos/history - ::1
[2026-04-14T12:45:06.151Z] [ACCESS] GET /api/chat/chats - ::1
[2026-04-14T12:45:06.162Z] [ACCESS] GET /api/chat/chats - ::1
[2026-04-14T12:45:11.911Z] [ACCESS] GET /api/sos/history - ::1
[2026-04-14T12:45:11.913Z] [ACCESS] GET /api/chat/chats - ::1
[2026-04-14T12:45:11.921Z] [ACCESS] GET /api/sos/history - ::1
[2026-04-14T12:45:11.928Z] [ACCESS] GET /api/chat/chats - ::1
[2026-04-14T12:45:11.940Z] [ACCESS] GET /api/chat/chats - ::1
[2026-04-14T12:45:11.952Z] [ACCESS] GET /api/chat/chats - ::1
[2026-04-14T12:45:11.959Z] [ACCESS] GET /api/chat/chats - ::1
[2026-04-14T12:45:13.117Z] [ACCESS] GET /api/chat/chats - ::1
[2026-04-14T12:45:13.119Z] [ACCESS] GET /api/help/help-requests/my - ::1
[2026-04-14T12:45:13.124Z] [ACCESS] GET /api/help/help-requests/volunteering - ::1
[2026-04-14T12:45:13.127Z] [ACCESS] GET /api/help/items/user/me - ::1
[2026-04-14T12:45:13.134Z] [ACCESS] GET /api/help/help-requests/public?page=1&limit=10&type=&urgency=&location=&search=&category=&condition= - ::1
[2026-04-14T12:45:13.141Z] [ACCESS] GET /api/help/items?page=1&limit=12&type=&status=available&urgency=&location=&search=&category=&condition= - ::1
[2026-04-14T12:45:13.151Z] [ACCESS] GET /api/help/nearby-opportunities - ::1
[2026-04-14T12:45:13.155Z] [ACCESS] GET /api/sos/history - ::1
[2026-04-14T12:45:13.159Z] [ACCESS] GET /api/help/items/user/me - ::1
[2026-04-14T12:45:13.161Z] [ACCESS] GET /api/chat/chats - ::1
[2026-04-14T12:45:13.178Z] [ACCESS] GET /api/help/help-requests/my - ::1
[2026-04-14T12:45:13.180Z] [ACCESS] GET /api/help/help-requests/volunteering - ::1
[2026-04-14T12:45:13.182Z] [ACCESS] GET /api/help/help-requests/public?page=1&limit=10&type=&urgency=&location=&search=&category=&condition= - ::1
[2026-04-14T12:45:13.187Z] [ACCESS] GET /api/help/items?page=1&limit=12&type=&status=available&urgency=&location=&search=&category=&condition= - ::1
[2026-04-14T12:45:13.189Z] [ACCESS] GET /api/help/nearby-opportunities - ::1
[2026-04-14T12:45:17.605Z] [ACCESS] GET /api/sos/history - ::1
[2026-04-14T12:45:17.608Z] [ACCESS] GET /api/chat/chats - ::1
[2026-04-14T12:45:17.616Z] [ACCESS] GET /api/sos/history - ::1
[2026-04-14T12:45:17.627Z] [ACCESS] GET /api/chat/chats - ::1
[2026-04-14T12:45:17.640Z] [ACCESS] GET /api/chat/chats - ::1
[2026-04-14T12:45:17.648Z] [ACCESS] GET /api/chat/chats - ::1
[2026-04-14T12:45:17.657Z] [ACCESS] GET /api/chat/chats - ::1
[2026-04-14T12:45:18.871Z] [ACCESS] GET /api/chat/chats - ::1
[2026-04-14T12:45:18.889Z] [ACCESS] GET /api/help/help-requests/my - ::1
[2026-04-14T12:45:18.892Z] [ACCESS] GET /api/help/help-requests/volunteering - ::1
[2026-04-14T12:45:18.894Z] [ACCESS] GET /api/help/items/user/me - ::1
[2026-04-14T12:45:18.897Z] [ACCESS] GET /api/help/help-requests/public?page=1&limit=10&type=&urgency=&location=&search=&category=&condition= - ::1
[2026-04-14T12:45:18.900Z] [ACCESS] GET /api/help/items?page=1&limit=12&type=&status=available&urgency=&location=&search=&category=&condition= - ::1
[2026-04-14T12:45:18.903Z] [ACCESS] GET /api/help/nearby-opportunities - ::1
[2026-04-14T12:45:18.921Z] [ACCESS] GET /api/sos/history - ::1
[2026-04-14T12:45:18.924Z] [ACCESS] GET /api/chat/chats - ::1
[2026-04-14T12:45:18.927Z] [ACCESS] GET /api/help/items/user/me - ::1
[2026-04-14T12:45:18.932Z] [ACCESS] GET /api/help/help-requests/my - ::1
[2026-04-14T12:45:18.938Z] [ACCESS] GET /api/help/help-requests/volunteering - ::1
[2026-04-14T12:45:18.942Z] [ACCESS] GET /api/help/nearby-opportunities - ::1
[2026-04-14T12:45:18.946Z] [ACCESS] GET /api/help/help-requests/public?page=1&limit=10&type=&urgency=&location=&search=&category=&condition= - ::1
[2026-04-14T12:45:18.955Z] [ACCESS] GET /api/help/items?page=1&limit=12&type=&status=available&urgency=&location=&search=&category=&condition= - ::1
[2026-04-14T12:45:48.873Z] [ACCESS] GET /api/chat/chats - ::1
[2026-04-14T12:46:18.873Z] [ACCESS] GET /api/chat/chats - ::1
[2026-04-14T12:46:40.545Z] [ACCESS] GET /api/chat/chats - ::1
[2026-04-14T12:46:40.548Z] [ACCESS] GET /api/help/help-requests/volunteering - ::1
[2026-04-14T12:46:40.550Z] [ACCESS] GET /api/help/help-requests/my - ::1
[2026-04-14T12:46:40.556Z] [ACCESS] GET /api/help/items/user/me - ::1
[2026-04-14T12:46:40.578Z] [ACCESS] GET /api/help/help-requests/public?page=1&limit=10&type=&urgency=&location=&search=&category=&condition= - ::1
[2026-04-14T12:46:40.583Z] [ACCESS] GET /api/help/items?page=1&limit=12&type=&status=available&urgency=&location=&search=&category=&condition= - ::1
[2026-04-14T12:46:40.585Z] [ACCESS] GET /api/help/nearby-opportunities - ::1
[2026-04-14T12:46:40.594Z] [ACCESS] GET /api/chat/chats - ::1
[2026-04-14T12:46:40.613Z] [ACCESS] GET /api/help/items/user/me - ::1
[2026-04-14T12:46:40.615Z] [ACCESS] GET /api/sos/history - ::1
[2026-04-14T12:46:40.639Z] [ACCESS] GET /api/help/help-requests/volunteering - ::1
[2026-04-14T12:46:40.647Z] [ACCESS] GET /api/help/help-requests/my - ::1
[2026-04-14T12:46:40.650Z] [ACCESS] GET /api/help/nearby-opportunities - ::1
[2026-04-14T12:46:40.664Z] [ACCESS] GET /api/help/items?page=1&limit=12&type=&status=available&urgency=&location=&search=&category=&condition= - ::1
[2026-04-14T12:46:40.670Z] [ACCESS] GET /api/help/help-requests/public?page=1&limit=10&type=&urgency=&location=&search=&category=&condition= - ::1
[2026-04-14T12:47:11.436Z] [ACCESS] GET /api/chat/chats - ::1
[2026-04-14T12:47:41.440Z] [ACCESS] GET /api/chat/chats - ::1
[2026-04-14T12:48:11.433Z] [ACCESS] GET /api/chat/chats - ::1
[2026-04-14T12:48:41.446Z] [ACCESS] GET /api/chat/chats - ::1
[2026-04-14T12:49:10.545Z] [ACCESS] GET /api/chat/chats - ::1
[2026-04-14T12:49:40.545Z] [ACCESS] GET /api/chat/chats - ::1
[2026-04-14T12:49:51.862Z] [ACCESS] POST /api/help/help-requests - ::1
[2026-04-14T12:49:56.647Z] [ACCESS] GET /api/help/help-requests/my - ::1
[2026-04-14T12:49:56.649Z] [ACCESS] GET /api/help/items/user/me - ::1
[2026-04-14T12:49:56.651Z] [ACCESS] GET /api/help/help-requests/volunteering - ::1
[2026-04-14T12:50:04.489Z] [ACCESS] GET /api/help/help-requests/69de37efd01e7cd183272c24 - ::1
[2026-04-14T12:50:10.541Z] [ACCESS] GET /api/chat/chats - ::1
[2026-04-14T12:50:40.543Z] [ACCESS] GET /api/chat/chats - ::1
[2026-04-14T12:51:02.074Z] [ACCESS] GET /api/help/items?page=1&limit=12&type=&status=available&urgency=&location=&search=&category=&condition= - ::1
[2026-04-14T12:51:10.544Z] [ACCESS] GET /api/chat/chats - ::1
[2026-04-14T12:51:23.448Z] [ACCESS] GET /api/help/help-requests/public?page=1&limit=10&type=&urgency=&location=&search=&category=&condition= - ::1
[2026-04-14T12:51:34.677Z] [ACCESS] GET /api/chat/chats - ::1
[2026-04-14T12:51:34.683Z] [ACCESS] GET /api/help/help-requests/volunteering - ::1
[2026-04-14T12:51:34.685Z] [ACCESS] GET /api/help/items/user/me - ::1
[2026-04-14T12:51:34.680Z] [ACCESS] GET /api/help/help-requests/my - ::1
[2026-04-14T12:51:34.691Z] [ACCESS] GET /api/help/help-requests/public?page=1&limit=10&type=&urgency=&location=&search=&category=&condition= - ::1
[2026-04-14T12:51:34.698Z] [ACCESS] GET /api/help/items?page=1&limit=12&type=&status=available&urgency=&location=&search=&category=&condition= - ::1
[2026-04-14T12:51:34.712Z] [ACCESS] GET /api/help/nearby-opportunities - ::1
[2026-04-14T12:51:34.752Z] [ACCESS] GET /api/help/items/user/me - ::1
[2026-04-14T12:51:34.755Z] [ACCESS] GET /api/chat/chats - ::1
[2026-04-14T12:51:34.760Z] [ACCESS] GET /api/help/help-requests/my - ::1
[2026-04-14T12:51:34.764Z] [ACCESS] GET /api/help/help-requests/volunteering - ::1
[2026-04-14T12:51:34.766Z] [ACCESS] GET /api/sos/history - ::1
[2026-04-14T12:51:34.774Z] [ACCESS] GET /api/help/help-requests/public?page=1&limit=10&type=&urgency=&location=&search=&category=&condition= - ::1
[2026-04-14T12:51:34.780Z] [ACCESS] GET /api/help/nearby-opportunities - ::1
[2026-04-14T12:51:34.794Z] [ACCESS] GET /api/help/items?page=1&limit=12&type=&status=available&urgency=&location=&search=&category=&condition= - ::1
[2026-04-14T12:51:37.191Z] [ACCESS] GET /api/elderly/profile/69a07938c340cede98668815 - ::1
[2026-04-14T12:51:37.197Z] [ACCESS] GET /api/elderly/profile/69a07938c340cede98668815 - ::1
[2026-04-14T12:51:37.231Z] [ACCESS] GET /api/sos/history - ::1
[2026-04-14T12:51:37.237Z] [ACCESS] GET /api/sos/history - ::1
[2026-04-14T12:51:37.255Z] [ACCESS] GET /api/chat/chats - ::1
[2026-04-14T12:51:37.264Z] [ACCESS] GET /api/chat/chats - ::1
[2026-04-14T12:51:40.049Z] [ACCESS] GET /api/follow/feed - ::1
[2026-04-14T12:51:40.066Z] [ACCESS] GET /api/sos/history - ::1
[2026-04-14T12:51:40.068Z] [ACCESS] GET /api/chat/chats - ::1
[2026-04-14T12:51:40.070Z] [ACCESS] GET /api/follow/feed - ::1
[2026-04-14T12:51:40.082Z] [ACCESS] GET /api/sos/history - ::1
[2026-04-14T12:51:40.090Z] [ACCESS] GET /api/chat/chats - ::1
[2026-04-14T12:51:41.683Z] [ACCESS] GET /api/chat/chats - ::1
[2026-04-14T12:51:41.698Z] [ACCESS] GET /api/help/help-requests/my - ::1
[2026-04-14T12:51:41.700Z] [ACCESS] GET /api/help/help-requests/volunteering - ::1
[2026-04-14T12:51:41.702Z] [ACCESS] GET /api/help/items/user/me - ::1
[2026-04-14T12:51:41.705Z] [ACCESS] GET /api/help/help-requests/public?page=1&limit=10&type=&urgency=&location=&search=&category=&condition= - ::1
[2026-04-14T12:51:41.707Z] [ACCESS] GET /api/help/items?page=1&limit=12&type=&status=available&urgency=&location=&search=&category=&condition= - ::1
[2026-04-14T12:51:41.709Z] [ACCESS] GET /api/help/nearby-opportunities - ::1
[2026-04-14T12:51:41.730Z] [ACCESS] GET /api/chat/chats - ::1
[2026-04-14T12:51:41.734Z] [ACCESS] GET /api/sos/history - ::1
[2026-04-14T12:51:41.736Z] [ACCESS] GET /api/help/items/user/me - ::1
[2026-04-14T12:51:41.740Z] [ACCESS] GET /api/help/help-requests/my - ::1
[2026-04-14T12:51:41.749Z] [ACCESS] GET /api/help/help-requests/volunteering - ::1
[2026-04-14T12:51:41.751Z] [ACCESS] GET /api/help/nearby-opportunities - ::1
[2026-04-14T12:51:41.768Z] [ACCESS] GET /api/help/help-requests/public?page=1&limit=10&type=&urgency=&location=&search=&category=&condition= - ::1
[2026-04-14T12:51:41.771Z] [ACCESS] GET /api/help/items?page=1&limit=12&type=&status=available&urgency=&location=&search=&category=&condition= - ::1
[2026-04-14T12:51:43.998Z] [ACCESS] GET /api/help/items?page=1&limit=12&type=&status=available&urgency=&location=&search=&category=&condition= - ::1
[2026-04-14T12:52:02.627Z] [ACCESS] GET /api/help/items/69a082ebc340cede98668f63 - ::1
[2026-04-14T12:52:03.911Z] [ACCESS] GET /api/help/items/69a082ebc340cede98668f63 - ::1
[2026-04-14T12:52:11.687Z] [ACCESS] GET /api/chat/chats - ::1
[2026-04-14T12:52:15.454Z] [ACCESS] GET /api/help/items?page=1&limit=12&type=&status=available&urgency=&location=&search=&category=&condition= - ::1
[2026-04-14T12:52:16.388Z] [ACCESS] GET /api/help/help-requests/public?page=1&limit=10&type=&urgency=&location=&search=&category=&condition= - ::1
[2026-04-14T12:52:18.659Z] [ACCESS] GET /api/help/items?page=1&limit=12&type=&status=available&urgency=&location=&search=&category=&condition= - ::1
[2026-04-14T12:52:42.440Z] [ACCESS] GET /api/chat/chats - ::1
[2026-04-14T12:53:12.431Z] [ACCESS] GET /api/chat/chats - ::1
[2026-04-14T12:53:42.438Z] [ACCESS] GET /api/chat/chats - ::1
[2026-04-14T12:54:12.446Z] [ACCESS] GET /api/chat/chats - ::1
[2026-04-14T12:54:42.441Z] [ACCESS] GET /api/chat/chats - ::1
[2026-04-14T12:55:14.447Z] [ACCESS] GET /api/chat/chats - ::1
[2026-04-14T12:56:14.439Z] [ACCESS] GET /api/chat/chats - ::1
[2026-04-14T12:57:14.443Z] [ACCESS] GET /api/chat/chats - ::1
[2026-04-14T12:58:14.443Z] [ACCESS] GET /api/chat/chats - ::1
[2026-04-14T12:58:42.436Z] [ACCESS] GET /api/chat/chats - ::1
[2026-04-14T12:59:12.451Z] [ACCESS] GET /api/chat/chats - ::1
[2026-04-14T13:00:14.468Z] [ACCESS] GET /api/chat/chats - ::1
[2026-04-14T13:01:14.444Z] [ACCESS] GET /api/chat/chats - ::1
[2026-04-14T13:02:14.453Z] [ACCESS] GET /api/chat/chats - ::1
[2026-04-14T13:03:14.454Z] [ACCESS] GET /api/chat/chats - ::1
[2026-04-14T13:04:14.444Z] [ACCESS] GET /api/chat/chats - ::1
[2026-04-14T13:05:14.452Z] [ACCESS] GET /api/chat/chats - ::1
[2026-04-14T13:06:14.460Z] [ACCESS] GET /api/chat/chats - ::1
[2026-04-14T13:07:14.453Z] [ACCESS] GET /api/chat/chats - ::1
[2026-04-14T13:08:14.450Z] [ACCESS] GET /api/chat/chats - ::1
[2026-04-14T13:09:14.444Z] [ACCESS] GET /api/chat/chats - ::1
[2026-04-14T13:10:14.448Z] [ACCESS] GET /api/chat/chats - ::1
[2026-04-14T13:11:14.441Z] [ACCESS] GET /api/chat/chats - ::1
[2026-04-14T13:11:37.673Z] [ACCESS] GET /api/help/help-requests/69a07eeec340cede98668c78 - ::1
[2026-04-14T13:11:41.407Z] [ACCESS] GET /api/help/help-requests/69a07eeec340cede98668c78 - ::1
[2026-04-14T13:11:41.686Z] [ACCESS] GET /api/chat/chats - ::1
[2026-04-14T13:11:45.361Z] [ACCESS] GET /api/help/help-requests/69a07f46c340cede98668d28 - ::1
[2026-04-14T13:11:54.225Z] [ACCESS] GET /api/help/help-requests/69a07eeec340cede98668c78 - ::1
[2026-04-14T13:12:04.714Z] [ACCESS] GET /api/help/help-requests/my - ::1
[2026-04-14T13:12:04.716Z] [ACCESS] GET /api/chat/chats - ::1
[2026-04-14T13:12:04.719Z] [ACCESS] GET /api/help/help-requests/volunteering - ::1
[2026-04-14T13:12:04.722Z] [ACCESS] GET /api/help/help-requests/public?page=1&limit=10&type=&urgency=&location=&search=&category=&condition= - ::1
[2026-04-14T13:12:04.724Z] [ACCESS] GET /api/help/items/user/me - ::1
[2026-04-14T13:12:04.726Z] [ACCESS] GET /api/help/items?page=1&limit=12&type=&status=available&urgency=&location=&search=&category=&condition= - ::1
[2026-04-14T13:12:04.752Z] [ACCESS] GET /api/help/nearby-opportunities - ::1
[2026-04-14T13:12:04.765Z] [ACCESS] GET /api/sos/history - ::1
[2026-04-14T13:12:07.632Z] [ACCESS] GET /api/help/help-requests/69a07eeec340cede98668c78 - ::1
[2026-04-14T13:12:35.443Z] [ACCESS] GET /api/chat/chats - ::1
[2026-04-14T13:13:05.434Z] [ACCESS] GET /api/chat/chats - ::1
[2026-04-14T13:13:35.434Z] [ACCESS] GET /api/chat/chats - ::1
[2026-04-14T13:14:05.451Z] [ACCESS] GET /api/chat/chats - ::1
[2026-04-14T13:14:15.201Z] [ACCESS] GET /api/help/help-requests/69a07f46c340cede98668d28 - ::1
[2026-04-14T13:14:35.437Z] [ACCESS] GET /api/chat/chats - ::1
[2026-04-14T13:15:05.441Z] [ACCESS] GET /api/chat/chats - ::1
[2026-04-14T13:15:35.446Z] [ACCESS] GET /api/chat/chats - ::1
[2026-04-14T13:16:05.435Z] [ACCESS] GET /api/chat/chats - ::1
[2026-04-14T13:17:14.438Z] [ACCESS] GET /api/chat/chats - ::1
[2026-04-14T13:17:35.435Z] [ACCESS] GET /api/chat/chats - ::1
[2026-04-14T13:18:05.444Z] [ACCESS] GET /api/chat/chats - ::1
[2026-04-14T13:19:14.452Z] [ACCESS] GET /api/chat/chats - ::1
[2026-04-14T13:20:14.451Z] [ACCESS] GET /api/chat/chats - ::1
[2026-04-14T13:20:34.715Z] [ACCESS] GET /api/chat/chats - ::1
[2026-04-14T13:21:05.449Z] [ACCESS] GET /api/chat/chats - ::1
[2026-04-14T13:21:35.438Z] [ACCESS] GET /api/chat/chats - ::1
[2026-04-14T13:21:58.588Z] [ACCESS] GET /api/help/items?page=1&limit=12&type=&status=available&urgency=&location=&search=&category=&condition= - ::1
[2026-04-14T13:22:04.715Z] [ACCESS] GET /api/chat/chats - ::1
[2026-04-14T13:22:35.442Z] [ACCESS] GET /api/chat/chats - ::1
[2026-04-14T13:23:05.442Z] [ACCESS] GET /api/chat/chats - ::1
[2026-04-14T13:23:50.695Z] [ACCESS] GET /api/chat/chats - ::1
[2026-04-14T13:24:05.444Z] [ACCESS] GET /api/chat/chats - ::1
[2026-04-14T13:24:35.441Z] [ACCESS] GET /api/chat/chats - ::1
[2026-04-14T13:25:14.446Z] [ACCESS] GET /api/chat/chats - ::1
[2026-04-14T13:26:06.982Z] [ACCESS] GET /api/chat/chats - ::1
[2026-04-14T13:26:35.444Z] [ACCESS] GET /api/chat/chats - ::1
[2026-04-14T13:27:05.444Z] [ACCESS] GET /api/chat/chats - ::1
[2026-04-14T13:27:35.439Z] [ACCESS] GET /api/chat/chats - ::1
[2026-04-14T13:28:05.448Z] [ACCESS] GET /api/chat/chats - ::1
[2026-04-14T13:28:13.209Z] [ACCESS] GET /api/help/help-requests/public?page=1&limit=10&type=&urgency=&location=&search=&category=&condition= - ::1
[2026-04-14T13:28:21.959Z] [ACCESS] GET /api/help/help-requests/697c7e89d4dfb4070d27d685 - ::1
[2026-04-14T13:28:34.713Z] [ACCESS] GET /api/chat/chats - ::1
[2026-04-14T13:29:05.435Z] [ACCESS] GET /api/chat/chats - ::1
[2026-04-14T13:29:24.546Z] [ACCESS] POST /api/elderly/login - ::1
[2026-04-14T13:29:28.296Z] [ACCESS] POST /api/elderly/login - ::1
[2026-04-14T13:29:28.409Z] [ACCESS] GET /api/follow/feed - ::1
[2026-04-14T13:29:28.425Z] [ACCESS] GET /api/follow/feed - ::1
[2026-04-14T13:29:28.440Z] [ACCESS] GET /api/sos/history - ::1
[2026-04-14T13:29:28.442Z] [ACCESS] GET /api/chat/chats - ::1
[2026-04-14T13:29:28.457Z] [ACCESS] GET /api/sos/history - ::1
[2026-04-14T13:29:28.467Z] [ACCESS] GET /api/chat/chats - ::1
[2026-04-14T13:29:30.794Z] [ACCESS] GET /api/chat/chats - ::1
[2026-04-14T13:29:30.805Z] [ACCESS] GET /api/help/help-requests/volunteering - ::1
[2026-04-14T13:29:30.811Z] [ACCESS] GET /api/help/help-requests/public?page=1&limit=10&type=&urgency=&location=&search=&category=&condition= - ::1
[2026-04-14T13:29:30.813Z] [ACCESS] GET /api/help/items?page=1&limit=12&type=&status=available&urgency=&location=&search=&category=&condition= - ::1
[2026-04-14T13:29:30.807Z] [ACCESS] GET /api/help/items/user/me - ::1
[2026-04-14T13:29:30.801Z] [ACCESS] GET /api/help/help-requests/my - ::1
[2026-04-14T13:29:30.832Z] [ACCESS] GET /api/help/nearby-opportunities - ::1
[2026-04-14T13:29:30.841Z] [ACCESS] GET /api/sos/history - ::1
[2026-04-14T13:29:30.845Z] [ACCESS] GET /api/chat/chats - ::1
[2026-04-14T13:29:30.847Z] [ACCESS] GET /api/help/help-requests/my - ::1
[2026-04-14T13:29:30.855Z] [ACCESS] GET /api/help/help-requests/volunteering - ::1
[2026-04-14T13:29:30.857Z] [ACCESS] GET /api/help/items/user/me - ::1
[2026-04-14T13:29:30.878Z] [ACCESS] GET /api/help/help-requests/public?page=1&limit=10&type=&urgency=&location=&search=&category=&condition= - ::1
[2026-04-14T13:29:30.882Z] [ACCESS] GET /api/help/items?page=1&limit=12&type=&status=available&urgency=&location=&search=&category=&condition= - ::1
[2026-04-14T13:29:30.901Z] [ACCESS] GET /api/help/nearby-opportunities - ::1
[2026-04-14T13:29:31.908Z] [ACCESS] GET /api/help/help-requests/public?page=1&limit=10&type=&urgency=&location=&search=&category=&condition= - ::1
[2026-04-14T13:29:50.711Z] [ACCESS] GET /api/help/help-requests/69de37efd01e7cd183272c24 - ::1
[2026-04-14T13:30:02.977Z] [ACCESS] PUT /api/help/help-requests/69de37efd01e7cd183272c24/accept - ::1
[2026-04-14T13:30:02.988Z] [ACCESS] GET /api/chat/chats - ::1
[2026-04-14T13:30:04.982Z] [ACCESS] GET /api/help/help-requests/my - ::1
[2026-04-14T13:30:04.985Z] [ACCESS] GET /api/help/help-requests/public?page=1&limit=10&type=&urgency=&location=&search=&category=&condition= - ::1
[2026-04-14T13:30:04.987Z] [ACCESS] GET /api/help/help-requests/volunteering - ::1
[2026-04-14T13:30:04.989Z] [ACCESS] GET /api/help/items/user/me - ::1
[2026-04-14T13:30:31.431Z] [ACCESS] GET /api/chat/chats - ::1
[2026-04-14T13:31:01.431Z] [ACCESS] GET /api/chat/chats - ::1
[2026-04-14T13:31:31.430Z] [ACCESS] GET /api/chat/chats - ::1
[2026-04-14T13:32:01.430Z] [ACCESS] GET /api/chat/chats - ::1
[2026-04-14T13:32:31.431Z] [ACCESS] GET /api/chat/chats - ::1
[2026-04-14T13:33:01.430Z] [ACCESS] GET /api/chat/chats - ::1
[2026-04-14T13:33:31.434Z] [ACCESS] GET /api/chat/chats - ::1
[2026-04-14T13:34:14.441Z] [ACCESS] GET /api/chat/chats - ::1
[2026-04-14T13:35:14.433Z] [ACCESS] GET /api/chat/chats - ::1
[2026-04-14T13:36:14.453Z] [ACCESS] GET /api/chat/chats - ::1
[2026-04-14T13:37:14.432Z] [ACCESS] GET /api/chat/chats - ::1
[2026-04-14T13:37:54.387Z] [ACCESS] GET /api/chat/chats - ::1
[2026-04-14T13:37:56.449Z] [ACCESS] GET /api/elderly/profile/69a07b5cc340cede9866898c - ::1
[2026-04-14T13:37:56.457Z] [ACCESS] GET /api/elderly/profile/69a07b5cc340cede9866898c - ::1
[2026-04-14T13:37:56.509Z] [ACCESS] GET /api/sos/history - ::1
[2026-04-14T13:37:56.518Z] [ACCESS] GET /api/sos/history - ::1
[2026-04-14T13:37:56.530Z] [ACCESS] GET /api/chat/chats - ::1
[2026-04-14T13:37:56.562Z] [ACCESS] GET /api/chat/chats - ::1
[2026-04-14T13:38:26.506Z] [ACCESS] GET /api/chat/chats - ::1
[2026-04-14T13:38:57.448Z] [ACCESS] GET /api/chat/chats - ::1
[2026-04-14T13:39:27.434Z] [ACCESS] GET /api/chat/chats - ::1
[2026-04-14T13:39:57.448Z] [ACCESS] GET /api/chat/chats - ::1
[2026-04-14T13:40:27.444Z] [ACCESS] GET /api/chat/chats - ::1
[2026-04-14T13:40:57.442Z] [ACCESS] GET /api/chat/chats - ::1
[2026-04-14T13:41:27.445Z] [ACCESS] GET /api/chat/chats - ::1
[2026-04-14T13:42:14.439Z] [ACCESS] GET /api/chat/chats - ::1
[2026-04-14T13:43:14.441Z] [ACCESS] GET /api/chat/chats - ::1
[2026-04-14T13:44:14.455Z] [ACCESS] GET /api/chat/chats - ::1
[2026-04-14T13:45:14.442Z] [ACCESS] GET /api/chat/chats - ::1
[2026-04-14T13:46:14.442Z] [ACCESS] GET /api/chat/chats - ::1
[2026-04-14T13:47:14.447Z] [ACCESS] GET /api/chat/chats - ::1
[2026-04-14T13:48:14.450Z] [ACCESS] GET /api/chat/chats - ::1
[2026-04-14T13:49:14.447Z] [ACCESS] GET /api/chat/chats - ::1
[2026-04-14T13:50:14.456Z] [ACCESS] GET /api/chat/chats - ::1
[2026-04-14T13:51:14.442Z] [ACCESS] GET /api/chat/chats - ::1
[2026-04-14T13:52:14.459Z] [ACCESS] GET /api/chat/chats - ::1
[2026-04-14T13:53:14.452Z] [ACCESS] GET /api/chat/chats - ::1
[2026-04-14T13:54:14.457Z] [ACCESS] GET /api/chat/chats - ::1
[2026-04-14T13:55:14.445Z] [ACCESS] GET /api/chat/chats - ::1
[2026-04-14T13:56:14.452Z] [ACCESS] GET /api/chat/chats - ::1
[2026-04-15T05:46:56.104Z] [ACCESS] POST /api/elderly/login - ::1
[2026-04-15T05:46:56.445Z] [ACCESS] GET /api/follow/feed - ::1
[2026-04-15T05:46:56.474Z] [ACCESS] GET /api/follow/feed - ::1
[2026-04-15T05:46:56.539Z] [ACCESS] GET /api/sos/history - ::1
[2026-04-15T05:46:56.546Z] [ACCESS] GET /api/chat/chats - ::1
[2026-04-15T05:46:56.592Z] [ACCESS] GET /api/sos/history - ::1
[2026-04-15T05:46:56.599Z] [ACCESS] GET /api/chat/chats - ::1
[2026-04-15T06:00:05.604Z] [ACCESS] POST /api/elderly/login - ::1
[2026-04-15T06:00:05.767Z] [ACCESS] GET /api/follow/feed - ::1
[2026-04-15T06:00:05.786Z] [ACCESS] GET /api/follow/feed - ::1
[2026-04-15T06:00:05.802Z] [ACCESS] GET /api/sos/history - ::1
[2026-04-15T06:00:05.810Z] [ACCESS] GET /api/chat/chats - ::1
[2026-04-15T06:00:05.833Z] [ACCESS] GET /api/sos/history - ::1
[2026-04-15T06:00:05.835Z] [ACCESS] GET /api/chat/chats - ::1
[2026-04-15T06:11:08.633Z] [ACCESS] POST /api/elderly/login - ::1
[2026-04-15T06:11:08.818Z] [ACCESS] GET /api/follow/feed - ::1
[2026-04-15T06:11:08.861Z] [ACCESS] GET /api/sos/history - ::1
[2026-04-15T06:11:08.864Z] [ACCESS] GET /api/chat/chats - ::1
[2026-04-15T06:11:08.866Z] [ACCESS] GET /api/follow/feed - ::1
[2026-04-15T06:11:08.916Z] [ACCESS] GET /api/chat/chats - ::1
[2026-04-15T06:11:08.918Z] [ACCESS] GET /api/sos/history - ::1
[2026-04-15T06:11:57.344Z] [ACCESS] POST /api/elderly/login - ::1
[2026-04-15T06:11:57.485Z] [ACCESS] GET /api/follow/feed - ::1
[2026-04-15T06:11:57.500Z] [ACCESS] GET /api/follow/feed - ::1
[2026-04-15T06:11:57.604Z] [ACCESS] GET /api/sos/history - ::1
[2026-04-15T06:11:57.608Z] [ACCESS] GET /api/chat/chats - ::1
[2026-04-15T06:11:57.620Z] [ACCESS] GET /api/sos/history - ::1
[2026-04-15T06:11:57.628Z] [ACCESS] GET /api/chat/chats - ::1
[2026-04-15T06:11:58.042Z] [ACCESS] GET /api/help/help-requests/my - ::1
[2026-04-15T06:11:58.048Z] [ACCESS] GET /api/help/help-requests/volunteering - ::1
[2026-04-15T06:11:58.053Z] [ACCESS] GET /api/help/items/user/me - ::1
[2026-04-15T06:11:58.058Z] [ACCESS] GET /api/help/help-requests/public?page=1&limit=10&type=&urgency=&location=&search=&category=&condition= - ::1
[2026-04-15T06:11:58.064Z] [ACCESS] GET /api/help/nearby-opportunities - ::1
[2026-04-15T06:11:58.068Z] [ACCESS] GET /api/help/items?page=1&limit=12&type=&status=available&urgency=&location=&search=&category=&condition= - ::1
[2026-04-15T06:11:58.130Z] [ACCESS] GET /api/chat/chats - ::1
[2026-04-15T06:11:58.136Z] [ACCESS] GET /api/sos/history - ::1
[2026-04-15T06:11:58.158Z] [ACCESS] GET /api/help/help-requests/my - ::1
[2026-04-15T06:11:58.176Z] [ACCESS] GET /api/help/items/user/me - ::1
[2026-04-15T06:11:58.190Z] [ACCESS] GET /api/help/help-requests/volunteering - ::1
[2026-04-15T06:11:58.193Z] [ACCESS] GET /api/help/nearby-opportunities - ::1
[2026-04-15T06:11:58.206Z] [ACCESS] GET /api/help/help-requests/public?page=1&limit=10&type=&urgency=&location=&search=&category=&condition= - ::1
[2026-04-15T06:11:58.216Z] [ACCESS] GET /api/chat/chats - ::1
[2026-04-15T06:11:58.248Z] [ACCESS] GET /api/help/items?page=1&limit=12&type=&status=available&urgency=&location=&search=&category=&condition= - ::1
[2026-04-15T06:12:01.593Z] [ACCESS] GET /api/chat/chats - ::1
[2026-04-15T06:12:01.601Z] [ACCESS] GET /api/help/help-requests/my - ::1
[2026-04-15T06:12:01.605Z] [ACCESS] GET /api/help/help-requests/volunteering - ::1
[2026-04-15T06:12:01.611Z] [ACCESS] GET /api/help/items/user/me - ::1
[2026-04-15T06:12:01.618Z] [ACCESS] GET /api/help/help-requests/public?page=1&limit=10&type=&urgency=&location=&search=&category=&condition= - ::1
[2026-04-15T06:12:01.622Z] [ACCESS] GET /api/help/items?page=1&limit=12&type=&status=available&urgency=&location=&search=&category=&condition= - ::1
[2026-04-15T06:12:01.672Z] [ACCESS] GET /api/help/nearby-opportunities - ::1
[2026-04-15T06:12:01.693Z] [ACCESS] GET /api/chat/chats - ::1
[2026-04-15T06:12:01.700Z] [ACCESS] GET /api/help/help-requests/my - ::1
[2026-04-15T06:12:01.706Z] [ACCESS] GET /api/sos/history - ::1
[2026-04-15T06:12:01.751Z] [ACCESS] GET /api/help/items/user/me - ::1
[2026-04-15T06:12:01.770Z] [ACCESS] GET /api/help/help-requests/volunteering - ::1
[2026-04-15T06:12:01.773Z] [ACCESS] GET /api/help/help-requests/public?page=1&limit=10&type=&urgency=&location=&search=&category=&condition= - ::1
[2026-04-15T06:12:01.779Z] [ACCESS] GET /api/help/items?page=1&limit=12&type=&status=available&urgency=&location=&search=&category=&condition= - ::1
[2026-04-15T06:12:01.783Z] [ACCESS] GET /api/help/nearby-opportunities - ::1
[2026-04-15T06:19:01.471Z] [ACCESS] POST /api/elderly/login - ::1
[2026-04-15T06:19:01.824Z] [ACCESS] GET /api/follow/feed - ::1
[2026-04-15T06:19:01.864Z] [ACCESS] GET /api/follow/feed - ::1
[2026-04-15T06:19:01.918Z] [ACCESS] GET /api/sos/history - ::1
[2026-04-15T06:19:01.921Z] [ACCESS] GET /api/chat/chats - ::1
[2026-04-15T06:19:01.940Z] [ACCESS] GET /api/sos/history - ::1
[2026-04-15T06:19:01.956Z] [ACCESS] GET /api/chat/chats - ::1
[2026-04-15T06:19:05.980Z] [ACCESS] GET /api/sos/history - ::1
[2026-04-15T06:19:05.987Z] [ACCESS] GET /api/chat/chats - ::1
[2026-04-15T06:19:05.992Z] [ACCESS] GET /api/sos/history - ::1
[2026-04-15T06:19:06.022Z] [ACCESS] GET /api/chat/chats - ::1
[2026-04-15T06:19:06.044Z] [ACCESS] GET /api/chat/chats - ::1
[2026-04-15T06:19:06.065Z] [ACCESS] GET /api/chat/chats - ::1
[2026-04-15T06:19:06.087Z] [ACCESS] GET /api/chat/chats - ::1
[2026-04-15T06:19:11.143Z] [ACCESS] GET /api/help/help-requests/my - ::1
[2026-04-15T06:19:11.146Z] [ACCESS] GET /api/help/help-requests/volunteering - ::1
[2026-04-15T06:19:11.150Z] [ACCESS] GET /api/help/items/user/me - ::1
[2026-04-15T06:19:11.154Z] [ACCESS] GET /api/chat/chats - ::1
[2026-04-15T06:19:11.157Z] [ACCESS] GET /api/help/help-requests/public?page=1&limit=10&type=&urgency=&location=&search=&category=&condition= - ::1
[2026-04-15T06:19:11.170Z] [ACCESS] GET /api/help/items?page=1&limit=12&type=&status=available&urgency=&location=&search=&category=&condition= - ::1
[2026-04-15T06:19:11.245Z] [ACCESS] GET /api/help/nearby-opportunities - ::1
[2026-04-15T06:19:11.255Z] [ACCESS] GET /api/help/items/user/me - ::1
[2026-04-15T06:19:11.266Z] [ACCESS] GET /api/chat/chats - ::1
[2026-04-15T06:19:11.270Z] [ACCESS] GET /api/help/help-requests/my - ::1
[2026-04-15T06:19:11.276Z] [ACCESS] GET /api/sos/history - ::1
[2026-04-15T06:19:11.280Z] [ACCESS] GET /api/help/help-requests/volunteering - ::1
[2026-04-15T06:19:11.321Z] [ACCESS] GET /api/help/help-requests/public?page=1&limit=10&type=&urgency=&location=&search=&category=&condition= - ::1
[2026-04-15T06:19:11.360Z] [ACCESS] GET /api/help/items?page=1&limit=12&type=&status=available&urgency=&location=&search=&category=&condition= - ::1
[2026-04-15T06:19:11.419Z] [ACCESS] GET /api/help/nearby-opportunities - ::1
[2026-04-15T06:19:12.763Z] [ACCESS] GET /api/sos/history - ::1
[2026-04-15T06:19:12.769Z] [ACCESS] GET /api/chat/chats - ::1
[2026-04-15T06:19:12.781Z] [ACCESS] GET /api/sos/history - ::1
[2026-04-15T06:19:12.804Z] [ACCESS] GET /api/chat/chats - ::1
[2026-04-15T06:19:12.826Z] [ACCESS] GET /api/chat/chats - ::1
[2026-04-15T06:19:12.848Z] [ACCESS] GET /api/chat/chats - ::1
[2026-04-15T06:19:12.877Z] [ACCESS] GET /api/chat/chats - ::1
[2026-04-15T06:19:23.025Z] [ACCESS] GET /api/chat/chats - ::1
[2026-04-15T06:19:33.014Z] [ACCESS] GET /api/chat/chats - ::1
[2026-04-15T06:19:43.017Z] [ACCESS] GET /api/chat/chats - ::1
[2026-04-15T06:19:43.034Z] [ACCESS] GET /api/chat/chats - ::1
[2026-04-15T06:19:53.020Z] [ACCESS] GET /api/chat/chats - ::1
[2026-04-15T06:20:03.027Z] [ACCESS] GET /api/chat/chats - ::1
[2026-04-15T06:20:12.775Z] [ACCESS] GET /api/chat/chats - ::1
[2026-04-15T06:20:12.805Z] [ACCESS] GET /api/chat/chats - ::1
[2026-04-15T06:20:22.779Z] [ACCESS] GET /api/chat/chats - ::1
[2026-04-15T06:20:32.778Z] [ACCESS] GET /api/chat/chats - ::1
[2026-04-15T06:20:42.777Z] [ACCESS] GET /api/chat/chats - ::1
[2026-04-15T06:20:42.855Z] [ACCESS] GET /api/chat/chats - ::1
[2026-04-15T06:20:52.786Z] [ACCESS] GET /api/chat/chats - ::1
[2026-04-15T06:21:02.783Z] [ACCESS] GET /api/chat/chats - ::1
[2026-04-15T06:21:12.791Z] [ACCESS] GET /api/chat/chats - ::1
[2026-04-15T06:21:12.825Z] [ACCESS] GET /api/chat/chats - ::1
[2026-04-15T06:21:22.779Z] [ACCESS] GET /api/chat/chats - ::1
[2026-04-15T06:21:32.786Z] [ACCESS] GET /api/chat/chats - ::1
[2026-04-15T06:21:43.028Z] [ACCESS] GET /api/chat/chats - ::1
[2026-04-15T06:21:43.058Z] [ACCESS] GET /api/chat/chats - ::1
[2026-04-15T06:21:53.009Z] [ACCESS] GET /api/chat/chats - ::1
[2026-04-15T06:22:03.015Z] [ACCESS] GET /api/chat/chats - ::1
[2026-04-15T06:22:13.016Z] [ACCESS] GET /api/chat/chats - ::1
[2026-04-15T06:22:13.045Z] [ACCESS] GET /api/chat/chats - ::1
[2026-04-15T06:22:23.009Z] [ACCESS] GET /api/chat/chats - ::1
[2026-04-15T06:22:33.023Z] [ACCESS] GET /api/chat/chats - ::1
[2026-04-15T06:23:13.014Z] [ACCESS] GET /api/chat/chats - ::1
[2026-04-15T06:23:13.043Z] [ACCESS] GET /api/chat/chats - ::1
[2026-04-15T06:24:13.016Z] [ACCESS] GET /api/chat/chats - ::1
[2026-04-15T06:24:13.038Z] [ACCESS] GET /api/chat/chats - ::1
[2026-04-15T06:25:13.017Z] [ACCESS] GET /api/chat/chats - ::1
[2026-04-15T06:25:13.036Z] [ACCESS] GET /api/chat/chats - ::1
[2026-04-15T06:25:42.984Z] [ACCESS] GET /api/chat/chats - ::1
[2026-04-15T06:25:43.020Z] [ACCESS] GET /api/chat/chats - ::1
[2026-04-15T06:25:52.774Z] [ACCESS] GET /api/chat/chats - ::1
[2026-04-15T06:26:02.549Z] [ACCESS] POST /api/elderly/login - ::1
[2026-04-15T06:26:02.751Z] [ACCESS] GET /api/follow/feed - ::1
[2026-04-15T06:26:02.778Z] [ACCESS] GET /api/sos/history - ::1
[2026-04-15T06:26:02.780Z] [ACCESS] GET /api/chat/chats - ::1
[2026-04-15T06:26:02.814Z] [ACCESS] GET /api/sos/history - ::1
[2026-04-15T06:26:02.829Z] [ACCESS] GET /api/chat/chats - ::1
[2026-04-15T06:26:02.917Z] [ACCESS] GET /api/follow/feed - ::1
[2026-04-15T06:26:03.153Z] [ACCESS] GET /api/chat/chats - ::1
[2026-04-15T06:26:03.337Z] [ACCESS] GET /api/sos/history - ::1
[2026-04-15T06:26:03.360Z] [ACCESS] GET /api/chat/chats - ::1
[2026-04-15T06:26:03.372Z] [ACCESS] GET /api/chat/chats - ::1
[2026-04-15T06:26:03.374Z] [ACCESS] GET /api/sos/history - ::1
[2026-04-15T06:26:03.384Z] [ACCESS] GET /api/chat/chats - ::1
[2026-04-15T06:26:03.397Z] [ACCESS] GET /api/chat/chats - ::1
[2026-04-15T06:26:03.412Z] [ACCESS] GET /api/chat/chats - ::1
[2026-04-15T06:26:10.136Z] [ACCESS] GET /api/sos/history - ::1
[2026-04-15T06:26:10.164Z] [ACCESS] GET /api/chat/chats - ::1
[2026-04-15T06:26:10.170Z] [ACCESS] GET /api/sos/history - ::1
[2026-04-15T06:26:10.176Z] [ACCESS] GET /api/chat/chats - ::1
[2026-04-15T06:26:10.189Z] [ACCESS] GET /api/chat/chats - ::1
[2026-04-15T06:26:10.201Z] [ACCESS] GET /api/chat/chats - ::1
[2026-04-15T06:26:10.208Z] [ACCESS] GET /api/chat/chats - ::1
[2026-04-15T06:26:13.026Z] [ACCESS] GET /api/chat/chats - ::1
[2026-04-15T06:26:13.044Z] [ACCESS] GET /api/chat/chats - ::1
[2026-04-15T06:26:23.032Z] [ACCESS] GET /api/chat/chats - ::1
[2026-04-15T06:26:33.012Z] [ACCESS] GET /api/chat/chats - ::1
[2026-04-15T06:26:43.014Z] [ACCESS] GET /api/chat/chats - ::1
[2026-04-15T06:26:43.030Z] [ACCESS] GET /api/chat/chats - ::1
[2026-04-15T06:26:53.018Z] [ACCESS] GET /api/chat/chats - ::1
[2026-04-15T06:27:13.011Z] [ACCESS] GET /api/chat/chats - ::1
[2026-04-15T06:27:13.021Z] [ACCESS] GET /api/chat/chats - ::1
[2026-04-15T06:27:28.165Z] [ACCESS] GET /api/chat/chats - ::1
[2026-04-15T06:27:33.019Z] [ACCESS] GET /api/chat/chats - ::1
[2026-04-15T06:27:43.016Z] [ACCESS] GET /api/chat/chats - ::1
[2026-04-15T06:27:43.037Z] [ACCESS] GET /api/chat/chats - ::1
[2026-04-15T06:27:53.016Z] [ACCESS] GET /api/chat/chats - ::1
[2026-04-15T06:28:03.011Z] [ACCESS] GET /api/chat/chats - ::1
[2026-04-15T06:28:13.016Z] [ACCESS] GET /api/chat/chats - ::1
[2026-04-15T06:28:13.036Z] [ACCESS] GET /api/chat/chats - ::1
[2026-04-15T06:28:23.012Z] [ACCESS] GET /api/chat/chats - ::1
[2026-04-15T06:29:13.021Z] [ACCESS] GET /api/chat/chats - ::1
[2026-04-15T06:29:13.030Z] [ACCESS] GET /api/chat/chats - ::1
[2026-04-15T06:29:22.772Z] [ACCESS] GET /api/chat/chats - ::1
[2026-04-15T06:29:32.771Z] [ACCESS] GET /api/chat/chats - ::1
[2026-04-15T06:29:42.780Z] [ACCESS] GET /api/chat/chats - ::1
[2026-04-15T06:29:42.795Z] [ACCESS] GET /api/chat/chats - ::1
[2026-04-15T06:29:52.771Z] [ACCESS] GET /api/chat/chats - ::1
[2026-04-15T06:30:02.779Z] [ACCESS] GET /api/chat/chats - ::1
[2026-04-15T06:30:12.781Z] [ACCESS] GET /api/chat/chats - ::1
[2026-04-15T06:30:12.797Z] [ACCESS] GET /api/chat/chats - ::1
[2026-04-15T06:30:22.785Z] [ACCESS] GET /api/chat/chats - ::1
[2026-04-15T06:30:32.778Z] [ACCESS] GET /api/chat/chats - ::1
[2026-04-15T06:30:42.774Z] [ACCESS] GET /api/chat/chats - ::1
[2026-04-15T06:30:42.791Z] [ACCESS] GET /api/chat/chats - ::1
[2026-04-15T06:30:52.782Z] [ACCESS] GET /api/chat/chats - ::1
[2026-04-15T06:31:02.769Z] [ACCESS] GET /api/chat/chats - ::1
[2026-04-15T06:31:12.774Z] [ACCESS] GET /api/chat/chats - ::1
[2026-04-15T06:31:12.789Z] [ACCESS] GET /api/chat/chats - ::1
[2026-04-15T06:31:22.772Z] [ACCESS] GET /api/chat/chats - ::1
[2026-04-15T06:31:32.785Z] [ACCESS] GET /api/chat/chats - ::1
[2026-04-15T06:31:42.776Z] [ACCESS] GET /api/chat/chats - ::1
[2026-04-15T06:31:42.790Z] [ACCESS] GET /api/chat/chats - ::1
[2026-04-15T06:31:52.775Z] [ACCESS] GET /api/chat/chats - ::1
[2026-04-15T06:32:02.774Z] [ACCESS] GET /api/chat/chats - ::1
[2026-04-15T06:32:12.782Z] [ACCESS] GET /api/chat/chats - ::1
[2026-04-15T06:32:12.797Z] [ACCESS] GET /api/chat/chats - ::1
[2026-04-15T06:32:22.769Z] [ACCESS] GET /api/chat/chats - ::1
[2026-04-15T06:32:32.784Z] [ACCESS] GET /api/chat/chats - ::1
[2026-04-15T06:32:42.772Z] [ACCESS] GET /api/chat/chats - ::1
[2026-04-15T06:32:42.790Z] [ACCESS] GET /api/chat/chats - ::1
[2026-04-15T06:32:52.781Z] [ACCESS] GET /api/chat/chats - ::1
[2026-04-15T06:33:02.784Z] [ACCESS] GET /api/chat/chats - ::1
[2026-04-15T06:33:12.773Z] [ACCESS] GET /api/chat/chats - ::1
[2026-04-15T06:33:12.790Z] [ACCESS] GET /api/chat/chats - ::1
[2026-04-15T06:33:22.771Z] [ACCESS] GET /api/chat/chats - ::1
[2026-04-15T06:33:32.780Z] [ACCESS] GET /api/chat/chats - ::1
[2026-04-15T06:33:43.014Z] [ACCESS] GET /api/chat/chats - ::1
[2026-04-15T06:33:43.026Z] [ACCESS] GET /api/chat/chats - ::1
[2026-04-15T06:37:17.513Z] [ACCESS] GET /api/chat/chats - ::1
[2026-04-15T06:37:17.532Z] [ACCESS] GET /api/chat/chats - ::1
[2026-04-15T06:37:17.770Z] [ACCESS] GET /api/chat/chats - ::1
[2026-04-15T06:37:17.774Z] [ACCESS] GET /api/sos/history - ::1
[2026-04-15T06:37:17.818Z] [ACCESS] GET /api/sos/history - ::1
[2026-04-15T06:37:17.820Z] [ACCESS] GET /api/chat/chats - ::1
[2026-04-15T06:37:17.841Z] [ACCESS] GET /api/chat/chats - ::1
[2026-04-15T06:37:17.857Z] [ACCESS] GET /api/chat/chats - ::1
[2026-04-15T06:37:17.879Z] [ACCESS] GET /api/chat/chats - ::1
[2026-04-15T06:37:27.776Z] [ACCESS] GET /api/chat/chats - ::1
[2026-04-15T06:37:37.778Z] [ACCESS] GET /api/chat/chats - ::1
[2026-04-15T06:37:47.777Z] [ACCESS] GET /api/chat/chats - ::1
[2026-04-15T06:37:47.789Z] [ACCESS] GET /api/chat/chats - ::1
[2026-04-15T06:37:57.780Z] [ACCESS] GET /api/chat/chats - ::1
[2026-04-15T06:38:07.784Z] [ACCESS] GET /api/chat/chats - ::1
[2026-04-15T06:38:17.787Z] [ACCESS] GET /api/chat/chats - ::1
[2026-04-15T06:38:17.802Z] [ACCESS] GET /api/chat/chats - ::1
[2026-04-15T06:38:27.779Z] [ACCESS] GET /api/chat/chats - ::1
[2026-04-15T06:38:37.778Z] [ACCESS] GET /api/chat/chats - ::1
[2026-04-15T06:38:47.778Z] [ACCESS] GET /api/chat/chats - ::1
[2026-04-15T06:38:47.790Z] [ACCESS] GET /api/chat/chats - ::1
[2026-04-15T06:38:57.790Z] [ACCESS] GET /api/chat/chats - ::1
[2026-04-15T06:39:07.774Z] [ACCESS] GET /api/chat/chats - ::1
[2026-04-15T06:39:17.785Z] [ACCESS] GET /api/chat/chats - ::1
[2026-04-15T06:39:17.804Z] [ACCESS] GET /api/chat/chats - ::1
[2026-04-15T06:39:27.786Z] [ACCESS] GET /api/chat/chats - ::1
[2026-04-15T06:39:37.778Z] [ACCESS] GET /api/chat/chats - ::1
[2026-04-15T06:39:48.017Z] [ACCESS] GET /api/chat/chats - ::1
[2026-04-15T06:39:48.034Z] [ACCESS] GET /api/chat/chats - ::1
[2026-04-15T06:39:58.020Z] [ACCESS] GET /api/chat/chats - ::1
[2026-04-15T06:40:08.014Z] [ACCESS] GET /api/chat/chats - ::1
[2026-04-15T06:40:18.021Z] [ACCESS] GET /api/chat/chats - ::1
[2026-04-15T06:40:18.033Z] [ACCESS] GET /api/chat/chats - ::1
[2026-04-15T06:40:28.009Z] [ACCESS] GET /api/chat/chats - ::1
[2026-04-15T06:40:38.017Z] [ACCESS] GET /api/chat/chats - ::1
[2026-04-15T06:40:55.035Z] [ACCESS] GET /api/chat/chats - ::1
[2026-04-15T06:40:55.075Z] [ACCESS] GET /api/chat/chats - ::1
[2026-04-15T06:40:57.778Z] [ACCESS] GET /api/chat/chats - ::1
[2026-04-15T06:41:07.775Z] [ACCESS] GET /api/chat/chats - ::1
[2026-04-15T06:41:18.006Z] [ACCESS] GET /api/chat/chats - ::1
[2026-04-15T06:41:18.015Z] [ACCESS] GET /api/chat/chats - ::1
[2026-04-15T06:41:28.007Z] [ACCESS] GET /api/chat/chats - ::1
[2026-04-15T06:41:38.008Z] [ACCESS] GET /api/chat/chats - ::1
[2026-04-15T06:41:48.017Z] [ACCESS] GET /api/chat/chats - ::1
[2026-04-15T06:41:48.031Z] [ACCESS] GET /api/chat/chats - ::1
[2026-04-15T06:41:58.015Z] [ACCESS] GET /api/chat/chats - ::1
[2026-04-15T06:42:08.007Z] [ACCESS] GET /api/chat/chats - ::1
[2026-04-15T06:43:09.017Z] [ACCESS] GET /api/chat/chats - ::1
[2026-04-15T06:43:09.025Z] [ACCESS] GET /api/chat/chats - ::1
[2026-04-15T06:44:10.009Z] [ACCESS] GET /api/chat/chats - ::1
[2026-04-15T06:44:10.022Z] [ACCESS] GET /api/chat/chats - ::1
[2026-04-15T06:44:31.981Z] [ACCESS] GET /api/chat/chats - ::1
[2026-04-15T06:44:31.997Z] [ACCESS] GET /api/chat/chats - ::1
[2026-04-15T06:44:38.006Z] [ACCESS] GET /api/chat/chats - ::1
[2026-04-15T06:44:48.019Z] [ACCESS] GET /api/chat/chats - ::1
[2026-04-15T06:44:48.031Z] [ACCESS] GET /api/chat/chats - ::1
[2026-04-15T06:44:58.007Z] [ACCESS] GET /api/chat/chats - ::1
[2026-04-15T06:45:08.007Z] [ACCESS] GET /api/chat/chats - ::1
[2026-04-15T06:45:18.013Z] [ACCESS] GET /api/chat/chats - ::1
[2026-04-15T06:45:18.020Z] [ACCESS] GET /api/chat/chats - ::1
[2026-04-15T06:45:28.019Z] [ACCESS] GET /api/chat/chats - ::1
[2026-04-15T06:45:38.011Z] [ACCESS] GET /api/chat/chats - ::1
[2026-04-15T06:45:48.012Z] [ACCESS] GET /api/chat/chats - ::1
[2026-04-15T06:45:48.021Z] [ACCESS] GET /api/chat/chats - ::1
[2026-04-15T06:45:58.015Z] [ACCESS] GET /api/chat/chats - ::1
[2026-04-15T06:46:08.017Z] [ACCESS] GET /api/chat/chats - ::1
[2026-04-15T06:46:18.017Z] [ACCESS] GET /api/chat/chats - ::1
[2026-04-15T06:46:18.030Z] [ACCESS] GET /api/chat/chats - ::1
[2026-04-15T06:46:48.966Z] [ACCESS] GET /api/chat/chats - ::1
[2026-04-15T06:46:49.011Z] [ACCESS] GET /api/chat/chats - ::1
[2026-04-15T06:46:57.784Z] [ACCESS] GET /api/chat/chats - ::1
[2026-04-15T06:47:07.781Z] [ACCESS] GET /api/chat/chats - ::1
[2026-04-15T06:47:18.021Z] [ACCESS] GET /api/chat/chats - ::1
[2026-04-15T06:47:18.038Z] [ACCESS] GET /api/chat/chats - ::1
[2026-04-15T06:47:22.389Z] [ACCESS] POST /api/elderly/login - ::1
[2026-04-15T06:47:22.565Z] [ACCESS] GET /api/follow/feed - ::1
[2026-04-15T06:47:22.583Z] [ACCESS] GET /api/follow/feed - ::1
[2026-04-15T06:47:22.692Z] [ACCESS] GET /api/sos/history - ::1
[2026-04-15T06:47:22.694Z] [ACCESS] GET /api/chat/chats - ::1
[2026-04-15T06:47:22.707Z] [ACCESS] GET /api/chat/chats - ::1
[2026-04-15T06:47:22.711Z] [ACCESS] GET /api/sos/history - ::1
[2026-04-15T06:47:28.019Z] [ACCESS] GET /api/chat/chats - ::1
[2026-04-15T06:47:38.006Z] [ACCESS] GET /api/chat/chats - ::1
[2026-04-15T06:47:47.775Z] [ACCESS] GET /api/chat/chats - ::1
[2026-04-15T06:47:47.782Z] [ACCESS] GET /api/chat/chats - ::1
[2026-04-15T06:47:58.011Z] [ACCESS] GET /api/chat/chats - ::1
[2026-04-15T06:48:08.006Z] [ACCESS] GET /api/chat/chats - ::1
[2026-04-15T06:48:18.010Z] [ACCESS] GET /api/chat/chats - ::1
[2026-04-15T06:48:18.018Z] [ACCESS] GET /api/chat/chats - ::1
[2026-04-15T06:48:28.004Z] [ACCESS] GET /api/chat/chats - ::1
[2026-04-15T06:48:38.018Z] [ACCESS] GET /api/chat/chats - ::1
[2026-04-15T06:48:48.009Z] [ACCESS] GET /api/chat/chats - ::1
[2026-04-15T06:48:48.018Z] [ACCESS] GET /api/chat/chats - ::1
[2026-04-15T06:48:50.821Z] [ACCESS] POST /api/elderly/login - ::1
[2026-04-15T06:48:50.999Z] [ACCESS] GET /api/follow/feed - ::1
[2026-04-15T06:48:51.030Z] [ACCESS] GET /api/follow/feed - ::1
[2026-04-15T06:48:51.085Z] [ACCESS] GET /api/sos/history - ::1
[2026-04-15T06:48:51.088Z] [ACCESS] GET /api/chat/chats - ::1
[2026-04-15T06:48:51.099Z] [ACCESS] GET /api/chat/chats - ::1
[2026-04-15T06:48:51.104Z] [ACCESS] GET /api/sos/history - ::1
[2026-04-15T06:48:57.778Z] [ACCESS] GET /api/chat/chats - ::1
[2026-04-15T06:49:07.773Z] [ACCESS] GET /api/chat/chats - ::1
[2026-04-15T06:49:17.785Z] [ACCESS] GET /api/chat/chats - ::1
[2026-04-15T06:49:17.793Z] [ACCESS] GET /api/chat/chats - ::1
[2026-04-15T06:49:28.017Z] [ACCESS] GET /api/chat/chats - ::1
[2026-04-15T06:49:38.015Z] [ACCESS] GET /api/chat/chats - ::1
[2026-04-15T06:49:48.002Z] [ACCESS] GET /api/chat/chats - ::1
[2026-04-15T06:49:48.011Z] [ACCESS] GET /api/chat/chats - ::1
[2026-04-15T06:49:58.018Z] [ACCESS] GET /api/chat/chats - ::1
[2026-04-15T06:50:08.014Z] [ACCESS] GET /api/chat/chats - ::1
[2026-04-15T06:50:18.015Z] [ACCESS] GET /api/chat/chats - ::1
[2026-04-15T06:50:18.026Z] [ACCESS] GET /api/chat/chats - ::1
[2026-04-15T06:50:28.015Z] [ACCESS] GET /api/chat/chats - ::1
[2026-04-15T06:50:38.020Z] [ACCESS] GET /api/chat/chats - ::1
[2026-04-15T06:50:48.020Z] [ACCESS] GET /api/chat/chats - ::1
[2026-04-15T06:50:48.036Z] [ACCESS] GET /api/chat/chats - ::1
[2026-04-15T06:51:13.013Z] [ACCESS] GET /api/chat/chats - ::1
[2026-04-15T06:51:24.220Z] [ACCESS] GET /api/chat/chats - ::1
[2026-04-15T06:51:24.259Z] [ACCESS] GET /api/chat/chats - ::1
[2026-04-15T06:51:28.009Z] [ACCESS] GET /api/chat/chats - ::1
[2026-04-15T06:51:35.649Z] [ACCESS] POST /api/elderly/login - ::1
[2026-04-15T06:51:35.842Z] [ACCESS] GET /api/follow/feed - ::1
[2026-04-15T06:51:35.876Z] [ACCESS] GET /api/follow/feed - ::1
[2026-04-15T06:51:35.909Z] [ACCESS] GET /api/sos/history - ::1
[2026-04-15T06:51:35.912Z] [ACCESS] GET /api/chat/chats - ::1
[2026-04-15T06:51:35.938Z] [ACCESS] GET /api/chat/chats - ::1
[2026-04-15T06:51:35.942Z] [ACCESS] GET /api/sos/history - ::1
[2026-04-15T06:51:37.779Z] [ACCESS] GET /api/chat/chats - ::1
[2026-04-15T06:51:38.557Z] [ACCESS] GET /api/sos/history - ::1
[2026-04-15T06:51:38.578Z] [ACCESS] GET /api/sos/history - ::1
[2026-04-15T06:51:38.581Z] [ACCESS] GET /api/chat/chats - ::1
[2026-04-15T06:51:38.603Z] [ACCESS] GET /api/chat/chats - ::1
[2026-04-15T06:51:38.611Z] [ACCESS] GET /api/chat/chats - ::1
[2026-04-15T06:51:38.623Z] [ACCESS] GET /api/chat/chats - ::1
[2026-04-15T06:51:38.629Z] [ACCESS] GET /api/chat/chats - ::1
[2026-04-15T06:51:46.997Z] [ACCESS] GET /api/follow/feed - ::1
[2026-04-15T06:51:47.016Z] [ACCESS] GET /api/follow/feed - ::1
[2026-04-15T06:51:47.036Z] [ACCESS] GET /api/sos/history - ::1
[2026-04-15T06:51:47.055Z] [ACCESS] GET /api/chat/chats - ::1
[2026-04-15T06:51:47.067Z] [ACCESS] GET /api/sos/history - ::1
[2026-04-15T06:51:47.073Z] [ACCESS] GET /api/chat/chats - ::1
[2026-04-15T06:51:47.786Z] [ACCESS] GET /api/chat/chats - ::1
[2026-04-15T06:51:47.801Z] [ACCESS] GET /api/chat/chats - ::1
[2026-04-15T06:51:57.773Z] [ACCESS] GET /api/chat/chats - ::1
[2026-04-15T06:52:07.787Z] [ACCESS] GET /api/chat/chats - ::1
[2026-04-15T06:52:17.785Z] [ACCESS] GET /api/chat/chats - ::1
[2026-04-15T06:52:17.795Z] [ACCESS] GET /api/chat/chats - ::1
[2026-04-15T06:52:27.773Z] [ACCESS] GET /api/chat/chats - ::1
[2026-04-15T06:52:37.784Z] [ACCESS] GET /api/chat/chats - ::1
[2026-04-15T06:52:47.780Z] [ACCESS] GET /api/chat/chats - ::1
[2026-04-15T06:52:47.789Z] [ACCESS] GET /api/chat/chats - ::1
[2026-04-15T06:52:57.776Z] [ACCESS] GET /api/chat/chats - ::1
[2026-04-15T06:53:07.786Z] [ACCESS] GET /api/chat/chats - ::1
[2026-04-15T06:53:18.017Z] [ACCESS] GET /api/chat/chats - ::1
[2026-04-15T06:53:18.027Z] [ACCESS] GET /api/chat/chats - ::1
[2026-04-15T06:53:28.008Z] [ACCESS] GET /api/chat/chats - ::1
[2026-04-15T06:53:38.017Z] [ACCESS] GET /api/chat/chats - ::1
[2026-04-15T06:53:48.006Z] [ACCESS] GET /api/chat/chats - ::1
[2026-04-15T06:53:48.012Z] [ACCESS] GET /api/chat/chats - ::1
[2026-04-15T06:53:57.783Z] [ACCESS] GET /api/chat/chats - ::1
[2026-04-15T06:54:07.777Z] [ACCESS] GET /api/chat/chats - ::1
[2026-04-15T06:54:17.772Z] [ACCESS] GET /api/chat/chats - ::1
[2026-04-15T06:54:17.782Z] [ACCESS] GET /api/chat/chats - ::1
[2026-04-15T06:54:27.779Z] [ACCESS] GET /api/chat/chats - ::1
[2026-04-15T06:54:37.783Z] [ACCESS] GET /api/chat/chats - ::1
[2026-04-15T06:54:47.777Z] [ACCESS] GET /api/chat/chats - ::1
[2026-04-15T06:54:47.789Z] [ACCESS] GET /api/chat/chats - ::1
[2026-04-15T06:54:57.775Z] [ACCESS] GET /api/chat/chats - ::1
[2026-04-15T06:55:07.775Z] [ACCESS] GET /api/chat/chats - ::1
[2026-04-15T06:55:17.774Z] [ACCESS] GET /api/chat/chats - ::1
[2026-04-15T06:55:17.786Z] [ACCESS] GET /api/chat/chats - ::1
[2026-04-15T06:55:27.781Z] [ACCESS] GET /api/chat/chats - ::1
[2026-04-15T06:55:37.773Z] [ACCESS] GET /api/chat/chats - ::1
[2026-04-15T06:55:47.778Z] [ACCESS] GET /api/chat/chats - ::1
[2026-04-15T06:55:47.787Z] [ACCESS] GET /api/chat/chats - ::1
[2026-04-15T06:55:57.778Z] [ACCESS] GET /api/chat/chats - ::1
[2026-04-15T06:56:07.775Z] [ACCESS] GET /api/chat/chats - ::1
[2026-04-15T06:56:18.008Z] [ACCESS] GET /api/chat/chats - ::1
[2026-04-15T06:56:18.020Z] [ACCESS] GET /api/chat/chats - ::1
[2026-04-15T06:56:28.014Z] [ACCESS] GET /api/chat/chats - ::1
[2026-04-15T06:56:38.016Z] [ACCESS] GET /api/chat/chats - ::1
[2026-04-15T06:56:48.011Z] [ACCESS] GET /api/chat/chats - ::1
[2026-04-15T06:56:48.026Z] [ACCESS] GET /api/chat/chats - ::1
[2026-04-15T06:56:58.018Z] [ACCESS] GET /api/chat/chats - ::1
[2026-04-15T06:57:08.018Z] [ACCESS] GET /api/chat/chats - ::1
[2026-04-15T06:58:09.014Z] [ACCESS] GET /api/chat/chats - ::1
[2026-04-15T06:58:09.027Z] [ACCESS] GET /api/chat/chats - ::1
[2026-04-15T06:59:10.006Z] [ACCESS] GET /api/chat/chats - ::1
[2026-04-15T06:59:10.017Z] [ACCESS] GET /api/chat/chats - ::1
[2026-04-15T06:59:22.115Z] [ACCESS] GET /api/chat/chats - ::1
[2026-04-15T06:59:22.144Z] [ACCESS] GET /api/chat/chats - ::1
[2026-04-19T13:50:21.869Z] [ACCESS] GET /api/test-admin - ::1
[2026-04-19T13:50:21.892Z] [ACCESS] GET /api/test-admin - ::1
[2026-04-19T13:50:51.867Z] [ACCESS] GET /api/test-admin - ::1
[2026-04-19T13:51:22.089Z] [ACCESS] GET /api/test-admin - ::1
[2026-04-19T13:51:52.084Z] [ACCESS] GET /api/test-admin - ::1
[2026-04-19T13:52:22.095Z] [ACCESS] GET /api/test-admin - ::1
[2026-04-19T13:52:52.077Z] [ACCESS] GET /api/test-admin - ::1
[2026-04-19T13:53:13.904Z] [ACCESS] GET /api/test-admin - ::1
[2026-04-19T13:53:13.962Z] [ACCESS] GET /api/test-admin - ::1
[2026-04-19T13:53:44.084Z] [ACCESS] GET /api/test-admin - ::1
[2026-04-19T13:54:14.101Z] [ACCESS] GET /api/test-admin - ::1
[2026-04-19T13:54:44.113Z] [ACCESS] GET /api/test-admin - ::1
[2026-04-19T13:55:14.084Z] [ACCESS] GET /api/test-admin - ::1
[2026-04-19T13:55:44.112Z] [ACCESS] GET /api/test-admin - ::1
[2026-04-19T13:56:14.094Z] [ACCESS] GET /api/test-admin - ::1
[2026-04-19T13:56:44.095Z] [ACCESS] GET /api/test-admin - ::1
[2026-04-19T13:57:45.089Z] [ACCESS] GET /api/test-admin - ::1
[2026-04-19T13:58:46.095Z] [ACCESS] GET /api/test-admin - ::1
[2026-04-19T13:59:13.727Z] [ACCESS] GET /api/test-admin - ::1
[2026-04-19T13:59:14.268Z] [ACCESS] GET /api/admin-data/stats - ::1
[2026-04-19T13:59:14.277Z] [ACCESS] GET /api/admin-data/users - ::1
[2026-04-19T13:59:14.283Z] [ACCESS] GET /api/admin-data/posts - ::1
[2026-04-19T13:59:14.288Z] [ACCESS] GET /api/admin-data/sos - ::1
[2026-04-19T13:59:14.291Z] [ACCESS] GET /api/admin-data/help-requests - ::1
[2026-04-19T13:59:14.294Z] [ACCESS] GET /api/admin-data/chat-analytics - ::1
[2026-04-19T13:59:14.521Z] [ACCESS] GET /api/admin-data/nlp-status - ::1
[2026-04-19T13:59:14.560Z] [ACCESS] GET /api/admin-data/logs?type=all&lines=100 - ::1
[2026-04-19T13:59:14.609Z] [ACCESS] GET /api/admin-data/sos - ::1
[2026-04-19T13:59:14.627Z] [ACCESS] GET /api/admin-data/posts - ::1
[2026-04-19T13:59:14.682Z] [ACCESS] GET /api/admin-data/help-requests - ::1
[2026-04-19T13:59:14.695Z] [ACCESS] GET /api/admin-data/logs?type=all&lines=100 - ::1
[2026-04-19T13:59:14.698Z] [ACCESS] GET /api/admin-data/nlp-status - ::1
[2026-04-19T13:59:14.743Z] [ACCESS] GET /api/admin-data/users - ::1
[2026-04-19T13:59:14.795Z] [ACCESS] GET /api/admin-data/stats - ::1
[2026-04-19T13:59:14.805Z] [ACCESS] GET /api/admin-data/chat-analytics - ::1
[2026-04-19T13:59:44.304Z] [ACCESS] GET /api/admin-data/stats - ::1
[2026-04-19T13:59:44.321Z] [ACCESS] GET /api/admin-data/users - ::1
[2026-04-19T13:59:44.340Z] [ACCESS] GET /api/admin-data/posts - ::1
[2026-04-19T13:59:44.344Z] [ACCESS] GET /api/admin-data/sos - ::1
[2026-04-19T13:59:44.348Z] [ACCESS] GET /api/admin-data/help-requests - ::1
[2026-04-19T13:59:44.357Z] [ACCESS] GET /api/admin-data/chat-analytics - ::1
[2026-04-19T13:59:44.433Z] [ACCESS] GET /api/admin-data/nlp-status - ::1
[2026-04-19T13:59:44.435Z] [ACCESS] GET /api/admin-data/logs?type=all&lines=100 - ::1
[2026-04-19T14:00:15.100Z] [ACCESS] GET /api/admin-data/stats - ::1
[2026-04-19T14:00:15.102Z] [ACCESS] GET /api/admin-data/users - ::1
[2026-04-19T14:00:15.103Z] [ACCESS] GET /api/admin-data/posts - ::1
[2026-04-19T14:00:15.158Z] [ACCESS] GET /api/admin-data/sos - ::1
[2026-04-19T14:00:15.205Z] [ACCESS] GET /api/admin-data/help-requests - ::1
[2026-04-19T14:00:15.208Z] [ACCESS] GET /api/admin-data/chat-analytics - ::1
[2026-04-19T14:00:15.225Z] [ACCESS] GET /api/admin-data/nlp-status - ::1
[2026-04-19T14:00:15.264Z] [ACCESS] GET /api/admin-data/logs?type=all&lines=100 - ::1
[2026-04-19T14:00:45.104Z] [ACCESS] GET /api/admin-data/stats - ::1
[2026-04-19T14:00:45.120Z] [ACCESS] GET /api/admin-data/users - ::1
[2026-04-19T14:00:45.123Z] [ACCESS] GET /api/admin-data/posts - ::1
[2026-04-19T14:00:45.327Z] [ACCESS] GET /api/admin-data/sos - ::1
[2026-04-19T14:00:45.330Z] [ACCESS] GET /api/admin-data/help-requests - ::1
[2026-04-19T14:00:45.334Z] [ACCESS] GET /api/admin-data/chat-analytics - ::1
[2026-04-19T14:00:45.340Z] [ACCESS] GET /api/admin-data/nlp-status - ::1
[2026-04-19T14:00:45.343Z] [ACCESS] GET /api/admin-data/logs?type=all&lines=100 - ::1
[2026-04-19T14:01:15.086Z] [ACCESS] GET /api/admin-data/stats - ::1
[2026-04-19T14:01:15.132Z] [ACCESS] GET /api/admin-data/users - ::1
[2026-04-19T14:01:15.166Z] [ACCESS] GET /api/admin-data/posts - ::1
[2026-04-19T14:01:15.178Z] [ACCESS] GET /api/admin-data/sos - ::1
[2026-04-19T14:01:15.180Z] [ACCESS] GET /api/admin-data/help-requests - ::1
[2026-04-19T14:01:15.182Z] [ACCESS] GET /api/admin-data/chat-analytics - ::1
[2026-04-19T14:01:15.188Z] [ACCESS] GET /api/admin-data/nlp-status - ::1
[2026-04-19T14:01:15.193Z] [ACCESS] GET /api/admin-data/logs?type=all&lines=100 - ::1
[2026-04-19T14:01:45.104Z] [ACCESS] GET /api/admin-data/stats - ::1
[2026-04-19T14:01:45.105Z] [ACCESS] GET /api/admin-data/users - ::1
[2026-04-19T14:01:45.107Z] [ACCESS] GET /api/admin-data/posts - ::1
[2026-04-19T14:01:45.124Z] [ACCESS] GET /api/admin-data/sos - ::1
[2026-04-19T14:01:45.126Z] [ACCESS] GET /api/admin-data/help-requests - ::1
[2026-04-19T14:01:45.137Z] [ACCESS] GET /api/admin-data/chat-analytics - ::1
[2026-04-19T14:01:45.156Z] [ACCESS] GET /api/admin-data/nlp-status - ::1
[2026-04-19T14:01:45.189Z] [ACCESS] GET /api/admin-data/logs?type=all&lines=100 - ::1
[2026-04-19T14:02:15.080Z] [ACCESS] GET /api/admin-data/stats - ::1
[2026-04-19T14:02:15.147Z] [ACCESS] GET /api/admin-data/users - ::1
[2026-04-19T14:02:15.160Z] [ACCESS] GET /api/admin-data/posts - ::1
[2026-04-19T14:02:15.173Z] [ACCESS] GET /api/admin-data/help-requests - ::1
[2026-04-19T14:02:15.161Z] [ACCESS] GET /api/admin-data/sos - ::1
[2026-04-19T14:02:15.176Z] [ACCESS] GET /api/admin-data/chat-analytics - ::1
[2026-04-19T14:02:15.186Z] [ACCESS] GET /api/admin-data/nlp-status - ::1
[2026-04-19T14:02:15.194Z] [ACCESS] GET /api/admin-data/logs?type=all&lines=100 - ::1
[2026-04-19T14:03:04.129Z] [ACCESS] GET /api/admin-data/stats - ::1
[2026-04-19T14:03:04.142Z] [ACCESS] GET /api/admin-data/users - ::1
[2026-04-19T14:03:04.198Z] [ACCESS] GET /api/admin-data/posts - ::1
[2026-04-19T14:03:04.220Z] [ACCESS] GET /api/admin-data/sos - ::1
[2026-04-19T14:03:04.232Z] [ACCESS] GET /api/admin-data/help-requests - ::1
[2026-04-19T14:03:04.240Z] [ACCESS] GET /api/admin-data/chat-analytics - ::1
[2026-04-19T14:03:04.244Z] [ACCESS] GET /api/admin-data/nlp-status - ::1
[2026-04-19T14:03:04.259Z] [ACCESS] GET /api/admin-data/logs?type=all&lines=100 - ::1
[2026-04-19T14:04:04.093Z] [ACCESS] GET /api/admin-data/stats - ::1
[2026-04-19T14:04:04.145Z] [ACCESS] GET /api/admin-data/users - ::1
[2026-04-19T14:04:04.183Z] [ACCESS] GET /api/admin-data/posts - ::1
[2026-04-19T14:04:04.192Z] [ACCESS] GET /api/admin-data/sos - ::1
[2026-04-19T14:04:04.198Z] [ACCESS] GET /api/admin-data/help-requests - ::1
[2026-04-19T14:04:04.229Z] [ACCESS] GET /api/admin-data/chat-analytics - ::1
[2026-04-19T14:04:04.231Z] [ACCESS] GET /api/admin-data/nlp-status - ::1
[2026-04-19T14:04:04.234Z] [ACCESS] GET /api/admin-data/logs?type=all&lines=100 - ::1
[2026-04-19T14:05:04.097Z] [ACCESS] GET /api/admin-data/stats - ::1
[2026-04-19T14:05:04.098Z] [ACCESS] GET /api/admin-data/users - ::1
[2026-04-19T14:05:04.100Z] [ACCESS] GET /api/admin-data/posts - ::1
[2026-04-19T14:05:04.101Z] [ACCESS] GET /api/admin-data/sos - ::1
[2026-04-19T14:05:04.119Z] [ACCESS] GET /api/admin-data/help-requests - ::1
[2026-04-19T14:05:04.121Z] [ACCESS] GET /api/admin-data/chat-analytics - ::1
[2026-04-19T14:05:04.155Z] [ACCESS] GET /api/admin-data/nlp-status - ::1
[2026-04-19T14:05:04.157Z] [ACCESS] GET /api/admin-data/logs?type=all&lines=100 - ::1
[2026-04-19T14:06:04.100Z] [ACCESS] GET /api/admin-data/stats - ::1
[2026-04-19T14:06:04.108Z] [ACCESS] GET /api/admin-data/users - ::1
[2026-04-19T14:06:04.382Z] [ACCESS] GET /api/admin-data/posts - ::1
[2026-04-19T14:06:04.384Z] [ACCESS] GET /api/admin-data/sos - ::1
[2026-04-19T14:06:04.385Z] [ACCESS] GET /api/admin-data/help-requests - ::1
[2026-04-19T14:06:04.426Z] [ACCESS] GET /api/admin-data/chat-analytics - ::1
[2026-04-19T14:06:04.427Z] [ACCESS] GET /api/admin-data/nlp-status - ::1
[2026-04-19T14:06:04.445Z] [ACCESS] GET /api/admin-data/logs?type=all&lines=100 - ::1
[2026-04-19T14:07:04.092Z] [ACCESS] GET /api/admin-data/stats - ::1
[2026-04-19T14:07:04.096Z] [ACCESS] GET /api/admin-data/users - ::1
[2026-04-19T14:07:04.099Z] [ACCESS] GET /api/admin-data/posts - ::1
[2026-04-19T14:07:04.154Z] [ACCESS] GET /api/admin-data/sos - ::1
[2026-04-19T14:07:04.167Z] [ACCESS] GET /api/admin-data/help-requests - ::1
[2026-04-19T14:07:04.180Z] [ACCESS] GET /api/admin-data/chat-analytics - ::1
[2026-04-19T14:07:04.194Z] [ACCESS] GET /api/admin-data/nlp-status - ::1
[2026-04-19T14:07:04.198Z] [ACCESS] GET /api/admin-data/logs?type=all&lines=100 - ::1
[2026-04-19T14:08:04.083Z] [ACCESS] GET /api/admin-data/stats - ::1
[2026-04-19T14:08:04.121Z] [ACCESS] GET /api/admin-data/users - ::1
[2026-04-19T14:08:04.122Z] [ACCESS] GET /api/admin-data/posts - ::1
[2026-04-19T14:08:04.163Z] [ACCESS] GET /api/admin-data/sos - ::1
[2026-04-19T14:08:04.165Z] [ACCESS] GET /api/admin-data/help-requests - ::1
[2026-04-19T14:08:04.191Z] [ACCESS] GET /api/admin-data/chat-analytics - ::1
[2026-04-19T14:08:04.211Z] [ACCESS] GET /api/admin-data/nlp-status - ::1
[2026-04-19T14:08:04.224Z] [ACCESS] GET /api/admin-data/logs?type=all&lines=100 - ::1
[2026-04-19T14:09:04.100Z] [ACCESS] GET /api/admin-data/stats - ::1
[2026-04-19T14:09:04.110Z] [ACCESS] GET /api/admin-data/users - ::1
[2026-04-19T14:09:04.111Z] [ACCESS] GET /api/admin-data/posts - ::1
[2026-04-19T14:09:04.132Z] [ACCESS] GET /api/admin-data/sos - ::1
[2026-04-19T14:09:04.180Z] [ACCESS] GET /api/admin-data/help-requests - ::1
[2026-04-19T14:09:04.196Z] [ACCESS] GET /api/admin-data/chat-analytics - ::1
[2026-04-19T14:09:04.197Z] [ACCESS] GET /api/admin-data/nlp-status - ::1
[2026-04-19T14:09:04.199Z] [ACCESS] GET /api/admin-data/logs?type=all&lines=100 - ::1
[2026-04-19T14:10:04.105Z] [ACCESS] GET /api/admin-data/stats - ::1
[2026-04-19T14:10:04.114Z] [ACCESS] GET /api/admin-data/users - ::1
[2026-04-19T14:10:04.115Z] [ACCESS] GET /api/admin-data/sos - ::1
[2026-04-19T14:10:04.116Z] [ACCESS] GET /api/admin-data/posts - ::1
[2026-04-19T14:10:04.176Z] [ACCESS] GET /api/admin-data/help-requests - ::1
[2026-04-19T14:10:04.187Z] [ACCESS] GET /api/admin-data/chat-analytics - ::1
[2026-04-19T14:10:04.258Z] [ACCESS] GET /api/admin-data/nlp-status - ::1
[2026-04-19T14:10:04.260Z] [ACCESS] GET /api/admin-data/logs?type=all&lines=100 - ::1
[2026-04-19T14:11:04.088Z] [ACCESS] GET /api/admin-data/stats - ::1
[2026-04-19T14:11:04.127Z] [ACCESS] GET /api/admin-data/users - ::1
[2026-04-19T14:11:04.129Z] [ACCESS] GET /api/admin-data/posts - ::1
[2026-04-19T14:11:04.139Z] [ACCESS] GET /api/admin-data/sos - ::1
[2026-04-19T14:11:04.146Z] [ACCESS] GET /api/admin-data/help-requests - ::1
[2026-04-19T14:11:04.157Z] [ACCESS] GET /api/admin-data/chat-analytics - ::1
[2026-04-19T14:11:04.198Z] [ACCESS] GET /api/admin-data/nlp-status - ::1
[2026-04-19T14:11:04.202Z] [ACCESS] GET /api/admin-data/logs?type=all&lines=100 - ::1
[2026-04-19T14:12:04.082Z] [ACCESS] GET /api/admin-data/stats - ::1
[2026-04-19T14:12:04.112Z] [ACCESS] GET /api/admin-data/users - ::1
[2026-04-19T14:12:04.128Z] [ACCESS] GET /api/admin-data/posts - ::1
[2026-04-19T14:12:04.158Z] [ACCESS] GET /api/admin-data/sos - ::1
[2026-04-19T14:12:04.176Z] [ACCESS] GET /api/admin-data/help-requests - ::1
[2026-04-19T14:12:04.178Z] [ACCESS] GET /api/admin-data/chat-analytics - ::1
[2026-04-19T14:12:04.181Z] [ACCESS] GET /api/admin-data/nlp-status - ::1
[2026-04-19T14:12:04.183Z] [ACCESS] GET /api/admin-data/logs?type=all&lines=100 - ::1
[2026-04-19T14:13:04.104Z] [ACCESS] GET /api/admin-data/stats - ::1
[2026-04-19T14:13:04.106Z] [ACCESS] GET /api/admin-data/users - ::1
[2026-04-19T14:13:04.135Z] [ACCESS] GET /api/admin-data/posts - ::1
[2026-04-19T14:13:04.162Z] [ACCESS] GET /api/admin-data/sos - ::1
[2026-04-19T14:13:04.173Z] [ACCESS] GET /api/admin-data/help-requests - ::1
[2026-04-19T14:13:04.175Z] [ACCESS] GET /api/admin-data/chat-analytics - ::1
[2026-04-19T14:13:04.177Z] [ACCESS] GET /api/admin-data/nlp-status - ::1
[2026-04-19T14:13:04.182Z] [ACCESS] GET /api/admin-data/logs?type=all&lines=100 - ::1
[2026-04-19T14:14:04.114Z] [ACCESS] GET /api/admin-data/stats - ::1
[2026-04-19T14:14:04.131Z] [ACCESS] GET /api/admin-data/users - ::1
[2026-04-19T14:14:04.135Z] [ACCESS] GET /api/admin-data/posts - ::1
[2026-04-19T14:14:04.138Z] [ACCESS] GET /api/admin-data/sos - ::1
[2026-04-19T14:14:04.159Z] [ACCESS] GET /api/admin-data/help-requests - ::1
[2026-04-19T14:14:04.223Z] [ACCESS] GET /api/admin-data/chat-analytics - ::1
[2026-04-19T14:14:04.225Z] [ACCESS] GET /api/admin-data/nlp-status - ::1
[2026-04-19T14:14:04.280Z] [ACCESS] GET /api/admin-data/logs?type=all&lines=100 - ::1
[2026-04-19T14:15:04.086Z] [ACCESS] GET /api/admin-data/stats - ::1
[2026-04-19T14:15:04.133Z] [ACCESS] GET /api/admin-data/users - ::1
[2026-04-19T14:15:04.157Z] [ACCESS] GET /api/admin-data/posts - ::1
[2026-04-19T14:15:04.158Z] [ACCESS] GET /api/admin-data/sos - ::1
[2026-04-19T14:15:04.191Z] [ACCESS] GET /api/admin-data/help-requests - ::1
[2026-04-19T14:15:04.192Z] [ACCESS] GET /api/admin-data/chat-analytics - ::1
[2026-04-19T14:15:04.208Z] [ACCESS] GET /api/admin-data/nlp-status - ::1
[2026-04-19T14:15:04.256Z] [ACCESS] GET /api/admin-data/logs?type=all&lines=100 - ::1
[2026-04-19T14:16:04.078Z] [ACCESS] GET /api/admin-data/stats - ::1
[2026-04-19T14:16:04.080Z] [ACCESS] GET /api/admin-data/users - ::1
[2026-04-19T14:16:04.158Z] [ACCESS] GET /api/admin-data/posts - ::1
[2026-04-19T14:16:04.173Z] [ACCESS] GET /api/admin-data/sos - ::1
[2026-04-19T14:16:04.175Z] [ACCESS] GET /api/admin-data/help-requests - ::1
[2026-04-19T14:16:04.176Z] [ACCESS] GET /api/admin-data/chat-analytics - ::1
[2026-04-19T14:16:04.178Z] [ACCESS] GET /api/admin-data/nlp-status - ::1
[2026-04-19T14:16:04.194Z] [ACCESS] GET /api/admin-data/logs?type=all&lines=100 - ::1
[2026-04-19T14:17:04.111Z] [ACCESS] GET /api/admin-data/stats - ::1
[2026-04-19T14:17:04.112Z] [ACCESS] GET /api/admin-data/users - ::1
[2026-04-19T14:17:04.114Z] [ACCESS] GET /api/admin-data/posts - ::1
[2026-04-19T14:17:04.163Z] [ACCESS] GET /api/admin-data/sos - ::1
[2026-04-19T14:17:04.164Z] [ACCESS] GET /api/admin-data/help-requests - ::1
[2026-04-19T14:17:04.165Z] [ACCESS] GET /api/admin-data/chat-analytics - ::1
[2026-04-19T14:17:04.182Z] [ACCESS] GET /api/admin-data/nlp-status - ::1
[2026-04-19T14:17:04.185Z] [ACCESS] GET /api/admin-data/logs?type=all&lines=100 - ::1
[2026-04-19T14:18:04.076Z] [ACCESS] GET /api/admin-data/stats - ::1
[2026-04-19T14:18:04.098Z] [ACCESS] GET /api/admin-data/users - ::1
[2026-04-19T14:18:04.112Z] [ACCESS] GET /api/admin-data/posts - ::1
[2026-04-19T14:18:04.114Z] [ACCESS] GET /api/admin-data/sos - ::1
[2026-04-19T14:18:04.119Z] [ACCESS] GET /api/admin-data/help-requests - ::1
[2026-04-19T14:18:04.122Z] [ACCESS] GET /api/admin-data/chat-analytics - ::1
[2026-04-19T14:18:04.168Z] [ACCESS] GET /api/admin-data/nlp-status - ::1
[2026-04-19T14:18:04.172Z] [ACCESS] GET /api/admin-data/logs?type=all&lines=100 - ::1
[2026-04-19T14:18:44.178Z] [ACCESS] GET /api/admin-data/stats - ::1
[2026-04-19T14:18:44.180Z] [ACCESS] GET /api/admin-data/posts - ::1
[2026-04-19T14:18:44.181Z] [ACCESS] GET /api/admin-data/users - ::1
[2026-04-19T14:18:44.183Z] [ACCESS] GET /api/admin-data/sos - ::1
[2026-04-19T14:18:44.198Z] [ACCESS] GET /api/admin-data/help-requests - ::1
[2026-04-19T14:18:44.199Z] [ACCESS] GET /api/admin-data/chat-analytics - ::1
[2026-04-19T14:18:44.332Z] [ACCESS] GET /api/admin-data/nlp-status - ::1
[2026-04-19T14:18:44.348Z] [ACCESS] GET /api/admin-data/logs?type=all&lines=100 - ::1
[2026-04-19T14:19:15.093Z] [ACCESS] GET /api/admin-data/stats - ::1
[2026-04-19T14:19:15.095Z] [ACCESS] GET /api/admin-data/users - ::1
[2026-04-19T14:19:15.098Z] [ACCESS] GET /api/admin-data/posts - ::1
[2026-04-19T14:19:15.100Z] [ACCESS] GET /api/admin-data/sos - ::1
[2026-04-19T14:19:15.103Z] [ACCESS] GET /api/admin-data/help-requests - ::1
[2026-04-19T14:19:15.107Z] [ACCESS] GET /api/admin-data/chat-analytics - ::1
[2026-04-19T14:19:15.174Z] [ACCESS] GET /api/admin-data/nlp-status - ::1
[2026-04-19T14:19:15.234Z] [ACCESS] GET /api/admin-data/logs?type=all&lines=100 - ::1
[2026-04-19T14:19:45.089Z] [ACCESS] GET /api/admin-data/stats - ::1
[2026-04-19T14:19:45.091Z] [ACCESS] GET /api/admin-data/users - ::1
[2026-04-19T14:19:45.094Z] [ACCESS] GET /api/admin-data/posts - ::1
[2026-04-19T14:19:45.157Z] [ACCESS] GET /api/admin-data/sos - ::1
[2026-04-19T14:19:45.160Z] [ACCESS] GET /api/admin-data/help-requests - ::1
[2026-04-19T14:19:45.163Z] [ACCESS] GET /api/admin-data/chat-analytics - ::1
[2026-04-19T14:19:45.166Z] [ACCESS] GET /api/admin-data/nlp-status - ::1
[2026-04-19T14:19:45.173Z] [ACCESS] GET /api/admin-data/logs?type=all&lines=100 - ::1
[2026-04-19T14:20:15.087Z] [ACCESS] GET /api/admin-data/stats - ::1
[2026-04-19T14:20:15.090Z] [ACCESS] GET /api/admin-data/users - ::1
[2026-04-19T14:20:15.092Z] [ACCESS] GET /api/admin-data/posts - ::1
[2026-04-19T14:20:15.126Z] [ACCESS] GET /api/admin-data/sos - ::1
[2026-04-19T14:20:15.128Z] [ACCESS] GET /api/admin-data/help-requests - ::1
[2026-04-19T14:20:15.135Z] [ACCESS] GET /api/admin-data/chat-analytics - ::1
[2026-04-19T14:20:15.189Z] [ACCESS] GET /api/admin-data/nlp-status - ::1
[2026-04-19T14:20:15.194Z] [ACCESS] GET /api/admin-data/logs?type=all&lines=100 - ::1
[2026-04-19T14:20:45.090Z] [ACCESS] GET /api/admin-data/stats - ::1
[2026-04-19T14:20:45.092Z] [ACCESS] GET /api/admin-data/users - ::1
[2026-04-19T14:20:45.093Z] [ACCESS] GET /api/admin-data/posts - ::1
[2026-04-19T14:20:45.126Z] [ACCESS] GET /api/admin-data/sos - ::1
[2026-04-19T14:20:45.130Z] [ACCESS] GET /api/admin-data/help-requests - ::1
[2026-04-19T14:20:45.153Z] [ACCESS] GET /api/admin-data/chat-analytics - ::1
[2026-04-19T14:20:45.176Z] [ACCESS] GET /api/admin-data/nlp-status - ::1
[2026-04-19T14:20:45.191Z] [ACCESS] GET /api/admin-data/logs?type=all&lines=100 - ::1
[2026-04-19T14:21:46.091Z] [ACCESS] GET /api/admin-data/stats - ::1
[2026-04-19T14:21:46.093Z] [ACCESS] GET /api/admin-data/users - ::1
[2026-04-19T14:21:46.095Z] [ACCESS] GET /api/admin-data/posts - ::1
[2026-04-19T14:21:46.110Z] [ACCESS] GET /api/admin-data/sos - ::1
[2026-04-19T14:21:46.128Z] [ACCESS] GET /api/admin-data/help-requests - ::1
[2026-04-19T14:21:46.130Z] [ACCESS] GET /api/admin-data/chat-analytics - ::1
[2026-04-19T14:21:46.181Z] [ACCESS] GET /api/admin-data/nlp-status - ::1
[2026-04-19T14:21:46.222Z] [ACCESS] GET /api/admin-data/logs?type=all&lines=100 - ::1
[2026-04-19T14:22:47.092Z] [ACCESS] GET /api/admin-data/stats - ::1
[2026-04-19T14:22:47.096Z] [ACCESS] GET /api/admin-data/users - ::1
[2026-04-19T14:22:47.099Z] [ACCESS] GET /api/admin-data/posts - ::1
[2026-04-19T14:22:47.105Z] [ACCESS] GET /api/admin-data/sos - ::1
[2026-04-19T14:22:47.128Z] [ACCESS] GET /api/admin-data/help-requests - ::1
[2026-04-19T14:22:47.160Z] [ACCESS] GET /api/admin-data/chat-analytics - ::1
[2026-04-19T14:22:47.171Z] [ACCESS] GET /api/admin-data/nlp-status - ::1
[2026-04-19T14:22:47.185Z] [ACCESS] GET /api/admin-data/logs?type=all&lines=100 - ::1
[2026-04-19T14:23:48.076Z] [ACCESS] GET /api/admin-data/stats - ::1
[2026-04-19T14:23:48.079Z] [ACCESS] GET /api/admin-data/posts - ::1
[2026-04-19T14:23:48.083Z] [ACCESS] GET /api/admin-data/users - ::1
[2026-04-19T14:23:48.088Z] [ACCESS] GET /api/admin-data/help-requests - ::1
[2026-04-19T14:23:48.090Z] [ACCESS] GET /api/admin-data/chat-analytics - ::1
[2026-04-19T14:23:48.093Z] [ACCESS] GET /api/admin-data/sos - ::1
[2026-04-19T14:23:48.178Z] [ACCESS] GET /api/admin-data/nlp-status - ::1
[2026-04-19T14:23:48.181Z] [ACCESS] GET /api/admin-data/logs?type=all&lines=100 - ::1
[2026-04-19T14:24:49.092Z] [ACCESS] GET /api/admin-data/stats - ::1
[2026-04-19T14:24:49.095Z] [ACCESS] GET /api/admin-data/users - ::1
[2026-04-19T14:24:49.097Z] [ACCESS] GET /api/admin-data/posts - ::1
[2026-04-19T14:24:49.100Z] [ACCESS] GET /api/admin-data/sos - ::1
[2026-04-19T14:24:49.131Z] [ACCESS] GET /api/admin-data/help-requests - ::1
[2026-04-19T14:24:49.159Z] [ACCESS] GET /api/admin-data/chat-analytics - ::1
[2026-04-19T14:24:49.177Z] [ACCESS] GET /api/admin-data/nlp-status - ::1
[2026-04-19T14:24:49.180Z] [ACCESS] GET /api/admin-data/logs?type=all&lines=100 - ::1
[2026-04-19T14:25:50.084Z] [ACCESS] GET /api/admin-data/stats - ::1
[2026-04-19T14:25:50.086Z] [ACCESS] GET /api/admin-data/users - ::1
[2026-04-19T14:25:50.087Z] [ACCESS] GET /api/admin-data/posts - ::1
[2026-04-19T14:25:50.090Z] [ACCESS] GET /api/admin-data/sos - ::1
[2026-04-19T14:25:50.126Z] [ACCESS] GET /api/admin-data/help-requests - ::1
[2026-04-19T14:25:50.154Z] [ACCESS] GET /api/admin-data/chat-analytics - ::1
[2026-04-19T14:25:50.157Z] [ACCESS] GET /api/admin-data/nlp-status - ::1
[2026-04-19T14:25:50.184Z] [ACCESS] GET /api/admin-data/logs?type=all&lines=100 - ::1
[2026-04-19T14:26:51.087Z] [ACCESS] GET /api/admin-data/stats - ::1
[2026-04-19T14:26:51.089Z] [ACCESS] GET /api/admin-data/users - ::1
[2026-04-19T14:26:51.091Z] [ACCESS] GET /api/admin-data/posts - ::1
[2026-04-19T14:26:51.093Z] [ACCESS] GET /api/admin-data/sos - ::1
[2026-04-19T14:26:51.095Z] [ACCESS] GET /api/admin-data/help-requests - ::1
[2026-04-19T14:26:51.098Z] [ACCESS] GET /api/admin-data/chat-analytics - ::1
[2026-04-19T14:26:51.182Z] [ACCESS] GET /api/admin-data/nlp-status - ::1
[2026-04-19T14:26:51.190Z] [ACCESS] GET /api/admin-data/logs?type=all&lines=100 - ::1
[2026-04-19T14:27:52.081Z] [ACCESS] GET /api/admin-data/stats - ::1
[2026-04-19T14:27:52.083Z] [ACCESS] GET /api/admin-data/users - ::1
[2026-04-19T14:27:52.086Z] [ACCESS] GET /api/admin-data/posts - ::1
[2026-04-19T14:27:52.092Z] [ACCESS] GET /api/admin-data/sos - ::1
[2026-04-19T14:27:52.117Z] [ACCESS] GET /api/admin-data/help-requests - ::1
[2026-04-19T14:27:52.147Z] [ACCESS] GET /api/admin-data/chat-analytics - ::1
[2026-04-19T14:27:52.157Z] [ACCESS] GET /api/admin-data/nlp-status - ::1
[2026-04-19T14:27:52.171Z] [ACCESS] GET /api/admin-data/logs?type=all&lines=100 - ::1
[2026-04-19T14:28:53.090Z] [ACCESS] GET /api/admin-data/stats - ::1
[2026-04-19T14:28:53.092Z] [ACCESS] GET /api/admin-data/users - ::1
[2026-04-19T14:28:53.103Z] [ACCESS] GET /api/admin-data/help-requests - ::1
[2026-04-19T14:28:53.096Z] [ACCESS] GET /api/admin-data/posts - ::1
[2026-04-19T14:28:53.098Z] [ACCESS] GET /api/admin-data/sos - ::1
[2026-04-19T14:28:53.133Z] [ACCESS] GET /api/admin-data/chat-analytics - ::1
[2026-04-19T14:28:53.208Z] [ACCESS] GET /api/admin-data/logs?type=all&lines=100 - ::1
[2026-04-19T14:28:53.198Z] [ACCESS] GET /api/admin-data/nlp-status - ::1
[2026-04-19T14:29:54.087Z] [ACCESS] GET /api/admin-data/stats - ::1
[2026-04-19T14:29:54.090Z] [ACCESS] GET /api/admin-data/users - ::1
[2026-04-19T14:29:54.092Z] [ACCESS] GET /api/admin-data/posts - ::1
[2026-04-19T14:29:54.135Z] [ACCESS] GET /api/admin-data/sos - ::1
[2026-04-19T14:29:54.186Z] [ACCESS] GET /api/admin-data/help-requests - ::1
[2026-04-19T14:29:54.212Z] [ACCESS] GET /api/admin-data/nlp-status - ::1
[2026-04-19T14:29:54.249Z] [ACCESS] GET /api/admin-data/chat-analytics - ::1
[2026-04-19T14:29:54.252Z] [ACCESS] GET /api/admin-data/logs?type=all&lines=100 - ::1
[2026-04-19T14:30:55.088Z] [ACCESS] GET /api/admin-data/users - ::1
[2026-04-19T14:30:55.085Z] [ACCESS] GET /api/admin-data/stats - ::1
[2026-04-19T14:30:55.092Z] [ACCESS] GET /api/admin-data/posts - ::1
[2026-04-19T14:30:55.123Z] [ACCESS] GET /api/admin-data/sos - ::1
[2026-04-19T14:30:55.126Z] [ACCESS] GET /api/admin-data/help-requests - ::1
[2026-04-19T14:30:55.128Z] [ACCESS] GET /api/admin-data/logs?type=all&lines=100 - ::1
[2026-04-19T14:30:55.181Z] [ACCESS] GET /api/admin-data/chat-analytics - ::1
[2026-04-19T14:30:55.193Z] [ACCESS] GET /api/admin-data/nlp-status - ::1
[2026-04-19T14:31:56.080Z] [ACCESS] GET /api/admin-data/stats - ::1
[2026-04-19T14:31:56.088Z] [ACCESS] GET /api/admin-data/users - ::1
[2026-04-19T14:31:56.091Z] [ACCESS] GET /api/admin-data/posts - ::1
[2026-04-19T14:31:56.096Z] [ACCESS] GET /api/admin-data/sos - ::1
[2026-04-19T14:31:56.098Z] [ACCESS] GET /api/admin-data/help-requests - ::1
[2026-04-19T14:31:56.100Z] [ACCESS] GET /api/admin-data/chat-analytics - ::1
[2026-04-19T14:31:56.158Z] [ACCESS] GET /api/admin-data/nlp-status - ::1
[2026-04-19T14:31:56.178Z] [ACCESS] GET /api/admin-data/logs?type=all&lines=100 - ::1
[2026-04-19T14:32:57.084Z] [ACCESS] GET /api/admin-data/posts - ::1
[2026-04-19T14:32:57.087Z] [ACCESS] GET /api/admin-data/users - ::1
[2026-04-19T14:32:57.089Z] [ACCESS] GET /api/admin-data/stats - ::1
[2026-04-19T14:32:57.091Z] [ACCESS] GET /api/admin-data/sos - ::1
[2026-04-19T14:32:57.093Z] [ACCESS] GET /api/admin-data/help-requests - ::1
[2026-04-19T14:32:57.096Z] [ACCESS] GET /api/admin-data/chat-analytics - ::1
[2026-04-19T14:32:57.162Z] [ACCESS] GET /api/admin-data/nlp-status - ::1
[2026-04-19T14:32:57.176Z] [ACCESS] GET /api/admin-data/logs?type=all&lines=100 - ::1
[2026-04-19T14:33:58.097Z] [ACCESS] GET /api/admin-data/stats - ::1
[2026-04-19T14:33:58.099Z] [ACCESS] GET /api/admin-data/users - ::1
[2026-04-19T14:33:58.116Z] [ACCESS] GET /api/admin-data/posts - ::1
[2026-04-19T14:33:58.121Z] [ACCESS] GET /api/admin-data/help-requests - ::1
[2026-04-19T14:33:58.113Z] [ACCESS] GET /api/admin-data/chat-analytics - ::1
[2026-04-19T14:33:58.124Z] [ACCESS] GET /api/admin-data/sos - ::1
[2026-04-19T14:33:58.190Z] [ACCESS] GET /api/admin-data/nlp-status - ::1
[2026-04-19T14:33:58.197Z] [ACCESS] GET /api/admin-data/logs?type=all&lines=100 - ::1
[2026-04-19T14:34:59.096Z] [ACCESS] GET /api/admin-data/stats - ::1
[2026-04-19T14:34:59.098Z] [ACCESS] GET /api/admin-data/users - ::1
[2026-04-19T14:34:59.101Z] [ACCESS] GET /api/admin-data/posts - ::1
[2026-04-19T14:34:59.103Z] [ACCESS] GET /api/admin-data/sos - ::1
[2026-04-19T14:34:59.107Z] [ACCESS] GET /api/admin-data/help-requests - ::1
[2026-04-19T14:34:59.127Z] [ACCESS] GET /api/admin-data/chat-analytics - ::1
[2026-04-19T14:34:59.177Z] [ACCESS] GET /api/admin-data/nlp-status - ::1
[2026-04-19T14:34:59.180Z] [ACCESS] GET /api/admin-data/logs?type=all&lines=100 - ::1
[2026-04-19T14:36:00.084Z] [ACCESS] GET /api/admin-data/sos - ::1
[2026-04-19T14:36:00.087Z] [ACCESS] GET /api/admin-data/posts - ::1
[2026-04-19T14:36:00.100Z] [ACCESS] GET /api/admin-data/users - ::1
[2026-04-19T14:36:00.103Z] [ACCESS] GET /api/admin-data/stats - ::1
[2026-04-19T14:36:00.105Z] [ACCESS] GET /api/admin-data/help-requests - ::1
[2026-04-19T14:36:00.109Z] [ACCESS] GET /api/admin-data/chat-analytics - ::1
[2026-04-19T14:36:00.112Z] [ACCESS] GET /api/admin-data/nlp-status - ::1
[2026-04-19T14:36:00.177Z] [ACCESS] GET /api/admin-data/logs?type=all&lines=100 - ::1
[2026-04-19T14:37:01.082Z] [ACCESS] GET /api/admin-data/stats - ::1
[2026-04-19T14:37:01.084Z] [ACCESS] GET /api/admin-data/users - ::1
[2026-04-19T14:37:01.087Z] [ACCESS] GET /api/admin-data/posts - ::1
[2026-04-19T14:37:01.090Z] [ACCESS] GET /api/admin-data/sos - ::1
[2026-04-19T14:37:01.140Z] [ACCESS] GET /api/admin-data/help-requests - ::1
[2026-04-19T14:37:01.143Z] [ACCESS] GET /api/admin-data/chat-analytics - ::1
[2026-04-19T14:37:01.148Z] [ACCESS] GET /api/admin-data/nlp-status - ::1
[2026-04-19T14:37:01.158Z] [ACCESS] GET /api/admin-data/logs?type=all&lines=100 - ::1
[2026-04-19T14:37:57.767Z] [ACCESS] GET /api/admin-data/stats - ::1
[2026-04-19T14:37:57.771Z] [ACCESS] GET /api/admin-data/users - ::1
[2026-04-19T14:37:57.774Z] [ACCESS] GET /api/admin-data/posts - ::1
[2026-04-19T14:37:57.776Z] [ACCESS] GET /api/admin-data/sos - ::1
[2026-04-19T14:37:57.779Z] [ACCESS] GET /api/admin-data/help-requests - ::1
[2026-04-19T14:37:57.828Z] [ACCESS] GET /api/admin-data/chat-analytics - ::1
[2026-04-19T14:37:57.862Z] [ACCESS] GET /api/admin-data/nlp-status - ::1
[2026-04-19T14:37:57.882Z] [ACCESS] GET /api/admin-data/logs?type=all&lines=100 - ::1
[2026-04-22T13:47:58.963Z] [ACCESS] GET /api/elderly/google - ::1
[2026-04-22T13:48:09.247Z] [ACCESS] GET /api/elderly/google/callback?iss=https%3A%2F%2Faccounts.google.com&code=4%2F0Aci98E8uAVYITK2pLYfm2QdFroG4vdGYp8Ksll0XdmIF72IaCpBcwmxCBoJu9O2TZJLvbg&scope=email+profile+https%3A%2F%2Fwww.googleapis.com%2Fauth%2Fuserinfo.profile+https%3A%2F%2Fwww.googleapis.com%2Fauth%2Fuserinfo.email+openid&authuser=0&prompt=consent - ::1
[2026-04-22T13:48:10.527Z] [ACCESS] GET /api/elderly/profile/69e8d19aeb490b1a0c11f38c - ::1
[2026-04-22T13:48:10.547Z] [ACCESS] GET /api/elderly/profile/69e8d19aeb490b1a0c11f38c - ::1
[2026-04-22T13:48:11.573Z] [ACCESS] GET /api/follow/feed - ::1
[2026-04-22T13:48:11.602Z] [ACCESS] GET /api/follow/feed - ::1
[2026-04-22T13:48:11.675Z] [ACCESS] GET /api/chat/chats - ::1
[2026-04-22T13:48:11.696Z] [ACCESS] GET /api/chat/chats - ::1
[2026-04-22T13:48:36.473Z] [ACCESS] GET /api/follow/feed - ::1
[2026-04-22T13:48:36.490Z] [ACCESS] GET /api/follow/feed - ::1
[2026-04-22T13:48:36.506Z] [ACCESS] GET /api/chat/chats - ::1
[2026-04-22T13:48:36.519Z] [ACCESS] GET /api/chat/chats - ::1
[2026-04-22T13:48:40.090Z] [ACCESS] GET /api/chat/chats - ::1
[2026-04-22T13:48:40.096Z] [ACCESS] GET /api/chat/chats - ::1
[2026-04-22T13:48:40.102Z] [ACCESS] GET /api/chat/chats - ::1
[2026-04-22T13:48:40.111Z] [ACCESS] GET /api/chat/chats - ::1
[2026-04-22T13:48:40.121Z] [ACCESS] GET /api/chat/chats - ::1
[2026-04-22T13:48:44.052Z] [ACCESS] GET /api/chat/chats - ::1
[2026-04-22T13:48:44.059Z] [ACCESS] GET /api/elderly/users/suggested?limit=3 - ::1
[2026-04-22T13:48:44.062Z] [ACCESS] GET /api/elderly/users/all - ::1
[2026-04-22T13:48:44.068Z] [ACCESS] GET /api/chat/chats - ::1
[2026-04-22T13:48:44.084Z] [ACCESS] GET /api/elderly/users/suggested?limit=3 - ::1
[2026-04-22T13:48:44.088Z] [ACCESS] GET /api/elderly/users/all - ::1
[2026-04-22T13:48:44.099Z] [ACCESS] GET /api/follow/status/69ccc52df8485d977a7fc7d3 - ::1
[2026-04-22T13:48:44.106Z] [ACCESS] GET /api/follow/status/69a07e11c340cede98668aff - ::1
[2026-04-22T13:48:44.109Z] [ACCESS] GET /api/follow/status/69a07d12c340cede98668a79 - ::1
[2026-04-22T13:48:44.112Z] [ACCESS] GET /api/follow/status/69a07c4fc340cede986689f9 - ::1
[2026-04-22T13:48:44.118Z] [ACCESS] GET /api/follow/status/69a07938c340cede98668815 - ::1
[2026-04-22T13:48:44.126Z] [ACCESS] GET /api/follow/status/69ccd94bf0258471755c73fa - ::1
[2026-04-22T13:48:44.133Z] [ACCESS] GET /api/follow/status/69a07b5cc340cede9866898c - ::1
[2026-04-22T13:48:44.158Z] [ACCESS] GET /api/follow/status/69ccc52df8485d977a7fc7d3 - ::1
[2026-04-22T13:48:44.161Z] [ACCESS] GET /api/follow/status/69a07e11c340cede98668aff - ::1
[2026-04-22T13:48:44.163Z] [ACCESS] GET /api/follow/status/69a07d12c340cede98668a79 - ::1
[2026-04-22T13:48:44.165Z] [ACCESS] GET /api/follow/status/69a07c4fc340cede986689f9 - ::1
[2026-04-22T13:48:44.168Z] [ACCESS] GET /api/follow/status/69a07b5cc340cede9866898c - ::1
[2026-04-22T13:48:44.175Z] [ACCESS] GET /api/follow/status/69a07938c340cede98668815 - ::1
[2026-04-22T13:48:44.188Z] [ACCESS] GET /api/follow/status/69ccd94bf0258471755c73fa - ::1
[2026-04-22T13:49:07.990Z] [ACCESS] GET /api/elderly/users/suggested?limit=3 - ::1
[2026-04-22T13:49:07.993Z] [ACCESS] GET /api/elderly/users/all - ::1
[2026-04-22T13:49:07.995Z] [ACCESS] GET /api/chat/chats - ::1
[2026-04-22T13:49:08.011Z] [ACCESS] GET /api/chat/chats - ::1
[2026-04-22T13:49:08.016Z] [ACCESS] GET /api/elderly/users/suggested?limit=3 - ::1
[2026-04-22T13:49:08.018Z] [ACCESS] GET /api/elderly/users/all - ::1
[2026-04-22T13:49:08.034Z] [ACCESS] GET /api/follow/status/69ccc52df8485d977a7fc7d3 - ::1
[2026-04-22T13:49:08.036Z] [ACCESS] GET /api/follow/status/69a07e11c340cede98668aff - ::1
[2026-04-22T13:49:08.038Z] [ACCESS] GET /api/follow/status/69a07d12c340cede98668a79 - ::1
[2026-04-22T13:49:08.041Z] [ACCESS] GET /api/follow/status/69a07c4fc340cede986689f9 - ::1
[2026-04-22T13:49:08.052Z] [ACCESS] GET /api/follow/status/69a07b5cc340cede9866898c - ::1
[2026-04-22T13:49:08.061Z] [ACCESS] GET /api/follow/status/69a07938c340cede98668815 - ::1
[2026-04-22T13:49:08.064Z] [ACCESS] GET /api/follow/status/69ccd94bf0258471755c73fa - ::1
[2026-04-22T13:49:08.089Z] [ACCESS] GET /api/follow/status/69ccc52df8485d977a7fc7d3 - ::1
[2026-04-22T13:49:08.091Z] [ACCESS] GET /api/follow/status/69a07e11c340cede98668aff - ::1
[2026-04-22T13:49:08.095Z] [ACCESS] GET /api/follow/status/69a07d12c340cede98668a79 - ::1
[2026-04-22T13:49:08.098Z] [ACCESS] GET /api/follow/status/69a07c4fc340cede986689f9 - ::1
[2026-04-22T13:49:08.101Z] [ACCESS] GET /api/follow/status/69a07b5cc340cede9866898c - ::1
[2026-04-22T13:49:08.104Z] [ACCESS] GET /api/follow/status/69a07938c340cede98668815 - ::1
[2026-04-22T13:49:08.119Z] [ACCESS] GET /api/follow/status/69ccd94bf0258471755c73fa - ::1
[2026-04-22T13:49:10.209Z] [ACCESS] GET /api/elderly/profile/undefined - ::1
[2026-04-22T13:49:10.219Z] [ACCESS] GET /api/elderly/profile/undefined - ::1
[2026-04-22T13:49:10.257Z] [ACCESS] GET /api/chat/chats - ::1
[2026-04-22T13:49:10.266Z] [ACCESS] GET /api/chat/chats - ::1
[2026-04-22T13:49:24.662Z] [ACCESS] GET /api/chat/chats - ::1
[2026-04-22T13:49:24.664Z] [ACCESS] GET /api/help/help-requests/volunteering - ::1
[2026-04-22T13:49:24.670Z] [ACCESS] GET /api/help/items/user/me - ::1
[2026-04-22T13:49:24.674Z] [ACCESS] GET /api/help/items?page=1&limit=12&type=&status=available&urgency=&location=&search=&category=&condition= - ::1
[2026-04-22T13:49:24.677Z] [ACCESS] GET /api/help/nearby-opportunities - ::1
[2026-04-22T13:49:24.687Z] [ACCESS] GET /api/help/help-requests/public?page=1&limit=10&type=&urgency=&location=&search=&category=&condition= - ::1
[2026-04-22T13:49:24.701Z] [ACCESS] GET /api/help/help-requests/my - ::1
[2026-04-22T13:49:24.706Z] [ACCESS] GET /api/help/help-requests/volunteering - ::1
[2026-04-22T13:49:24.703Z] [ACCESS] GET /api/chat/chats - ::1
[2026-04-22T13:49:24.720Z] [ACCESS] GET /api/help/items/user/me - ::1
[2026-04-22T13:49:24.726Z] [ACCESS] GET /api/help/nearby-opportunities - ::1
[2026-04-22T13:49:24.734Z] [ACCESS] GET /api/help/items?page=1&limit=12&type=&status=available&urgency=&location=&search=&category=&condition= - ::1
[2026-04-22T13:49:24.737Z] [ACCESS] GET /api/help/help-requests/my - ::1
[2026-04-22T13:49:24.741Z] [ACCESS] GET /api/help/help-requests/public?page=1&limit=10&type=&urgency=&location=&search=&category=&condition= - ::1
[2026-04-22T13:49:26.158Z] [ACCESS] GET /api/chat/chats - ::1
[2026-04-22T13:49:26.163Z] [ACCESS] GET /api/elderly/users/all - ::1
[2026-04-22T13:49:26.167Z] [ACCESS] GET /api/elderly/users/suggested?limit=3 - ::1
[2026-04-22T13:49:26.176Z] [ACCESS] GET /api/chat/chats - ::1
[2026-04-22T13:49:26.190Z] [ACCESS] GET /api/elderly/users/all - ::1
[2026-04-22T13:49:26.192Z] [ACCESS] GET /api/elderly/users/suggested?limit=3 - ::1
[2026-04-22T13:49:26.201Z] [ACCESS] GET /api/follow/status/69ccc52df8485d977a7fc7d3 - ::1
[2026-04-22T13:49:26.205Z] [ACCESS] GET /api/follow/status/69a07e11c340cede98668aff - ::1
[2026-04-22T13:49:26.208Z] [ACCESS] GET /api/follow/status/69a07d12c340cede98668a79 - ::1
[2026-04-22T13:49:26.210Z] [ACCESS] GET /api/follow/status/69a07c4fc340cede986689f9 - ::1
[2026-04-22T13:49:26.261Z] [ACCESS] GET /api/follow/status/69a07b5cc340cede9866898c - ::1
[2026-04-22T13:49:26.264Z] [ACCESS] GET /api/follow/status/69a07938c340cede98668815 - ::1
[2026-04-22T13:49:26.266Z] [ACCESS] GET /api/follow/status/69ccd94bf0258471755c73fa - ::1
[2026-04-22T13:49:26.321Z] [ACCESS] GET /api/follow/status/69a07d12c340cede98668a79 - ::1
[2026-04-22T13:49:26.324Z] [ACCESS] GET /api/follow/status/69a07c4fc340cede986689f9 - ::1
[2026-04-22T13:49:26.327Z] [ACCESS] GET /api/follow/status/69ccc52df8485d977a7fc7d3 - ::1
[2026-04-22T13:49:26.329Z] [ACCESS] GET /api/follow/status/69a07e11c340cede98668aff - ::1
[2026-04-22T13:49:26.391Z] [ACCESS] GET /api/follow/status/69ccd94bf0258471755c73fa - ::1
[2026-04-22T13:49:26.418Z] [ACCESS] GET /api/follow/status/69a07938c340cede98668815 - ::1
[2026-04-22T13:49:26.423Z] [ACCESS] GET /api/follow/status/69a07b5cc340cede9866898c - ::1
[2026-04-22T13:49:29.818Z] [ACCESS] GET /api/elderly/profile/69ccc52df8485d977a7fc7d3 - ::1
[2026-04-22T13:49:29.824Z] [ACCESS] GET /api/elderly/posts/user/69ccc52df8485d977a7fc7d3 - ::1
[2026-04-22T13:49:29.834Z] [ACCESS] GET /api/elderly/profile/69ccc52df8485d977a7fc7d3 - ::1
[2026-04-22T13:49:29.841Z] [ACCESS] GET /api/elderly/posts/user/69ccc52df8485d977a7fc7d3 - ::1
[2026-04-22T13:49:29.873Z] [ACCESS] GET /api/follow/status/69ccc52df8485d977a7fc7d3 - ::1
[2026-04-22T13:49:29.878Z] [ACCESS] GET /api/follow/followers/69ccc52df8485d977a7fc7d3 - ::1
[2026-04-22T13:49:29.881Z] [ACCESS] GET /api/chat/chats - ::1
[2026-04-22T13:49:29.897Z] [ACCESS] GET /api/chat/chats - ::1
[2026-04-22T13:49:29.899Z] [ACCESS] GET /api/follow/status/69ccc52df8485d977a7fc7d3 - ::1
[2026-04-22T13:49:29.907Z] [ACCESS] GET /api/follow/following/69ccc52df8485d977a7fc7d3 - ::1
[2026-04-22T13:49:29.910Z] [ACCESS] GET /api/follow/followers/69ccc52df8485d977a7fc7d3 - ::1
[2026-04-22T13:49:29.926Z] [ACCESS] GET /api/follow/following/69ccc52df8485d977a7fc7d3 - ::1
[2026-04-22T13:49:34.350Z] [ACCESS] GET /api/chat/chats - ::1
[2026-04-22T13:49:34.352Z] [ACCESS] GET /api/elderly/users/all - ::1
[2026-04-22T13:49:34.354Z] [ACCESS] GET /api/elderly/users/suggested?limit=3 - ::1
[2026-04-22T13:49:34.366Z] [ACCESS] GET /api/chat/chats - ::1
[2026-04-22T13:49:34.376Z] [ACCESS] GET /api/elderly/users/all - ::1
[2026-04-22T13:49:34.390Z] [ACCESS] GET /api/elderly/users/suggested?limit=3 - ::1
[2026-04-22T13:49:34.392Z] [ACCESS] GET /api/follow/status/69ccc52df8485d977a7fc7d3 - ::1
[2026-04-22T13:49:34.394Z] [ACCESS] GET /api/follow/status/69a07e11c340cede98668aff - ::1
[2026-04-22T13:49:34.397Z] [ACCESS] GET /api/follow/status/69a07d12c340cede98668a79 - ::1
[2026-04-22T13:49:34.399Z] [ACCESS] GET /api/follow/status/69a07c4fc340cede986689f9 - ::1
[2026-04-22T13:49:34.411Z] [ACCESS] GET /api/follow/status/69a07b5cc340cede9866898c - ::1
[2026-04-22T13:49:34.417Z] [ACCESS] GET /api/follow/status/69a07938c340cede98668815 - ::1
[2026-04-22T13:49:34.420Z] [ACCESS] GET /api/follow/status/69ccd94bf0258471755c73fa - ::1
[2026-04-22T13:49:34.442Z] [ACCESS] GET /api/follow/status/69ccc52df8485d977a7fc7d3 - ::1
[2026-04-22T13:49:34.445Z] [ACCESS] GET /api/follow/status/69a07e11c340cede98668aff - ::1
[2026-04-22T13:49:34.447Z] [ACCESS] GET /api/follow/status/69a07d12c340cede98668a79 - ::1
[2026-04-22T13:49:34.451Z] [ACCESS] GET /api/follow/status/69a07c4fc340cede986689f9 - ::1
[2026-04-22T13:49:34.453Z] [ACCESS] GET /api/follow/status/69a07b5cc340cede9866898c - ::1
[2026-04-22T13:49:34.455Z] [ACCESS] GET /api/follow/status/69a07938c340cede98668815 - ::1
[2026-04-22T13:49:34.467Z] [ACCESS] GET /api/follow/status/69ccd94bf0258471755c73fa - ::1
[2026-04-22T13:49:36.893Z] [ACCESS] GET /api/elderly/posts/user/69a07e11c340cede98668aff - ::1
[2026-04-22T13:49:36.895Z] [ACCESS] GET /api/elderly/profile/69a07e11c340cede98668aff - ::1
[2026-04-22T13:49:36.909Z] [ACCESS] GET /api/elderly/profile/69a07e11c340cede98668aff - ::1
[2026-04-22T13:49:36.914Z] [ACCESS] GET /api/elderly/posts/user/69a07e11c340cede98668aff - ::1
[2026-04-22T13:49:36.956Z] [ACCESS] GET /api/follow/status/69a07e11c340cede98668aff - ::1
[2026-04-22T13:49:36.958Z] [ACCESS] GET /api/follow/followers/69a07e11c340cede98668aff - ::1
[2026-04-22T13:49:36.960Z] [ACCESS] GET /api/chat/chats - ::1
[2026-04-22T13:49:36.966Z] [ACCESS] GET /api/follow/status/69a07e11c340cede98668aff - ::1
[2026-04-22T13:49:36.969Z] [ACCESS] GET /api/follow/followers/69a07e11c340cede98668aff - ::1
[2026-04-22T13:49:36.971Z] [ACCESS] GET /api/chat/chats - ::1
[2026-04-22T13:49:36.980Z] [ACCESS] GET /api/follow/following/69a07e11c340cede98668aff - ::1
[2026-04-22T13:49:36.984Z] [ACCESS] GET /api/follow/following/69a07e11c340cede98668aff - ::1
[2026-04-22T13:49:38.469Z] [ACCESS] POST /api/follow/follow/69a07e11c340cede98668aff - ::1
[2026-04-22T13:49:40.079Z] [ACCESS] GET /api/chat/chat/69a07e11c340cede98668aff - ::1
[2026-04-22T13:49:40.081Z] [ACCESS] GET /api/chat/chats - ::1
[2026-04-22T13:49:40.092Z] [ACCESS] GET /api/chat/chats - ::1
[2026-04-22T13:49:40.106Z] [ACCESS] GET /api/chat/chats - ::1
[2026-04-22T13:49:40.116Z] [ACCESS] GET /api/chat/chats - ::1
[2026-04-22T13:49:40.130Z] [ACCESS] GET /api/chat/chats - ::1
[2026-04-22T13:49:40.157Z] [ACCESS] GET /api/chat/messages/69e8d1f4eb490b1a0c11f4d5?page=1 - ::1
[2026-04-22T13:49:44.019Z] [ACCESS] POST /api/chat/message/69e8d1f4eb490b1a0c11f4d5 - ::1
[2026-04-22T13:49:50.087Z] [ACCESS] GET /api/chat/chats - ::1
[2026-04-22T13:50:00.085Z] [ACCESS] GET /api/chat/chats - ::1
[2026-04-22T13:50:10.087Z] [ACCESS] GET /api/chat/chats - ::1
[2026-04-22T13:50:10.103Z] [ACCESS] GET /api/chat/chats - ::1
[2026-04-22T13:50:20.089Z] [ACCESS] GET /api/chat/chats - ::1
[2026-04-22T13:50:30.092Z] [ACCESS] GET /api/chat/chats - ::1
[2026-04-22T13:50:40.082Z] [ACCESS] GET /api/chat/chats - ::1
[2026-04-22T13:50:40.091Z] [ACCESS] GET /api/chat/chats - ::1
[2026-04-22T13:50:41.389Z] [ACCESS] GET /api/follow/feed - ::1
[2026-04-22T13:50:41.417Z] [ACCESS] GET /api/chat/chats - ::1
[2026-04-22T13:50:41.427Z] [ACCESS] GET /api/follow/feed - ::1
[2026-04-22T13:50:41.435Z] [ACCESS] GET /api/chat/chats - ::1
[2026-04-22T13:50:45.358Z] [ACCESS] POST /api/elderly/posts/69a07e43c340cede98668b2d/like - ::1
[2026-04-22T13:50:45.370Z] [ACCESS] GET /api/follow/feed - ::1
[2026-04-22T13:51:04.238Z] [ACCESS] GET /api/elderly/google - ::1
[2026-04-22T13:51:07.858Z] [ACCESS] GET /api/elderly/google/callback?iss=https%3A%2F%2Faccounts.google.com&code=4%2F0Aci98E9uOGbWaPdnNH84SClk8CNZXw0S9vYEB_Wuiahez8ugT3L92JPqLEKd119YSAduow&scope=email+profile+https%3A%2F%2Fwww.googleapis.com%2Fauth%2Fuserinfo.email+https%3A%2F%2Fwww.googleapis.com%2Fauth%2Fuserinfo.profile+openid&authuser=0&prompt=none - ::1
[2026-04-22T13:51:08.793Z] [ACCESS] GET /api/elderly/profile/69e8d19aeb490b1a0c11f38c - ::1
[2026-04-22T13:51:08.811Z] [ACCESS] GET /api/elderly/profile/69e8d19aeb490b1a0c11f38c - ::1
[2026-04-22T13:51:09.847Z] [ACCESS] GET /api/follow/feed - ::1
[2026-04-22T13:51:09.863Z] [ACCESS] GET /api/follow/feed - ::1
[2026-04-22T13:51:09.929Z] [ACCESS] GET /api/chat/chats - ::1
[2026-04-22T13:51:09.940Z] [ACCESS] GET /api/chat/chats - ::1
[2026-04-22T13:55:21.895Z] [ACCESS] GET /api/elderly/google - ::1
[2026-04-22T13:55:26.057Z] [ACCESS] GET /api/elderly/google/callback?iss=https%3A%2F%2Faccounts.google.com&code=4%2F0Aci98E8aTgbmgpHHN3o_62baOsUdSPjeLfyWBCHnKRNGWmW1EhJHc3mpX9vqGuslJNAlQA&scope=email+profile+https%3A%2F%2Fwww.googleapis.com%2Fauth%2Fuserinfo.email+https%3A%2F%2Fwww.googleapis.com%2Fauth%2Fuserinfo.profile+openid&authuser=0&prompt=none - ::1
[2026-04-22T13:55:27.157Z] [ACCESS] GET /api/elderly/profile/69e8d19aeb490b1a0c11f38c - ::1
[2026-04-22T13:55:27.173Z] [ACCESS] GET /api/elderly/profile/69e8d19aeb490b1a0c11f38c - ::1
[2026-04-22T13:55:28.189Z] [ACCESS] GET /api/follow/feed - ::1
[2026-04-22T13:55:28.208Z] [ACCESS] GET /api/follow/feed - ::1
[2026-04-22T13:55:28.268Z] [ACCESS] GET /api/chat/chats - ::1
[2026-04-22T13:55:28.283Z] [ACCESS] GET /api/chat/chats - ::1
[2026-04-22T13:55:30.346Z] [ACCESS] GET /api/chat/chats - ::1
[2026-04-22T13:55:30.348Z] [ACCESS] GET /api/elderly/users/all - ::1
[2026-04-22T13:55:30.350Z] [ACCESS] GET /api/elderly/users/suggested?limit=3 - ::1
[2026-04-22T13:55:30.366Z] [ACCESS] GET /api/chat/chats - ::1
[2026-04-22T13:55:30.371Z] [ACCESS] GET /api/elderly/users/all - ::1
[2026-04-22T13:55:30.393Z] [ACCESS] GET /api/elderly/users/suggested?limit=3 - ::1
[2026-04-22T13:55:30.395Z] [ACCESS] GET /api/follow/status/69ccc52df8485d977a7fc7d3 - ::1
[2026-04-22T13:55:30.397Z] [ACCESS] GET /api/follow/status/69a07e11c340cede98668aff - ::1
[2026-04-22T13:55:30.399Z] [ACCESS] GET /api/follow/status/69a07d12c340cede98668a79 - ::1
[2026-04-22T13:55:30.422Z] [ACCESS] GET /api/follow/status/69a07c4fc340cede986689f9 - ::1
[2026-04-22T13:55:30.427Z] [ACCESS] GET /api/follow/status/69a07b5cc340cede9866898c - ::1
[2026-04-22T13:55:30.429Z] [ACCESS] GET /api/follow/status/69a07938c340cede98668815 - ::1
[2026-04-22T13:55:30.431Z] [ACCESS] GET /api/follow/status/69ccd94bf0258471755c73fa - ::1
[2026-04-22T13:55:30.466Z] [ACCESS] GET /api/follow/status/69ccc52df8485d977a7fc7d3 - ::1
[2026-04-22T13:55:30.469Z] [ACCESS] GET /api/follow/status/69a07e11c340cede98668aff - ::1
[2026-04-22T13:55:30.471Z] [ACCESS] GET /api/follow/status/69a07d12c340cede98668a79 - ::1
[2026-04-22T13:55:30.474Z] [ACCESS] GET /api/follow/status/69a07c4fc340cede986689f9 - ::1
[2026-04-22T13:55:30.476Z] [ACCESS] GET /api/follow/status/69a07b5cc340cede9866898c - ::1
[2026-04-22T13:55:30.479Z] [ACCESS] GET /api/follow/status/69a07938c340cede98668815 - ::1
[2026-04-22T13:55:30.491Z] [ACCESS] GET /api/follow/status/69ccd94bf0258471755c73fa - ::1
[2026-04-22T13:55:39.951Z] [ACCESS] GET /api/follow/feed - ::1
[2026-04-22T13:55:39.967Z] [ACCESS] GET /api/chat/chats - ::1
[2026-04-22T13:55:39.979Z] [ACCESS] GET /api/follow/feed - ::1
[2026-04-22T13:55:39.984Z] [ACCESS] GET /api/chat/chats - ::1
[2026-04-22T13:56:10.308Z] [ACCESS] GET /api/chat/chats - ::1
[2026-04-22T13:56:40.300Z] [ACCESS] GET /api/chat/chats - ::1
[2026-04-22T13:57:10.310Z] [ACCESS] GET /api/chat/chats - ::1
[2026-04-22T13:57:40.338Z] [ACCESS] GET /api/chat/chats - ::1
[2026-04-22T13:58:10.301Z] [ACCESS] GET /api/chat/chats - ::1
[2026-04-22T13:58:40.310Z] [ACCESS] GET /api/chat/chats - ::1
[2026-04-22T13:59:57.309Z] [ACCESS] GET /api/chat/chats - ::1
[2026-04-22T14:00:57.300Z] [ACCESS] GET /api/chat/chats - ::1
[2026-04-22T14:01:57.318Z] [ACCESS] GET /api/chat/chats - ::1
[2026-04-22T14:02:57.308Z] [ACCESS] GET /api/chat/chats - ::1
[2026-04-22T14:03:57.309Z] [ACCESS] GET /api/chat/chats - ::1
[2026-04-22T14:04:57.303Z] [ACCESS] GET /api/chat/chats - ::1
[2026-04-22T14:05:24.327Z] [ACCESS] GET /api/chat/chats - ::1
[2026-04-22T14:05:40.316Z] [ACCESS] GET /api/chat/chats - ::1
[2026-04-22T14:06:10.306Z] [ACCESS] GET /api/chat/chats - ::1
[2026-04-22T14:06:57.316Z] [ACCESS] GET /api/chat/chats - ::1
[2026-04-22T14:07:57.313Z] [ACCESS] GET /api/chat/chats - ::1
[2026-04-22T14:08:57.326Z] [ACCESS] GET /api/chat/chats - ::1
[2026-04-22T14:09:23.007Z] [ACCESS] GET /api/chat/chats - ::1
[2026-04-22T14:09:40.314Z] [ACCESS] GET /api/chat/chats - ::1
[2026-04-22T14:10:10.302Z] [ACCESS] GET /api/chat/chats - ::1
[2026-04-22T14:10:57.313Z] [ACCESS] GET /api/chat/chats - ::1
[2026-04-22T14:11:57.308Z] [ACCESS] GET /api/chat/chats - ::1
[2026-04-22T14:12:57.314Z] [ACCESS] GET /api/chat/chats - ::1
[2026-04-22T14:13:34.208Z] [ACCESS] GET /api/chat/chats - ::1
[2026-04-22T14:13:40.304Z] [ACCESS] GET /api/chat/chats - ::1
[2026-04-22T14:34:43.412Z] [ACCESS] GET /api/elderly/google - ::1
[2026-04-22T14:34:49.736Z] [ACCESS] GET /api/elderly/google/callback?iss=https%3A%2F%2Faccounts.google.com&code=4%2F0Aci98E94INDosHDhum-hl6Y8YiG_d6fME9PBVLKBy8mJWRBQJqmmLHNF_HmFEmYD1HHHnQ&scope=email+profile+https%3A%2F%2Fwww.googleapis.com%2Fauth%2Fuserinfo.profile+https%3A%2F%2Fwww.googleapis.com%2Fauth%2Fuserinfo.email+openid&authuser=1&prompt=consent - ::1
[2026-04-22T14:34:50.726Z] [ACCESS] GET /favicon.ico - ::1
[2026-04-22T14:35:02.426Z] [ACCESS] GET /api/elderly/google/callback?iss=https%3A%2F%2Faccounts.google.com&code=4%2F0Aci98E-YG9Ny3DPJcG5Su4xNolNWMBbNl2oGcCfO3y5Ed8IpeL6V1MwEGL_zsBrYF1xv-A&scope=email+profile+https%3A%2F%2Fwww.googleapis.com%2Fauth%2Fuserinfo.profile+https%3A%2F%2Fwww.googleapis.com%2Fauth%2Fuserinfo.email+openid&authuser=0&prompt=none - ::1
[2026-04-22T14:35:03.537Z] [ACCESS] GET /api/elderly/me - ::1
[2026-04-22T14:35:03.554Z] [ACCESS] GET /api/elderly/me - ::1
[2026-04-22T14:35:05.077Z] [ACCESS] GET /api/follow/feed - ::1
[2026-04-22T14:35:05.109Z] [ACCESS] GET /api/follow/feed - ::1
[2026-04-22T14:35:05.147Z] [ACCESS] GET /api/sos/history - ::1
[2026-04-22T14:35:05.153Z] [ACCESS] GET /api/chat/chats - ::1
[2026-04-22T14:35:05.166Z] [ACCESS] GET /api/sos/history - ::1
[2026-04-22T14:35:05.177Z] [ACCESS] GET /api/chat/chats - ::1
[2026-04-22T14:35:07.290Z] [ACCESS] GET /api/chat/chats - ::1
[2026-04-22T14:35:07.293Z] [ACCESS] GET /api/elderly/users/all - ::1
[2026-04-22T14:35:07.295Z] [ACCESS] GET /api/elderly/users/suggested?limit=3 - ::1
[2026-04-22T14:35:07.312Z] [ACCESS] GET /api/chat/chats - ::1
[2026-04-22T14:35:07.330Z] [ACCESS] GET /api/elderly/users/all - ::1
[2026-04-22T14:35:07.332Z] [ACCESS] GET /api/elderly/users/suggested?limit=3 - ::1
[2026-04-22T14:35:07.351Z] [ACCESS] GET /api/follow/status/69ccc52df8485d977a7fc7d3 - ::1
[2026-04-22T14:35:07.354Z] [ACCESS] GET /api/follow/status/69a07e11c340cede98668aff - ::1
[2026-04-22T14:35:07.357Z] [ACCESS] GET /api/follow/status/69a07d12c340cede98668a79 - ::1
[2026-04-22T14:35:07.359Z] [ACCESS] GET /api/follow/status/69a07c4fc340cede986689f9 - ::1
[2026-04-22T14:35:07.377Z] [ACCESS] GET /api/follow/status/69a07b5cc340cede9866898c - ::1
[2026-04-22T14:35:07.379Z] [ACCESS] GET /api/follow/status/69a07938c340cede98668815 - ::1
[2026-04-22T14:35:07.381Z] [ACCESS] GET /api/follow/status/69ccd94bf0258471755c73fa - ::1
[2026-04-22T14:35:07.383Z] [ACCESS] GET /api/sos/history - ::1
[2026-04-22T14:35:07.407Z] [ACCESS] GET /api/sos/history - ::1
[2026-04-22T14:35:07.417Z] [ACCESS] GET /api/follow/status/69ccc52df8485d977a7fc7d3 - ::1
[2026-04-22T14:35:07.419Z] [ACCESS] GET /api/follow/status/69a07e11c340cede98668aff - ::1
[2026-04-22T14:35:07.423Z] [ACCESS] GET /api/follow/status/69a07d12c340cede98668a79 - ::1
[2026-04-22T14:35:07.425Z] [ACCESS] GET /api/follow/status/69a07c4fc340cede986689f9 - ::1
[2026-04-22T14:35:07.427Z] [ACCESS] GET /api/follow/status/69a07b5cc340cede9866898c - ::1
[2026-04-22T14:35:07.430Z] [ACCESS] GET /api/follow/status/69a07938c340cede98668815 - ::1
[2026-04-22T14:35:07.446Z] [ACCESS] GET /api/follow/status/69ccd94bf0258471755c73fa - ::1
[2026-04-22T14:35:08.219Z] [ACCESS] GET /api/elderly/posts/user/69e8d19aeb490b1a0c11f38c - ::1
[2026-04-22T14:35:08.223Z] [ACCESS] GET /api/elderly/profile/69e8d19aeb490b1a0c11f38c - ::1
[2026-04-22T14:35:08.234Z] [ACCESS] GET /api/elderly/profile/69e8d19aeb490b1a0c11f38c - ::1
[2026-04-22T14:35:08.239Z] [ACCESS] GET /api/elderly/posts/user/69e8d19aeb490b1a0c11f38c - ::1
[2026-04-22T14:35:08.257Z] [ACCESS] GET /api/sos/history - ::1
[2026-04-22T14:35:08.267Z] [ACCESS] GET /api/sos/history - ::1
[2026-04-22T14:35:08.270Z] [ACCESS] GET /api/chat/chats - ::1
[2026-04-22T14:35:08.284Z] [ACCESS] GET /api/chat/chats - ::1
[2026-04-22T14:35:12.044Z] [ACCESS] GET /api/elderly/profile/69e8d19aeb490b1a0c11f38c - ::1
[2026-04-22T14:35:12.054Z] [ACCESS] GET /api/elderly/profile/69e8d19aeb490b1a0c11f38c - ::1
[2026-04-22T14:35:12.076Z] [ACCESS] GET /api/sos/history - ::1
[2026-04-22T14:35:12.082Z] [ACCESS] GET /api/sos/history - ::1
[2026-04-22T14:35:12.090Z] [ACCESS] GET /api/chat/chats - ::1
[2026-04-22T14:35:12.101Z] [ACCESS] GET /api/chat/chats - ::1
[2026-04-22T14:35:13.674Z] [ACCESS] GET /api/follow/feed - ::1
[2026-04-22T14:35:13.703Z] [ACCESS] GET /api/sos/history - ::1
[2026-04-22T14:35:13.706Z] [ACCESS] GET /api/chat/chats - ::1
[2026-04-22T14:35:13.719Z] [ACCESS] GET /api/follow/feed - ::1
[2026-04-22T14:35:13.722Z] [ACCESS] GET /api/sos/history - ::1
[2026-04-22T14:35:13.728Z] [ACCESS] GET /api/chat/chats - ::1
[2026-04-22T14:35:32.721Z] [ACCESS] GET /api/elderly/profile/69e8d19aeb490b1a0c11f38c - ::1
[2026-04-22T14:35:32.727Z] [ACCESS] GET /api/elderly/profile/69e8d19aeb490b1a0c11f38c - ::1
[2026-04-22T14:35:32.752Z] [ACCESS] GET /api/sos/history - ::1
[2026-04-22T14:35:32.758Z] [ACCESS] GET /api/sos/history - ::1
[2026-04-22T14:35:32.764Z] [ACCESS] GET /api/chat/chats - ::1
[2026-04-22T14:35:32.775Z] [ACCESS] GET /api/chat/chats - ::1
[2026-04-22T14:35:34.948Z] [ACCESS] GET /api/follow/feed - ::1
[2026-04-22T14:35:34.967Z] [ACCESS] GET /api/sos/history - ::1
[2026-04-22T14:35:34.969Z] [ACCESS] GET /api/chat/chats - ::1
[2026-04-22T14:35:34.985Z] [ACCESS] GET /api/sos/history - ::1
[2026-04-22T14:35:34.989Z] [ACCESS] GET /api/follow/feed - ::1
[2026-04-22T14:35:34.992Z] [ACCESS] GET /api/chat/chats - ::1
[2026-04-22T14:36:05.307Z] [ACCESS] GET /api/chat/chats - ::1
[2026-04-22T14:36:16.311Z] [ACCESS] GET /api/follow/feed - ::1
[2026-04-22T14:36:16.333Z] [ACCESS] GET /api/sos/history - ::1
[2026-04-22T14:36:17.384Z] [ACCESS] GET /api/follow/feed - ::1
[2026-04-22T14:36:17.386Z] [ACCESS] GET /api/sos/history - ::1
[2026-04-22T14:36:18.927Z] [ACCESS] GET /api/follow/feed - ::1
[2026-04-22T14:36:18.947Z] [ACCESS] GET /api/follow/feed - ::1
[2026-04-22T14:36:18.964Z] [ACCESS] GET /api/sos/history - ::1
[2026-04-22T14:36:18.975Z] [ACCESS] GET /api/sos/history - ::1
[2026-04-22T14:36:18.986Z] [ACCESS] GET /api/chat/chats - ::1
[2026-04-22T14:36:18.997Z] [ACCESS] GET /api/chat/chats - ::1
[2026-04-22T14:36:21.913Z] [ACCESS] GET /api/elderly/profile/69e8d19aeb490b1a0c11f38c - ::1
[2026-04-22T14:36:21.916Z] [ACCESS] GET /api/elderly/posts/user/69e8d19aeb490b1a0c11f38c - ::1
[2026-04-22T14:36:21.925Z] [ACCESS] GET /api/elderly/profile/69e8d19aeb490b1a0c11f38c - ::1
[2026-04-22T14:36:21.929Z] [ACCESS] GET /api/elderly/posts/user/69e8d19aeb490b1a0c11f38c - ::1
[2026-04-22T14:36:21.952Z] [ACCESS] GET /api/sos/history - ::1
[2026-04-22T14:36:21.959Z] [ACCESS] GET /api/sos/history - ::1
[2026-04-22T14:36:21.963Z] [ACCESS] GET /api/chat/chats - ::1
[2026-04-22T14:36:21.979Z] [ACCESS] GET /api/chat/chats - ::1
[2026-04-22T14:36:29.486Z] [ACCESS] GET /api/follow/feed - ::1
[2026-04-22T14:36:29.505Z] [ACCESS] GET /api/sos/history - ::1
[2026-04-22T14:36:29.507Z] [ACCESS] GET /api/chat/chats - ::1
[2026-04-22T14:36:29.510Z] [ACCESS] GET /api/follow/feed - ::1
[2026-04-22T14:36:29.522Z] [ACCESS] GET /api/sos/history - ::1
[2026-04-22T14:36:29.525Z] [ACCESS] GET /api/chat/chats - ::1
[2026-04-22T16:23:13.600Z] [ACCESS] POST /api/elderly/login - ::1
[2026-04-22T16:23:15.688Z] [ACCESS] GET /api/follow/feed - ::1
[2026-04-22T16:23:15.759Z] [ACCESS] GET /api/follow/feed - ::1
[2026-04-22T16:23:15.767Z] [ACCESS] GET /api/sos/history - ::1
[2026-04-22T16:23:15.771Z] [ACCESS] GET /api/chat/chats - ::1
[2026-04-22T16:23:15.801Z] [ACCESS] GET /api/sos/history - ::1
[2026-04-22T16:23:15.878Z] [ACCESS] GET /api/chat/chats - ::1
[2026-04-22T16:23:20.174Z] [ACCESS] GET /api/elderly/posts/user/69a07938c340cede98668815 - ::1
[2026-04-22T16:23:20.185Z] [ACCESS] GET /api/elderly/profile/69a07938c340cede98668815 - ::1
[2026-04-22T16:23:20.225Z] [ACCESS] GET /api/elderly/profile/69a07938c340cede98668815 - ::1
[2026-04-22T16:23:20.232Z] [ACCESS] GET /api/elderly/posts/user/69a07938c340cede98668815 - ::1
[2026-04-22T16:23:20.310Z] [ACCESS] GET /api/sos/history - ::1
[2026-04-22T16:23:20.322Z] [ACCESS] GET /api/sos/history - ::1
[2026-04-22T16:23:20.336Z] [ACCESS] GET /api/chat/chats - ::1
[2026-04-22T16:23:20.350Z] [ACCESS] GET /api/chat/chats - ::1
[2026-04-22T16:23:32.400Z] [ACCESS] GET /api/chat/chats - ::1
[2026-04-22T16:23:32.406Z] [ACCESS] GET /api/elderly/users/all - ::1
[2026-04-22T16:23:32.413Z] [ACCESS] GET /api/elderly/users/suggested?limit=3 - ::1
[2026-04-22T16:23:32.708Z] [ACCESS] GET /api/chat/chats - ::1
[2026-04-22T16:23:32.713Z] [ACCESS] GET /api/elderly/users/all - ::1
[2026-04-22T16:23:32.744Z] [ACCESS] GET /api/elderly/users/suggested?limit=3 - ::1
[2026-04-22T16:23:32.747Z] [ACCESS] GET /api/follow/status/69e8d19aeb490b1a0c11f38c - ::1
[2026-04-22T16:23:32.754Z] [ACCESS] GET /api/follow/status/69a07d12c340cede98668a79 - ::1
[2026-04-22T16:23:32.793Z] [ACCESS] GET /api/follow/status/69a07c4fc340cede986689f9 - ::1
[2026-04-22T16:23:32.802Z] [ACCESS] GET /api/follow/status/69a07e11c340cede98668aff - ::1
[2026-04-22T16:23:32.998Z] [ACCESS] GET /api/follow/status/69ccc52df8485d977a7fc7d3 - ::1
[2026-04-22T16:23:33.003Z] [ACCESS] GET /api/follow/status/69a07b5cc340cede9866898c - ::1
[2026-04-22T16:23:33.006Z] [ACCESS] GET /api/follow/status/69ccd94bf0258471755c73fa - ::1
[2026-04-22T16:23:33.012Z] [ACCESS] GET /api/sos/history - ::1
[2026-04-22T16:23:33.020Z] [ACCESS] GET /api/follow/status/69a07d12c340cede98668a79 - ::1
[2026-04-22T16:23:33.024Z] [ACCESS] GET /api/follow/status/69a07e11c340cede98668aff - ::1
[2026-04-22T16:23:33.056Z] [ACCESS] GET /api/follow/status/69a07c4fc340cede986689f9 - ::1
[2026-04-22T16:23:33.064Z] [ACCESS] GET /api/follow/status/69e8d19aeb490b1a0c11f38c - ::1
[2026-04-22T16:23:33.069Z] [ACCESS] GET /api/follow/status/69ccc52df8485d977a7fc7d3 - ::1
[2026-04-22T16:23:33.074Z] [ACCESS] GET /api/follow/status/69a07b5cc340cede9866898c - ::1
[2026-04-22T16:23:33.080Z] [ACCESS] GET /api/follow/status/69ccd94bf0258471755c73fa - ::1
[2026-04-22T16:23:33.170Z] [ACCESS] GET /api/sos/history - ::1
[2026-04-22T16:23:39.216Z] [ACCESS] GET /api/elderly/profile/69a07938c340cede98668815 - ::1
[2026-04-22T16:23:39.235Z] [ACCESS] GET /api/elderly/profile/69a07938c340cede98668815 - ::1
[2026-04-22T16:23:39.296Z] [ACCESS] GET /api/sos/history - ::1
[2026-04-22T16:23:39.308Z] [ACCESS] GET /api/sos/history - ::1
[2026-04-22T16:23:39.334Z] [ACCESS] GET /api/chat/chats - ::1
[2026-04-22T16:23:39.365Z] [ACCESS] GET /api/chat/chats - ::1
[2026-04-22T16:23:44.036Z] [ACCESS] GET /api/chat/chats - ::1
[2026-04-22T16:23:44.043Z] [ACCESS] GET /api/elderly/users/all - ::1
[2026-04-22T16:23:44.049Z] [ACCESS] GET /api/elderly/users/suggested?limit=3 - ::1
[2026-04-22T16:23:44.178Z] [ACCESS] GET /api/chat/chats - ::1
[2026-04-22T16:23:44.181Z] [ACCESS] GET /api/elderly/users/all - ::1
[2026-04-22T16:23:44.205Z] [ACCESS] GET /api/sos/history - ::1
[2026-04-22T16:23:44.218Z] [ACCESS] GET /api/elderly/users/suggested?limit=3 - ::1
[2026-04-22T16:23:44.220Z] [ACCESS] GET /api/follow/status/69e8d19aeb490b1a0c11f38c - ::1
[2026-04-22T16:23:44.231Z] [ACCESS] GET /api/follow/status/69a07d12c340cede98668a79 - ::1
[2026-04-22T16:23:44.246Z] [ACCESS] GET /api/follow/status/69a07e11c340cede98668aff - ::1
[2026-04-22T16:23:44.252Z] [ACCESS] GET /api/follow/status/69a07c4fc340cede986689f9 - ::1
[2026-04-22T16:23:44.262Z] [ACCESS] GET /api/follow/status/69ccc52df8485d977a7fc7d3 - ::1
[2026-04-22T16:23:44.338Z] [ACCESS] GET /api/follow/status/69a07b5cc340cede9866898c - ::1
[2026-04-22T16:23:44.343Z] [ACCESS] GET /api/follow/status/69ccd94bf0258471755c73fa - ::1
[2026-04-22T16:23:44.365Z] [ACCESS] GET /api/sos/history - ::1
[2026-04-22T16:23:44.373Z] [ACCESS] GET /api/follow/status/69e8d19aeb490b1a0c11f38c - ::1
[2026-04-22T16:23:44.383Z] [ACCESS] GET /api/follow/status/69a07d12c340cede98668a79 - ::1
[2026-04-22T16:23:44.403Z] [ACCESS] GET /api/follow/status/69a07e11c340cede98668aff - ::1
[2026-04-22T16:23:44.411Z] [ACCESS] GET /api/follow/status/69a07c4fc340cede986689f9 - ::1
[2026-04-22T16:23:44.416Z] [ACCESS] GET /api/follow/status/69ccc52df8485d977a7fc7d3 - ::1
[2026-04-22T16:23:44.426Z] [ACCESS] GET /api/follow/status/69a07b5cc340cede9866898c - ::1
[2026-04-22T16:23:44.430Z] [ACCESS] GET /api/follow/status/69ccd94bf0258471755c73fa - ::1
[2026-04-22T16:24:07.891Z] [ACCESS] GET /api/chat/chats - ::1
[2026-04-22T16:24:07.896Z] [ACCESS] GET /api/help/help-requests/my - ::1
[2026-04-22T16:24:07.901Z] [ACCESS] GET /api/help/help-requests/volunteering - ::1
[2026-04-22T16:24:07.908Z] [ACCESS] GET /api/help/items/user/me - ::1
[2026-04-22T16:24:07.934Z] [ACCESS] GET /api/help/help-requests/public?page=1&limit=10&type=&urgency=&location=&search=&category=&condition= - ::1
[2026-04-22T16:24:07.942Z] [ACCESS] GET /api/help/items?page=1&limit=12&type=&status=available&urgency=&location=&search=&category=&condition= - ::1
[2026-04-22T16:24:07.996Z] [ACCESS] GET /api/help/nearby-opportunities - ::1
[2026-04-22T16:24:08.030Z] [ACCESS] GET /api/help/items/user/me - ::1
[2026-04-22T16:24:08.043Z] [ACCESS] GET /api/help/help-requests/volunteering - ::1
[2026-04-22T16:24:08.048Z] [ACCESS] GET /api/sos/history - ::1
[2026-04-22T16:24:08.061Z] [ACCESS] GET /api/chat/chats - ::1
[2026-04-22T16:24:08.064Z] [ACCESS] GET /api/help/help-requests/my - ::1
[2026-04-22T16:24:08.076Z] [ACCESS] GET /api/help/help-requests/public?page=1&limit=10&type=&urgency=&location=&search=&category=&condition= - ::1
[2026-04-22T16:24:08.095Z] [ACCESS] GET /api/help/items?page=1&limit=12&type=&status=available&urgency=&location=&search=&category=&condition= - ::1
[2026-04-22T16:24:08.112Z] [ACCESS] GET /api/help/nearby-opportunities - ::1
[2026-04-22T16:24:22.908Z] [ACCESS] GET /api/follow/feed - ::1
[2026-04-22T16:24:22.959Z] [ACCESS] GET /api/sos/history - ::1
[2026-04-22T16:24:22.964Z] [ACCESS] GET /api/follow/feed - ::1
[2026-04-22T16:24:22.971Z] [ACCESS] GET /api/chat/chats - ::1
[2026-04-22T16:24:23.004Z] [ACCESS] GET /api/sos/history - ::1
[2026-04-22T16:24:23.031Z] [ACCESS] GET /api/chat/chats - ::1
[2026-04-22T16:24:25.046Z] [ACCESS] GET /api/elderly/profile/69a07938c340cede98668815 - ::1
[2026-04-22T16:24:25.068Z] [ACCESS] GET /api/elderly/profile/69a07938c340cede98668815 - ::1
[2026-04-22T16:24:25.128Z] [ACCESS] GET /api/sos/history - ::1
[2026-04-22T16:24:25.149Z] [ACCESS] GET /api/sos/history - ::1
[2026-04-22T16:24:25.173Z] [ACCESS] GET /api/chat/chats - ::1
[2026-04-22T16:24:25.191Z] [ACCESS] GET /api/chat/chats - ::1
[2026-04-22T16:24:55.145Z] [ACCESS] GET /api/chat/chats - ::1
[2026-04-22T16:25:25.314Z] [ACCESS] GET /api/chat/chats - ::1
[2026-04-22T16:25:55.303Z] [ACCESS] GET /api/chat/chats - ::1
[2026-04-22T16:26:25.309Z] [ACCESS] GET /api/chat/chats - ::1
[2026-04-22T16:26:55.317Z] [ACCESS] GET /api/chat/chats - ::1
[2026-04-24T06:18:54.547Z] [ACCESS] GET /api/admin-data/users - ::1
[2026-04-24T06:18:54.563Z] [ACCESS] GET /api/admin-data/nlp-status - ::1
[2026-04-24T06:18:54.577Z] [ACCESS] GET /api/admin-data/chat-analytics - ::1
[2026-04-24T06:18:54.560Z] [ACCESS] GET /api/admin-data/posts - ::1
[2026-04-24T06:18:54.556Z] [ACCESS] GET /api/admin-data/stats - ::1
[2026-04-24T06:18:54.581Z] [ACCESS] GET /api/admin-data/logs?type=all&lines=100 - ::1
[2026-04-24T06:18:54.831Z] [ACCESS] GET /api/admin-data/sos - ::1
[2026-04-24T06:18:54.867Z] [ACCESS] GET /api/admin-data/help-requests - ::1
[2026-04-24T06:18:54.879Z] [ACCESS] GET /api/admin-data/logs?type=all&lines=100 - ::1
[2026-04-24T06:18:54.888Z] [ACCESS] GET /api/admin-data/nlp-status - ::1
[2026-04-24T06:18:54.892Z] [ACCESS] GET /api/admin-data/posts - ::1
[2026-04-24T06:18:54.909Z] [ACCESS] GET /api/admin-data/sos - ::1
[2026-04-24T06:18:54.911Z] [ACCESS] GET /api/admin-data/help-requests - ::1
[2026-04-24T06:18:54.916Z] [ACCESS] GET /api/admin-data/users - ::1
[2026-04-24T06:18:54.945Z] [ACCESS] GET /api/admin-data/stats - ::1
[2026-04-24T06:18:54.950Z] [ACCESS] GET /api/admin-data/chat-analytics - ::1
[2026-04-24T06:19:24.533Z] [ACCESS] GET /api/admin-data/stats - ::1
[2026-04-24T06:19:24.536Z] [ACCESS] GET /api/admin-data/users - ::1
[2026-04-24T06:19:24.537Z] [ACCESS] GET /api/admin-data/posts - ::1
[2026-04-24T06:19:24.539Z] [ACCESS] GET /api/admin-data/sos - ::1
[2026-04-24T06:19:24.555Z] [ACCESS] GET /api/admin-data/help-requests - ::1
[2026-04-24T06:19:24.571Z] [ACCESS] GET /api/admin-data/chat-analytics - ::1
[2026-04-24T06:19:24.574Z] [ACCESS] GET /api/admin-data/nlp-status - ::1
[2026-04-24T06:19:24.585Z] [ACCESS] GET /api/admin-data/logs?type=all&lines=100 - ::1
[2026-04-24T06:19:54.702Z] [ACCESS] GET /api/admin-data/stats - ::1
[2026-04-24T06:19:54.705Z] [ACCESS] GET /api/admin-data/users - ::1
[2026-04-24T06:19:54.711Z] [ACCESS] GET /api/admin-data/posts - ::1
[2026-04-24T06:19:54.723Z] [ACCESS] GET /api/admin-data/sos - ::1
[2026-04-24T06:19:54.724Z] [ACCESS] GET /api/admin-data/help-requests - ::1
[2026-04-24T06:19:54.737Z] [ACCESS] GET /api/admin-data/chat-analytics - ::1
[2026-04-24T06:19:54.756Z] [ACCESS] GET /api/admin-data/nlp-status - ::1
[2026-04-24T06:19:54.769Z] [ACCESS] GET /api/admin-data/logs?type=all&lines=100 - ::1
[2026-04-24T06:20:24.698Z] [ACCESS] GET /api/admin-data/stats - ::1
[2026-04-24T06:20:24.703Z] [ACCESS] GET /api/admin-data/users - ::1
[2026-04-24T06:20:24.705Z] [ACCESS] GET /api/admin-data/posts - ::1
[2026-04-24T06:20:24.706Z] [ACCESS] GET /api/admin-data/help-requests - ::1
[2026-04-24T06:20:24.707Z] [ACCESS] GET /api/admin-data/sos - ::1
[2026-04-24T06:20:24.722Z] [ACCESS] GET /api/admin-data/chat-analytics - ::1
[2026-04-24T06:20:24.731Z] [ACCESS] GET /api/admin-data/nlp-status - ::1
[2026-04-24T06:20:24.739Z] [ACCESS] GET /api/admin-data/logs?type=all&lines=100 - ::1
[2026-04-24T06:20:54.695Z] [ACCESS] GET /api/admin-data/stats - ::1
[2026-04-24T06:20:54.697Z] [ACCESS] GET /api/admin-data/users - ::1
[2026-04-24T06:20:54.704Z] [ACCESS] GET /api/admin-data/posts - ::1
[2026-04-24T06:20:54.705Z] [ACCESS] GET /api/admin-data/sos - ::1
[2026-04-24T06:20:54.722Z] [ACCESS] GET /api/admin-data/help-requests - ::1
[2026-04-24T06:20:54.729Z] [ACCESS] GET /api/admin-data/chat-analytics - ::1
[2026-04-24T06:20:54.730Z] [ACCESS] GET /api/admin-data/nlp-status - ::1
[2026-04-24T06:20:54.734Z] [ACCESS] GET /api/admin-data/logs?type=all&lines=100 - ::1
[2026-04-24T06:21:24.697Z] [ACCESS] GET /api/admin-data/stats - ::1
[2026-04-24T06:21:24.699Z] [ACCESS] GET /api/admin-data/users - ::1
[2026-04-24T06:21:24.701Z] [ACCESS] GET /api/admin-data/sos - ::1
[2026-04-24T06:21:24.700Z] [ACCESS] GET /api/admin-data/posts - ::1
[2026-04-24T06:21:24.720Z] [ACCESS] GET /api/admin-data/help-requests - ::1
[2026-04-24T06:21:24.723Z] [ACCESS] GET /api/admin-data/nlp-status - ::1
[2026-04-24T06:21:24.722Z] [ACCESS] GET /api/admin-data/chat-analytics - ::1
[2026-04-24T06:21:24.727Z] [ACCESS] GET /api/admin-data/logs?type=all&lines=100 - ::1
[2026-04-24T06:21:54.701Z] [ACCESS] GET /api/admin-data/stats - ::1
[2026-04-24T06:21:54.702Z] [ACCESS] GET /api/admin-data/users - ::1
[2026-04-24T06:21:54.710Z] [ACCESS] GET /api/admin-data/posts - ::1
[2026-04-24T06:21:54.711Z] [ACCESS] GET /api/admin-data/sos - ::1
[2026-04-24T06:21:54.722Z] [ACCESS] GET /api/admin-data/chat-analytics - ::1
[2026-04-24T06:21:54.729Z] [ACCESS] GET /api/admin-data/nlp-status - ::1
[2026-04-24T06:21:54.723Z] [ACCESS] GET /api/admin-data/help-requests - ::1
[2026-04-24T06:21:54.738Z] [ACCESS] GET /api/admin-data/logs?type=all&lines=100 - ::1
[2026-04-24T06:22:51.701Z] [ACCESS] GET /api/admin-data/stats - ::1
[2026-04-24T06:22:51.702Z] [ACCESS] GET /api/admin-data/users - ::1
[2026-04-24T06:22:51.705Z] [ACCESS] GET /api/admin-data/posts - ::1
[2026-04-24T06:22:51.708Z] [ACCESS] GET /api/admin-data/sos - ::1
[2026-04-24T06:22:51.712Z] [ACCESS] GET /api/admin-data/help-requests - ::1
[2026-04-24T06:22:51.725Z] [ACCESS] GET /api/admin-data/chat-analytics - ::1
[2026-04-24T06:22:51.729Z] [ACCESS] GET /api/admin-data/nlp-status - ::1
[2026-04-24T06:22:51.742Z] [ACCESS] GET /api/admin-data/logs?type=all&lines=100 - ::1
[2026-04-24T06:23:51.696Z] [ACCESS] GET /api/admin-data/stats - ::1
[2026-04-24T06:23:51.698Z] [ACCESS] GET /api/admin-data/users - ::1
[2026-04-24T06:23:51.700Z] [ACCESS] GET /api/admin-data/posts - ::1
[2026-04-24T06:23:51.701Z] [ACCESS] GET /api/admin-data/sos - ::1
[2026-04-24T06:23:51.703Z] [ACCESS] GET /api/admin-data/help-requests - ::1
[2026-04-24T06:23:51.704Z] [ACCESS] GET /api/admin-data/chat-analytics - ::1
[2026-04-24T06:23:51.739Z] [ACCESS] GET /api/admin-data/nlp-status - ::1
[2026-04-24T06:23:51.742Z] [ACCESS] GET /api/admin-data/logs?type=all&lines=100 - ::1
[2026-04-24T06:24:51.690Z] [ACCESS] GET /api/admin-data/stats - ::1
[2026-04-24T06:24:51.691Z] [ACCESS] GET /api/admin-data/users - ::1
[2026-04-24T06:24:51.692Z] [ACCESS] GET /api/admin-data/posts - ::1
[2026-04-24T06:24:51.694Z] [ACCESS] GET /api/admin-data/sos - ::1
[2026-04-24T06:24:51.716Z] [ACCESS] GET /api/admin-data/help-requests - ::1
[2026-04-24T06:24:51.717Z] [ACCESS] GET /api/admin-data/chat-analytics - ::1
[2026-04-24T06:24:51.717Z] [ACCESS] GET /api/admin-data/nlp-status - ::1
[2026-04-24T06:24:51.722Z] [ACCESS] GET /api/admin-data/logs?type=all&lines=100 - ::1
[2026-04-24T06:25:51.698Z] [ACCESS] GET /api/admin-data/stats - ::1
[2026-04-24T06:25:51.700Z] [ACCESS] GET /api/admin-data/users - ::1
[2026-04-24T06:25:51.701Z] [ACCESS] GET /api/admin-data/posts - ::1
[2026-04-24T06:25:51.702Z] [ACCESS] GET /api/admin-data/sos - ::1
[2026-04-24T06:25:51.722Z] [ACCESS] GET /api/admin-data/help-requests - ::1
[2026-04-24T06:25:51.726Z] [ACCESS] GET /api/admin-data/chat-analytics - ::1
[2026-04-24T06:25:51.728Z] [ACCESS] GET /api/admin-data/nlp-status - ::1
[2026-04-24T06:25:51.729Z] [ACCESS] GET /api/admin-data/logs?type=all&lines=100 - ::1
[2026-04-24T06:26:51.690Z] [ACCESS] GET /api/admin-data/stats - ::1
[2026-04-24T06:26:51.693Z] [ACCESS] GET /api/admin-data/users - ::1
[2026-04-24T06:26:51.696Z] [ACCESS] GET /api/admin-data/posts - ::1
[2026-04-24T06:26:51.697Z] [ACCESS] GET /api/admin-data/sos - ::1
[2026-04-24T06:26:51.699Z] [ACCESS] GET /api/admin-data/help-requests - ::1
[2026-04-24T06:26:51.700Z] [ACCESS] GET /api/admin-data/chat-analytics - ::1
[2026-04-24T06:26:51.722Z] [ACCESS] GET /api/admin-data/nlp-status - ::1
[2026-04-24T06:26:51.732Z] [ACCESS] GET /api/admin-data/logs?type=all&lines=100 - ::1
[2026-04-24T06:27:51.690Z] [ACCESS] GET /api/admin-data/stats - ::1
[2026-04-24T06:27:51.696Z] [ACCESS] GET /api/admin-data/users - ::1
[2026-04-24T06:27:51.697Z] [ACCESS] GET /api/admin-data/posts - ::1
[2026-04-24T06:27:51.699Z] [ACCESS] GET /api/admin-data/help-requests - ::1
[2026-04-24T06:27:51.700Z] [ACCESS] GET /api/admin-data/chat-analytics - ::1
[2026-04-24T06:27:51.698Z] [ACCESS] GET /api/admin-data/sos - ::1
[2026-04-24T06:27:51.720Z] [ACCESS] GET /api/admin-data/nlp-status - ::1
[2026-04-24T06:27:51.730Z] [ACCESS] GET /api/admin-data/logs?type=all&lines=100 - ::1
[2026-04-24T06:28:51.697Z] [ACCESS] GET /api/admin-data/stats - ::1
[2026-04-24T06:28:51.701Z] [ACCESS] GET /api/admin-data/sos - ::1
[2026-04-24T06:28:51.704Z] [ACCESS] GET /api/admin-data/users - ::1
[2026-04-24T06:28:51.705Z] [ACCESS] GET /api/admin-data/posts - ::1
[2026-04-24T06:28:51.707Z] [ACCESS] GET /api/admin-data/help-requests - ::1
[2026-04-24T06:28:51.720Z] [ACCESS] GET /api/admin-data/chat-analytics - ::1
[2026-04-24T06:28:51.721Z] [ACCESS] GET /api/admin-data/nlp-status - ::1
[2026-04-24T06:28:51.737Z] [ACCESS] GET /api/admin-data/logs?type=all&lines=100 - ::1
[2026-04-24T06:29:51.698Z] [ACCESS] GET /api/admin-data/stats - ::1
[2026-04-24T06:29:51.700Z] [ACCESS] GET /api/admin-data/users - ::1
[2026-04-24T06:29:51.702Z] [ACCESS] GET /api/admin-data/posts - ::1
[2026-04-24T06:29:51.704Z] [ACCESS] GET /api/admin-data/sos - ::1
[2026-04-24T06:29:51.705Z] [ACCESS] GET /api/admin-data/help-requests - ::1
[2026-04-24T06:29:51.729Z] [ACCESS] GET /api/admin-data/chat-analytics - ::1
[2026-04-24T06:29:51.733Z] [ACCESS] GET /api/admin-data/nlp-status - ::1
[2026-04-24T06:29:51.736Z] [ACCESS] GET /api/admin-data/logs?type=all&lines=100 - ::1
[2026-04-24T06:30:51.690Z] [ACCESS] GET /api/admin-data/stats - ::1
[2026-04-24T06:30:51.694Z] [ACCESS] GET /api/admin-data/users - ::1
[2026-04-24T06:30:51.693Z] [ACCESS] GET /api/admin-data/sos - ::1
[2026-04-24T06:30:51.695Z] [ACCESS] GET /api/admin-data/posts - ::1
[2026-04-24T06:30:51.697Z] [ACCESS] GET /api/admin-data/help-requests - ::1
[2026-04-24T06:30:51.706Z] [ACCESS] GET /api/admin-data/chat-analytics - ::1
[2026-04-24T06:30:51.711Z] [ACCESS] GET /api/admin-data/nlp-status - ::1
[2026-04-24T06:30:51.732Z] [ACCESS] GET /api/admin-data/logs?type=all&lines=100 - ::1
[2026-04-24T06:31:48.523Z] [ACCESS] GET /api/admin-data/posts - ::1
[2026-04-24T06:31:48.531Z] [ACCESS] GET /api/admin-data/users - ::1
[2026-04-24T06:31:48.533Z] [ACCESS] GET /api/admin-data/stats - ::1
[2026-04-24T06:31:48.534Z] [ACCESS] GET /api/admin-data/nlp-status - ::1
[2026-04-24T06:31:48.537Z] [ACCESS] GET /api/admin-data/help-requests - ::1
[2026-04-24T06:31:48.536Z] [ACCESS] GET /api/admin-data/chat-analytics - ::1
[2026-04-24T06:31:48.570Z] [ACCESS] GET /api/admin-data/sos - ::1
[2026-04-24T06:31:48.580Z] [ACCESS] GET /api/admin-data/logs?type=all&lines=100 - ::1
[2026-04-24T06:31:54.701Z] [ACCESS] GET /api/admin-data/stats - ::1
[2026-04-24T06:31:54.705Z] [ACCESS] GET /api/admin-data/users - ::1
[2026-04-24T06:31:54.706Z] [ACCESS] GET /api/admin-data/posts - ::1
[2026-04-24T06:31:54.707Z] [ACCESS] GET /api/admin-data/sos - ::1
[2026-04-24T06:31:54.718Z] [ACCESS] GET /api/admin-data/help-requests - ::1
[2026-04-24T06:31:54.719Z] [ACCESS] GET /api/admin-data/chat-analytics - ::1
[2026-04-24T06:31:54.732Z] [ACCESS] GET /api/admin-data/nlp-status - ::1
[2026-04-24T06:31:54.752Z] [ACCESS] GET /api/admin-data/logs?type=all&lines=100 - ::1
[2026-04-24T06:32:24.700Z] [ACCESS] GET /api/admin-data/stats - ::1
[2026-04-24T06:32:24.704Z] [ACCESS] GET /api/admin-data/sos - ::1
[2026-04-24T06:32:24.705Z] [ACCESS] GET /api/admin-data/users - ::1
[2026-04-24T06:32:24.705Z] [ACCESS] GET /api/admin-data/posts - ::1
[2026-04-24T06:32:24.706Z] [ACCESS] GET /api/admin-data/help-requests - ::1
[2026-04-24T06:32:24.708Z] [ACCESS] GET /api/admin-data/chat-analytics - ::1
[2026-04-24T06:32:24.720Z] [ACCESS] GET /api/admin-data/nlp-status - ::1
[2026-04-24T06:32:24.734Z] [ACCESS] GET /api/admin-data/logs?type=all&lines=100 - ::1
[2026-04-24T06:33:51.692Z] [ACCESS] GET /api/admin-data/stats - ::1
[2026-04-24T06:33:51.693Z] [ACCESS] GET /api/admin-data/users - ::1
[2026-04-24T06:33:51.695Z] [ACCESS] GET /api/admin-data/posts - ::1
[2026-04-24T06:33:51.696Z] [ACCESS] GET /api/admin-data/sos - ::1
[2026-04-24T06:33:51.696Z] [ACCESS] GET /api/admin-data/help-requests - ::1
[2026-04-24T06:33:51.720Z] [ACCESS] GET /api/admin-data/chat-analytics - ::1
[2026-04-24T06:33:51.721Z] [ACCESS] GET /api/admin-data/nlp-status - ::1
[2026-04-24T06:33:51.723Z] [ACCESS] GET /api/admin-data/logs?type=all&lines=100 - ::1
[2026-04-24T06:34:51.702Z] [ACCESS] GET /api/admin-data/stats - ::1
[2026-04-24T06:34:51.703Z] [ACCESS] GET /api/admin-data/users - ::1
[2026-04-24T06:34:51.704Z] [ACCESS] GET /api/admin-data/posts - ::1
[2026-04-24T06:34:51.705Z] [ACCESS] GET /api/admin-data/sos - ::1
[2026-04-24T06:34:51.707Z] [ACCESS] GET /api/admin-data/help-requests - ::1
[2026-04-24T06:34:51.754Z] [ACCESS] GET /api/admin-data/chat-analytics - ::1
[2026-04-24T06:34:51.771Z] [ACCESS] GET /api/admin-data/nlp-status - ::1
[2026-04-24T06:34:51.773Z] [ACCESS] GET /api/admin-data/logs?type=all&lines=100 - ::1
[2026-04-24T06:35:51.691Z] [ACCESS] GET /api/admin-data/stats - ::1
[2026-04-24T06:35:51.692Z] [ACCESS] GET /api/admin-data/users - ::1
[2026-04-24T06:35:51.694Z] [ACCESS] GET /api/admin-data/posts - ::1
[2026-04-24T06:35:51.695Z] [ACCESS] GET /api/admin-data/sos - ::1
[2026-04-24T06:35:51.705Z] [ACCESS] GET /api/admin-data/help-requests - ::1
[2026-04-24T06:35:51.719Z] [ACCESS] GET /api/admin-data/chat-analytics - ::1
[2026-04-24T06:35:51.721Z] [ACCESS] GET /api/admin-data/nlp-status - ::1
[2026-04-24T06:35:51.731Z] [ACCESS] GET /api/admin-data/logs?type=all&lines=100 - ::1
[2026-04-24T06:36:41.333Z] [ACCESS] GET /api/admin-data/users - ::1
[2026-04-24T06:36:41.338Z] [ACCESS] GET /api/admin-data/stats - ::1
[2026-04-24T06:36:41.339Z] [ACCESS] GET /api/admin-data/sos - ::1
[2026-04-24T06:36:41.341Z] [ACCESS] GET /api/admin-data/posts - ::1
[2026-04-24T06:36:41.343Z] [ACCESS] GET /api/admin-data/nlp-status - ::1
[2026-04-24T06:36:41.345Z] [ACCESS] GET /api/admin-data/chat-analytics - ::1
[2026-04-24T06:36:41.369Z] [ACCESS] GET /api/admin-data/help-requests - ::1
[2026-04-24T06:36:41.376Z] [ACCESS] GET /api/admin-data/logs?type=all&lines=100 - ::1
[2026-04-24T06:36:54.702Z] [ACCESS] GET /api/admin-data/stats - ::1
[2026-04-24T06:36:54.705Z] [ACCESS] GET /api/admin-data/users - ::1
[2026-04-24T06:36:54.707Z] [ACCESS] GET /api/admin-data/sos - ::1
[2026-04-24T06:36:54.706Z] [ACCESS] GET /api/admin-data/posts - ::1
[2026-04-24T06:36:54.707Z] [ACCESS] GET /api/admin-data/help-requests - ::1
[2026-04-24T06:36:54.712Z] [ACCESS] GET /api/admin-data/chat-analytics - ::1
[2026-04-24T06:36:54.732Z] [ACCESS] GET /api/admin-data/nlp-status - ::1
[2026-04-24T06:36:54.742Z] [ACCESS] GET /api/admin-data/logs?type=all&lines=100 - ::1
[2026-04-24T06:37:24.692Z] [ACCESS] GET /api/admin-data/stats - ::1
[2026-04-24T06:37:24.695Z] [ACCESS] GET /api/admin-data/users - ::1
[2026-04-24T06:37:24.696Z] [ACCESS] GET /api/admin-data/posts - ::1
[2026-04-24T06:37:24.698Z] [ACCESS] GET /api/admin-data/sos - ::1
[2026-04-24T06:37:24.699Z] [ACCESS] GET /api/admin-data/help-requests - ::1
[2026-04-24T06:37:24.703Z] [ACCESS] GET /api/admin-data/nlp-status - ::1
[2026-04-24T06:37:24.723Z] [ACCESS] GET /api/admin-data/chat-analytics - ::1
[2026-04-24T06:37:24.729Z] [ACCESS] GET /api/admin-data/logs?type=all&lines=100 - ::1
[2026-04-24T06:37:58.484Z] [ACCESS] GET /api/admin-data/stats - ::1
[2026-04-24T06:37:58.485Z] [ACCESS] GET /api/admin-data/users - ::1
[2026-04-24T06:37:58.487Z] [ACCESS] GET /api/admin-data/posts - ::1
[2026-04-24T06:37:58.491Z] [ACCESS] GET /api/admin-data/sos - ::1
[2026-04-24T06:37:58.492Z] [ACCESS] GET /api/admin-data/help-requests - ::1
[2026-04-24T06:37:58.494Z] [ACCESS] GET /api/admin-data/chat-analytics - ::1
[2026-04-24T06:37:58.531Z] [ACCESS] GET /api/admin-data/nlp-status - ::1
[2026-04-24T06:37:58.532Z] [ACCESS] GET /api/admin-data/logs?type=all&lines=100 - ::1
[2026-04-24T06:38:24.694Z] [ACCESS] GET /api/admin-data/stats - ::1
[2026-04-24T06:38:24.695Z] [ACCESS] GET /api/admin-data/users - ::1
[2026-04-24T06:38:24.700Z] [ACCESS] GET /api/admin-data/posts - ::1
[2026-04-24T06:38:24.704Z] [ACCESS] GET /api/admin-data/chat-analytics - ::1
[2026-04-24T06:38:24.703Z] [ACCESS] GET /api/admin-data/help-requests - ::1
[2026-04-24T06:38:24.701Z] [ACCESS] GET /api/admin-data/sos - ::1
[2026-04-24T06:38:24.722Z] [ACCESS] GET /api/admin-data/nlp-status - ::1
[2026-04-24T06:38:24.731Z] [ACCESS] GET /api/admin-data/logs?type=all&lines=100 - ::1
[2026-04-24T06:38:54.694Z] [ACCESS] GET /api/admin-data/stats - ::1
[2026-04-24T06:38:54.697Z] [ACCESS] GET /api/admin-data/users - ::1
[2026-04-24T06:38:54.698Z] [ACCESS] GET /api/admin-data/posts - ::1
[2026-04-24T06:38:54.699Z] [ACCESS] GET /api/admin-data/sos - ::1
[2026-04-24T06:38:54.710Z] [ACCESS] GET /api/admin-data/help-requests - ::1
[2026-04-24T06:38:54.711Z] [ACCESS] GET /api/admin-data/chat-analytics - ::1
[2026-04-24T06:38:54.718Z] [ACCESS] GET /api/admin-data/nlp-status - ::1
[2026-04-24T06:38:54.752Z] [ACCESS] GET /api/admin-data/logs?type=all&lines=100 - ::1
[2026-04-24T06:39:24.693Z] [ACCESS] GET /api/admin-data/stats - ::1
[2026-04-24T06:39:24.702Z] [ACCESS] GET /api/admin-data/users - ::1
[2026-04-24T06:39:24.715Z] [ACCESS] GET /api/admin-data/posts - ::1
[2026-04-24T06:39:24.727Z] [ACCESS] GET /api/admin-data/sos - ::1
[2026-04-24T06:39:24.728Z] [ACCESS] GET /api/admin-data/help-requests - ::1
[2026-04-24T06:39:24.732Z] [ACCESS] GET /api/admin-data/chat-analytics - ::1
[2026-04-24T06:39:24.738Z] [ACCESS] GET /api/admin-data/nlp-status - ::1
[2026-04-24T06:39:24.739Z] [ACCESS] GET /api/admin-data/logs?type=all&lines=100 - ::1
[2026-04-24T06:39:54.689Z] [ACCESS] GET /api/admin-data/stats - ::1
[2026-04-24T06:39:54.690Z] [ACCESS] GET /api/admin-data/users - ::1
[2026-04-24T06:39:54.691Z] [ACCESS] GET /api/admin-data/posts - ::1
[2026-04-24T06:39:54.692Z] [ACCESS] GET /api/admin-data/sos - ::1
[2026-04-24T06:39:54.702Z] [ACCESS] GET /api/admin-data/help-requests - ::1
[2026-04-24T06:39:54.713Z] [ACCESS] GET /api/admin-data/chat-analytics - ::1
[2026-04-24T06:39:54.714Z] [ACCESS] GET /api/admin-data/nlp-status - ::1
[2026-04-24T06:39:54.720Z] [ACCESS] GET /api/admin-data/logs?type=all&lines=100 - ::1
[2026-04-24T06:40:51.701Z] [ACCESS] GET /api/admin-data/stats - ::1
[2026-04-24T06:40:51.701Z] [ACCESS] GET /api/admin-data/users - ::1
[2026-04-24T06:40:51.702Z] [ACCESS] GET /api/admin-data/posts - ::1
[2026-04-24T06:40:51.703Z] [ACCESS] GET /api/admin-data/sos - ::1
[2026-04-24T06:40:51.704Z] [ACCESS] GET /api/admin-data/help-requests - ::1
[2026-04-24T06:40:51.729Z] [ACCESS] GET /api/admin-data/chat-analytics - ::1
[2026-04-24T06:40:51.733Z] [ACCESS] GET /api/admin-data/nlp-status - ::1
[2026-04-24T06:40:51.736Z] [ACCESS] GET /api/admin-data/logs?type=all&lines=100 - ::1
[2026-04-24T06:41:51.695Z] [ACCESS] GET /api/admin-data/stats - ::1
[2026-04-24T06:41:51.700Z] [ACCESS] GET /api/admin-data/users - ::1
[2026-04-24T06:41:51.702Z] [ACCESS] GET /api/admin-data/posts - ::1
[2026-04-24T06:41:51.703Z] [ACCESS] GET /api/admin-data/sos - ::1
[2026-04-24T06:41:51.705Z] [ACCESS] GET /api/admin-data/chat-analytics - ::1
[2026-04-24T06:41:51.706Z] [ACCESS] GET /api/admin-data/help-requests - ::1
[2026-04-24T06:41:51.742Z] [ACCESS] GET /api/admin-data/nlp-status - ::1
[2026-04-24T06:41:51.746Z] [ACCESS] GET /api/admin-data/logs?type=all&lines=100 - ::1
[2026-04-24T06:42:51.688Z] [ACCESS] GET /api/admin-data/stats - ::1
[2026-04-24T06:42:51.690Z] [ACCESS] GET /api/admin-data/users - ::1
[2026-04-24T06:42:51.694Z] [ACCESS] GET /api/admin-data/posts - ::1
[2026-04-24T06:42:51.696Z] [ACCESS] GET /api/admin-data/sos - ::1
[2026-04-24T06:42:51.698Z] [ACCESS] GET /api/admin-data/help-requests - ::1
[2026-04-24T06:42:51.699Z] [ACCESS] GET /api/admin-data/chat-analytics - ::1
[2026-04-24T06:42:51.720Z] [ACCESS] GET /api/admin-data/nlp-status - ::1
[2026-04-24T06:42:51.727Z] [ACCESS] GET /api/admin-data/logs?type=all&lines=100 - ::1
[2026-04-24T06:43:51.694Z] [ACCESS] GET /api/admin-data/stats - ::1
[2026-04-24T06:43:51.696Z] [ACCESS] GET /api/admin-data/users - ::1
[2026-04-24T06:43:51.698Z] [ACCESS] GET /api/admin-data/posts - ::1
[2026-04-24T06:43:51.700Z] [ACCESS] GET /api/admin-data/sos - ::1
[2026-04-24T06:43:51.701Z] [ACCESS] GET /api/admin-data/help-requests - ::1
[2026-04-24T06:43:51.714Z] [ACCESS] GET /api/admin-data/chat-analytics - ::1
[2026-04-24T06:43:51.721Z] [ACCESS] GET /api/admin-data/nlp-status - ::1
[2026-04-24T06:43:51.729Z] [ACCESS] GET /api/admin-data/logs?type=all&lines=100 - ::1
[2026-04-24T06:44:23.320Z] [ACCESS] POST /api/elderly/register - ::1
[2026-04-24T06:44:51.700Z] [ACCESS] GET /api/admin-data/stats - ::1
[2026-04-24T06:44:51.700Z] [ACCESS] GET /api/admin-data/users - ::1
[2026-04-24T06:44:51.701Z] [ACCESS] GET /api/admin-data/posts - ::1
[2026-04-24T06:44:51.703Z] [ACCESS] GET /api/admin-data/sos - ::1
[2026-04-24T06:44:51.706Z] [ACCESS] GET /api/admin-data/chat-analytics - ::1
[2026-04-24T06:44:51.705Z] [ACCESS] GET /api/admin-data/help-requests - ::1
[2026-04-24T06:44:51.732Z] [ACCESS] GET /api/admin-data/nlp-status - ::1
[2026-04-24T06:44:51.746Z] [ACCESS] GET /api/admin-data/logs?type=all&lines=100 - ::1
[2026-04-24T06:44:54.535Z] [ACCESS] GET /api/admin-data/stats - ::1
[2026-04-24T06:44:54.536Z] [ACCESS] GET /api/admin-data/users - ::1
[2026-04-24T06:44:54.538Z] [ACCESS] GET /api/admin-data/posts - ::1
[2026-04-24T06:44:54.539Z] [ACCESS] GET /api/admin-data/sos - ::1
[2026-04-24T06:44:54.540Z] [ACCESS] GET /api/admin-data/help-requests - ::1
[2026-04-24T06:44:54.541Z] [ACCESS] GET /api/admin-data/chat-analytics - ::1
[2026-04-24T06:44:54.568Z] [ACCESS] GET /api/admin-data/nlp-status - ::1
[2026-04-24T06:44:54.580Z] [ACCESS] GET /api/admin-data/logs?type=all&lines=100 - ::1
[2026-04-24T06:45:24.692Z] [ACCESS] GET /api/admin-data/stats - ::1
[2026-04-24T06:45:24.692Z] [ACCESS] GET /api/admin-data/users - ::1
[2026-04-24T06:45:24.693Z] [ACCESS] GET /api/admin-data/posts - ::1
[2026-04-24T06:45:24.694Z] [ACCESS] GET /api/admin-data/sos - ::1
[2026-04-24T06:45:24.695Z] [ACCESS] GET /api/admin-data/help-requests - ::1
[2026-04-24T06:45:24.696Z] [ACCESS] GET /api/admin-data/chat-analytics - ::1
[2026-04-24T06:45:24.717Z] [ACCESS] GET /api/admin-data/nlp-status - ::1
[2026-04-24T06:45:24.753Z] [ACCESS] GET /api/admin-data/logs?type=all&lines=100 - ::1
[2026-04-24T06:45:54.691Z] [ACCESS] GET /api/admin-data/stats - ::1
[2026-04-24T06:45:54.692Z] [ACCESS] GET /api/admin-data/users - ::1
[2026-04-24T06:45:54.693Z] [ACCESS] GET /api/admin-data/posts - ::1
[2026-04-24T06:45:54.694Z] [ACCESS] GET /api/admin-data/sos - ::1
[2026-04-24T06:45:54.695Z] [ACCESS] GET /api/admin-data/help-requests - ::1
[2026-04-24T06:45:54.724Z] [ACCESS] GET /api/admin-data/chat-analytics - ::1
[2026-04-24T06:45:54.728Z] [ACCESS] GET /api/admin-data/nlp-status - ::1
[2026-04-24T06:45:54.729Z] [ACCESS] GET /api/admin-data/logs?type=all&lines=100 - ::1
[2026-04-24T06:46:51.702Z] [ACCESS] GET /api/admin-data/stats - ::1
[2026-04-24T06:46:51.703Z] [ACCESS] GET /api/admin-data/users - ::1
[2026-04-24T06:46:51.709Z] [ACCESS] GET /api/admin-data/posts - ::1
[2026-04-24T06:46:51.710Z] [ACCESS] GET /api/admin-data/help-requests - ::1
[2026-04-24T06:46:51.711Z] [ACCESS] GET /api/admin-data/chat-analytics - ::1
[2026-04-24T06:46:51.715Z] [ACCESS] GET /api/admin-data/nlp-status - ::1
[2026-04-24T06:46:51.747Z] [ACCESS] GET /api/admin-data/sos - ::1
[2026-04-24T06:46:51.749Z] [ACCESS] GET /api/admin-data/logs?type=all&lines=100 - ::1
[2026-04-24T06:47:14.722Z] [ACCESS] POST /api/elderly/register - ::1
[2026-04-24T06:47:28.202Z] [ACCESS] POST /api/elderly/login - ::1
[2026-04-24T06:47:28.328Z] [ACCESS] GET /api/follow/feed - ::1
[2026-04-24T06:47:28.344Z] [ACCESS] GET /api/follow/feed - ::1
[2026-04-24T06:47:28.441Z] [ACCESS] GET /api/sos/history - ::1
[2026-04-24T06:47:28.443Z] [ACCESS] GET /api/chat/chats - ::1
[2026-04-24T06:47:28.450Z] [ACCESS] GET /api/sos/history - ::1
[2026-04-24T06:47:28.453Z] [ACCESS] GET /api/chat/chats - ::1
[2026-04-24T06:47:42.524Z] [ACCESS] GET /api/follow/feed - ::1
[2026-04-24T06:47:42.542Z] [ACCESS] GET /api/follow/feed - ::1
[2026-04-24T06:47:42.667Z] [ACCESS] GET /api/sos/history - ::1
[2026-04-24T06:47:42.675Z] [ACCESS] GET /api/sos/history - ::1
[2026-04-24T06:47:42.683Z] [ACCESS] GET /api/chat/chats - ::1
[2026-04-24T06:47:42.694Z] [ACCESS] GET /api/chat/chats - ::1
[2026-04-24T06:47:51.738Z] [ACCESS] GET /api/admin-data/stats - ::1
[2026-04-24T06:47:51.752Z] [ACCESS] GET /api/admin-data/users - ::1
[2026-04-24T06:47:51.793Z] [ACCESS] GET /api/admin-data/posts - ::1
[2026-04-24T06:47:51.810Z] [ACCESS] GET /api/admin-data/sos - ::1
[2026-04-24T06:47:51.811Z] [ACCESS] GET /api/admin-data/help-requests - ::1
[2026-04-24T06:47:51.812Z] [ACCESS] GET /api/admin-data/chat-analytics - ::1
[2026-04-24T06:47:51.814Z] [ACCESS] GET /api/admin-data/nlp-status - ::1
[2026-04-24T06:47:51.817Z] [ACCESS] GET /api/admin-data/logs?type=all&lines=100 - ::1
[2026-04-24T06:47:51.884Z] [ACCESS] GET /api/follow/feed - ::1
[2026-04-24T06:47:51.920Z] [ACCESS] GET /api/sos/history - ::1
[2026-04-24T06:47:51.924Z] [ACCESS] GET /api/chat/chats - ::1
[2026-04-24T06:47:51.937Z] [ACCESS] GET /api/chat/chats - ::1
[2026-04-24T06:47:51.941Z] [ACCESS] GET /api/sos/history - ::1
[2026-04-24T06:47:51.963Z] [ACCESS] GET /api/follow/feed - ::1
[2026-04-24T06:48:07.773Z] [ACCESS] GET /api/elderly/profile/69eb11f2f55a756ae4e91c8a - ::1
[2026-04-24T06:48:07.780Z] [ACCESS] GET /api/elderly/posts/user/69eb11f2f55a756ae4e91c8a - ::1
[2026-04-24T06:48:07.788Z] [ACCESS] GET /api/elderly/profile/69eb11f2f55a756ae4e91c8a - ::1
[2026-04-24T06:48:07.798Z] [ACCESS] GET /api/elderly/posts/user/69eb11f2f55a756ae4e91c8a - ::1
[2026-04-24T06:48:07.827Z] [ACCESS] GET /api/sos/history - ::1
[2026-04-24T06:48:07.835Z] [ACCESS] GET /api/sos/history - ::1
[2026-04-24T06:48:07.853Z] [ACCESS] GET /api/chat/chats - ::1
[2026-04-24T06:48:07.863Z] [ACCESS] GET /api/chat/chats - ::1
[2026-04-24T06:48:18.898Z] [ACCESS] GET /api/follow/following/69eb11f2f55a756ae4e91c8a - ::1
[2026-04-24T06:48:32.344Z] [ACCESS] POST /api/elderly/posts - ::1
[2026-04-24T06:48:37.827Z] [ACCESS] GET /api/chat/chats - ::1
[2026-04-24T06:48:38.126Z] [ACCESS] POST /api/elderly/posts/69eb1240f55a756ae4e91d04/like - ::1
[2026-04-24T06:48:38.141Z] [ACCESS] GET /api/elderly/posts/user/69eb11f2f55a756ae4e91c8a - ::1
[2026-04-24T06:48:39.742Z] [ACCESS] POST /api/elderly/posts/69eb1240f55a756ae4e91d04/like - ::1
[2026-04-24T06:48:39.752Z] [ACCESS] GET /api/elderly/posts/user/69eb11f2f55a756ae4e91c8a - ::1
[2026-04-24T06:48:44.613Z] [ACCESS] GET /api/chat/chats - ::1
[2026-04-24T06:48:44.616Z] [ACCESS] GET /api/elderly/users/suggested?limit=3 - ::1
[2026-04-24T06:48:44.619Z] [ACCESS] GET /api/elderly/users/all - ::1
[2026-04-24T06:48:44.714Z] [ACCESS] GET /api/chat/chats - ::1
[2026-04-24T06:48:44.872Z] [ACCESS] GET /api/elderly/users/all - ::1
[2026-04-24T06:48:44.882Z] [ACCESS] GET /api/elderly/users/suggested?limit=3 - ::1
[2026-04-24T06:48:44.903Z] [ACCESS] GET /api/follow/status/69a07b5cc340cede9866898c - ::1
[2026-04-24T06:48:44.927Z] [ACCESS] GET /api/follow/status/69a07e11c340cede98668aff - ::1
[2026-04-24T06:48:44.938Z] [ACCESS] GET /api/follow/status/69a07c4fc340cede986689f9 - ::1
[2026-04-24T06:48:44.943Z] [ACCESS] GET /api/follow/status/69a07938c340cede98668815 - ::1
[2026-04-24T06:48:45.101Z] [ACCESS] GET /api/follow/status/69a07d12c340cede98668a79 - ::1
[2026-04-24T06:48:45.122Z] [ACCESS] GET /api/follow/status/69e8d19aeb490b1a0c11f38c - ::1
[2026-04-24T06:48:45.125Z] [ACCESS] GET /api/follow/status/69ccc52df8485d977a7fc7d3 - ::1
[2026-04-24T06:48:45.152Z] [ACCESS] GET /api/follow/status/69ccd94bf0258471755c73fa - ::1
[2026-04-24T06:48:45.174Z] [ACCESS] GET /api/follow/status/69a07b5cc340cede9866898c - ::1
[2026-04-24T06:48:45.196Z] [ACCESS] GET /api/follow/status/69a07e11c340cede98668aff - ::1
[2026-04-24T06:48:45.202Z] [ACCESS] GET /api/follow/status/69a07938c340cede98668815 - ::1
[2026-04-24T06:48:45.208Z] [ACCESS] GET /api/follow/status/69a07c4fc340cede986689f9 - ::1
[2026-04-24T06:48:45.213Z] [ACCESS] GET /api/follow/status/69a07d12c340cede98668a79 - ::1
[2026-04-24T06:48:45.224Z] [ACCESS] GET /api/sos/history - ::1
[2026-04-24T06:48:45.244Z] [ACCESS] GET /api/follow/status/69ccc52df8485d977a7fc7d3 - ::1
[2026-04-24T06:48:45.252Z] [ACCESS] GET /api/follow/status/69e8d19aeb490b1a0c11f38c - ::1
[2026-04-24T06:48:45.257Z] [ACCESS] GET /api/follow/status/69ccd94bf0258471755c73fa - ::1
[2026-04-24T06:48:45.262Z] [ACCESS] GET /api/sos/history - ::1
[2026-04-24T06:48:51.692Z] [ACCESS] GET /api/admin-data/stats - ::1
[2026-04-24T06:48:51.693Z] [ACCESS] GET /api/admin-data/users - ::1
[2026-04-24T06:48:51.694Z] [ACCESS] GET /api/admin-data/posts - ::1
[2026-04-24T06:48:51.694Z] [ACCESS] GET /api/admin-data/sos - ::1
[2026-04-24T06:48:51.696Z] [ACCESS] GET /api/admin-data/help-requests - ::1
[2026-04-24T06:48:51.705Z] [ACCESS] GET /api/admin-data/chat-analytics - ::1
[2026-04-24T06:48:51.715Z] [ACCESS] GET /api/admin-data/nlp-status - ::1
[2026-04-24T06:48:51.727Z] [ACCESS] GET /api/admin-data/logs?type=all&lines=100 - ::1
[2026-04-24T06:49:14.609Z] [ACCESS] GET /api/chat/chats - ::1
[2026-04-24T06:49:41.956Z] [ACCESS] GET /api/elderly/profile/69a07b5cc340cede9866898c - ::1
[2026-04-24T06:49:41.958Z] [ACCESS] GET /api/elderly/posts/user/69a07b5cc340cede9866898c - ::1
[2026-04-24T06:49:41.966Z] [ACCESS] GET /api/elderly/profile/69a07b5cc340cede9866898c - ::1
[2026-04-24T06:49:41.983Z] [ACCESS] GET /api/elderly/posts/user/69a07b5cc340cede9866898c - ::1
[2026-04-24T06:49:42.024Z] [ACCESS] GET /api/sos/history - ::1
[2026-04-24T06:49:42.032Z] [ACCESS] GET /api/sos/history - ::1
[2026-04-24T06:49:42.047Z] [ACCESS] GET /api/follow/followers/69a07b5cc340cede9866898c - ::1
[2026-04-24T06:49:42.050Z] [ACCESS] GET /api/chat/chats - ::1
[2026-04-24T06:49:42.052Z] [ACCESS] GET /api/follow/status/69a07b5cc340cede9866898c - ::1
[2026-04-24T06:49:42.080Z] [ACCESS] GET /api/chat/chats - ::1
[2026-04-24T06:49:42.083Z] [ACCESS] GET /api/follow/followers/69a07b5cc340cede9866898c - ::1
[2026-04-24T06:49:42.102Z] [ACCESS] GET /api/follow/status/69a07b5cc340cede9866898c - ::1
[2026-04-24T06:49:42.116Z] [ACCESS] GET /api/follow/following/69a07b5cc340cede9866898c - ::1
[2026-04-24T06:49:42.127Z] [ACCESS] GET /api/follow/following/69a07b5cc340cede9866898c - ::1
[2026-04-24T06:49:50.405Z] [ACCESS] GET /api/chat/chats - ::1
[2026-04-24T06:49:50.409Z] [ACCESS] GET /api/elderly/users/suggested?limit=3 - ::1
[2026-04-24T06:49:50.412Z] [ACCESS] GET /api/elderly/users/all - ::1
[2026-04-24T06:49:50.425Z] [ACCESS] GET /api/chat/chats - ::1
[2026-04-24T06:49:50.494Z] [ACCESS] GET /api/elderly/users/suggested?limit=3 - ::1
[2026-04-24T06:49:50.501Z] [ACCESS] GET /api/elderly/users/all - ::1
[2026-04-24T06:49:50.577Z] [ACCESS] GET /api/follow/status/69a07b5cc340cede9866898c - ::1
[2026-04-24T06:49:50.584Z] [ACCESS] GET /api/follow/status/69a07e11c340cede98668aff - ::1
[2026-04-24T06:49:50.589Z] [ACCESS] GET /api/follow/status/69a07d12c340cede98668a79 - ::1
[2026-04-24T06:49:50.591Z] [ACCESS] GET /api/follow/status/69a07c4fc340cede986689f9 - ::1
[2026-04-24T06:49:50.593Z] [ACCESS] GET /api/follow/status/69a07938c340cede98668815 - ::1
[2026-04-24T06:49:50.601Z] [ACCESS] GET /api/follow/status/69e8d19aeb490b1a0c11f38c - ::1
[2026-04-24T06:49:50.640Z] [ACCESS] GET /api/follow/status/69ccc52df8485d977a7fc7d3 - ::1
[2026-04-24T06:49:50.643Z] [ACCESS] GET /api/follow/status/69ccd94bf0258471755c73fa - ::1
[2026-04-24T06:49:50.672Z] [ACCESS] GET /api/follow/status/69a07b5cc340cede9866898c - ::1
[2026-04-24T06:49:50.694Z] [ACCESS] GET /api/follow/status/69a07e11c340cede98668aff - ::1
[2026-04-24T06:49:50.699Z] [ACCESS] GET /api/follow/status/69a07d12c340cede98668a79 - ::1
[2026-04-24T06:49:50.703Z] [ACCESS] GET /api/follow/status/69a07c4fc340cede986689f9 - ::1
[2026-04-24T06:49:50.710Z] [ACCESS] GET /api/follow/status/69a07938c340cede98668815 - ::1
[2026-04-24T06:49:50.724Z] [ACCESS] GET /api/follow/status/69e8d19aeb490b1a0c11f38c - ::1
[2026-04-24T06:49:50.729Z] [ACCESS] GET /api/sos/history - ::1
[2026-04-24T06:49:50.732Z] [ACCESS] GET /api/follow/status/69ccc52df8485d977a7fc7d3 - ::1
[2026-04-24T06:49:50.736Z] [ACCESS] GET /api/follow/status/69ccd94bf0258471755c73fa - ::1
[2026-04-24T06:49:50.813Z] [ACCESS] GET /api/sos/history - ::1
[2026-04-24T06:49:51.696Z] [ACCESS] GET /api/admin-data/stats - ::1
[2026-04-24T06:49:51.697Z] [ACCESS] GET /api/admin-data/users - ::1
[2026-04-24T06:49:51.699Z] [ACCESS] GET /api/admin-data/posts - ::1
[2026-04-24T06:49:51.700Z] [ACCESS] GET /api/admin-data/sos - ::1
[2026-04-24T06:49:51.724Z] [ACCESS] GET /api/admin-data/help-requests - ::1
[2026-04-24T06:49:51.726Z] [ACCESS] GET /api/admin-data/chat-analytics - ::1
[2026-04-24T06:49:51.729Z] [ACCESS] GET /api/admin-data/nlp-status - ::1
[2026-04-24T06:49:51.731Z] [ACCESS] GET /api/admin-data/logs?type=all&lines=100 - ::1
[2026-04-24T06:49:54.051Z] [ACCESS] POST /api/follow/follow/69a07b5cc340cede9866898c - ::1
[2026-04-24T06:49:56.620Z] [ACCESS] GET /api/follow/feed - ::1
[2026-04-24T06:49:56.641Z] [ACCESS] GET /api/sos/history - ::1
[2026-04-24T06:49:56.645Z] [ACCESS] GET /api/chat/chats - ::1
[2026-04-24T06:49:56.657Z] [ACCESS] GET /api/sos/history - ::1
[2026-04-24T06:49:56.661Z] [ACCESS] GET /api/chat/chats - ::1
[2026-04-24T06:49:56.668Z] [ACCESS] GET /api/follow/feed - ::1
[2026-04-24T06:50:02.428Z] [ACCESS] GET /api/elderly/profile/69eb11f2f55a756ae4e91c8a - ::1
[2026-04-24T06:50:02.430Z] [ACCESS] GET /api/elderly/posts/user/69eb11f2f55a756ae4e91c8a - ::1
[2026-04-24T06:50:02.441Z] [ACCESS] GET /api/elderly/profile/69eb11f2f55a756ae4e91c8a - ::1
[2026-04-24T06:50:02.448Z] [ACCESS] GET /api/elderly/posts/user/69eb11f2f55a756ae4e91c8a - ::1
[2026-04-24T06:50:02.503Z] [ACCESS] GET /api/sos/history - ::1
[2026-04-24T06:50:02.510Z] [ACCESS] GET /api/sos/history - ::1
[2026-04-24T06:50:02.521Z] [ACCESS] GET /api/chat/chats - ::1
[2026-04-24T06:50:02.527Z] [ACCESS] GET /api/chat/chats - ::1
[2026-04-24T06:50:02.901Z] [ACCESS] GET /api/chat/chats - ::1
[2026-04-24T06:50:02.904Z] [ACCESS] GET /api/elderly/users/all - ::1
[2026-04-24T06:50:02.907Z] [ACCESS] GET /api/elderly/users/suggested?limit=3 - ::1
[2026-04-24T06:50:02.919Z] [ACCESS] GET /api/chat/chats - ::1
[2026-04-24T06:50:03.000Z] [ACCESS] GET /api/elderly/users/all - ::1
[2026-04-24T06:50:03.012Z] [ACCESS] GET /api/sos/history - ::1
[2026-04-24T06:50:03.014Z] [ACCESS] GET /api/elderly/users/suggested?limit=3 - ::1
[2026-04-24T06:50:03.047Z] [ACCESS] GET /api/follow/status/69a07b5cc340cede9866898c - ::1
[2026-04-24T06:50:03.061Z] [ACCESS] GET /api/follow/status/69a07e11c340cede98668aff - ::1
[2026-04-24T06:50:03.063Z] [ACCESS] GET /api/follow/status/69a07d12c340cede98668a79 - ::1
[2026-04-24T06:50:03.187Z] [ACCESS] GET /api/follow/status/69a07c4fc340cede986689f9 - ::1
[2026-04-24T06:50:03.192Z] [ACCESS] GET /api/follow/status/69a07938c340cede98668815 - ::1
[2026-04-24T06:50:03.195Z] [ACCESS] GET /api/follow/status/69e8d19aeb490b1a0c11f38c - ::1
[2026-04-24T06:50:03.198Z] [ACCESS] GET /api/follow/status/69ccc52df8485d977a7fc7d3 - ::1
[2026-04-24T06:50:03.204Z] [ACCESS] GET /api/follow/status/69ccd94bf0258471755c73fa - ::1
[2026-04-24T06:50:03.207Z] [ACCESS] GET /api/sos/history - ::1
[2026-04-24T06:50:03.230Z] [ACCESS] GET /api/follow/status/69a07b5cc340cede9866898c - ::1
[2026-04-24T06:50:03.234Z] [ACCESS] GET /api/follow/status/69a07d12c340cede98668a79 - ::1
[2026-04-24T06:50:03.239Z] [ACCESS] GET /api/follow/status/69a07e11c340cede98668aff - ::1
[2026-04-24T06:50:03.241Z] [ACCESS] GET /api/follow/status/69a07c4fc340cede986689f9 - ::1
[2026-04-24T06:50:03.243Z] [ACCESS] GET /api/follow/status/69a07938c340cede98668815 - ::1
[2026-04-24T06:50:03.245Z] [ACCESS] GET /api/follow/status/69e8d19aeb490b1a0c11f38c - ::1
[2026-04-24T06:50:03.262Z] [ACCESS] GET /api/follow/status/69ccc52df8485d977a7fc7d3 - ::1
[2026-04-24T06:50:03.265Z] [ACCESS] GET /api/follow/status/69ccd94bf0258471755c73fa - ::1
[2026-04-24T06:50:06.117Z] [ACCESS] GET /api/sos/history - ::1
[2026-04-24T06:50:06.124Z] [ACCESS] GET /api/chat/chats - ::1
[2026-04-24T06:50:06.132Z] [ACCESS] GET /api/sos/history - ::1
[2026-04-24T06:50:06.137Z] [ACCESS] GET /api/chat/chats - ::1
[2026-04-24T06:50:06.160Z] [ACCESS] GET /api/chat/chats - ::1
[2026-04-24T06:50:06.170Z] [ACCESS] GET /api/chat/chats - ::1
[2026-04-24T06:50:06.178Z] [ACCESS] GET /api/chat/chats - ::1
[2026-04-24T06:50:08.356Z] [ACCESS] GET /api/chat/chats - ::1
[2026-04-24T06:50:08.359Z] [ACCESS] GET /api/elderly/users/all - ::1
[2026-04-24T06:50:08.361Z] [ACCESS] GET /api/elderly/users/suggested?limit=3 - ::1
[2026-04-24T06:50:08.374Z] [ACCESS] GET /api/chat/chats - ::1
[2026-04-24T06:50:08.472Z] [ACCESS] GET /api/elderly/users/all - ::1
[2026-04-24T06:50:08.507Z] [ACCESS] GET /api/follow/status/69a07d12c340cede98668a79 - ::1
[2026-04-24T06:50:08.511Z] [ACCESS] GET /api/elderly/users/suggested?limit=3 - ::1
[2026-04-24T06:50:08.517Z] [ACCESS] GET /api/follow/status/69a07b5cc340cede9866898c - ::1
[2026-04-24T06:50:08.522Z] [ACCESS] GET /api/follow/status/69a07e11c340cede98668aff - ::1
[2026-04-24T06:50:08.526Z] [ACCESS] GET /api/follow/status/69a07c4fc340cede986689f9 - ::1
[2026-04-24T06:50:08.533Z] [ACCESS] GET /api/follow/status/69a07938c340cede98668815 - ::1
[2026-04-24T06:50:08.611Z] [ACCESS] GET /api/follow/status/69e8d19aeb490b1a0c11f38c - ::1
[2026-04-24T06:50:08.619Z] [ACCESS] GET /api/sos/history - ::1
[2026-04-24T06:50:08.615Z] [ACCESS] GET /api/follow/status/69ccc52df8485d977a7fc7d3 - ::1
[2026-04-24T06:50:08.623Z] [ACCESS] GET /api/follow/status/69ccd94bf0258471755c73fa - ::1
[2026-04-24T06:50:08.627Z] [ACCESS] GET /api/follow/status/69a07d12c340cede98668a79 - ::1
[2026-04-24T06:50:08.633Z] [ACCESS] GET /api/follow/status/69a07b5cc340cede9866898c - ::1
[2026-04-24T06:50:08.651Z] [ACCESS] GET /api/follow/status/69a07e11c340cede98668aff - ::1
[2026-04-24T06:50:08.672Z] [ACCESS] GET /api/follow/status/69a07c4fc340cede986689f9 - ::1
[2026-04-24T06:50:08.682Z] [ACCESS] GET /api/follow/status/69a07938c340cede98668815 - ::1
[2026-04-24T06:50:08.685Z] [ACCESS] GET /api/follow/status/69e8d19aeb490b1a0c11f38c - ::1
[2026-04-24T06:50:08.689Z] [ACCESS] GET /api/follow/status/69ccc52df8485d977a7fc7d3 - ::1
[2026-04-24T06:50:08.692Z] [ACCESS] GET /api/sos/history - ::1
[2026-04-24T06:50:08.714Z] [ACCESS] GET /api/follow/status/69ccd94bf0258471755c73fa - ::1
[2026-04-24T06:50:15.340Z] [ACCESS] GET /api/sos/history - ::1
[2026-04-24T06:50:15.344Z] [ACCESS] GET /api/chat/chat/69a07b5cc340cede9866898c - ::1
[2026-04-24T06:50:15.350Z] [ACCESS] GET /api/chat/chats - ::1
[2026-04-24T06:50:15.366Z] [ACCESS] GET /api/chat/chats - ::1
[2026-04-24T06:50:15.368Z] [ACCESS] GET /api/sos/history - ::1
[2026-04-24T06:50:15.404Z] [ACCESS] GET /api/chat/chats - ::1
[2026-04-24T06:50:15.417Z] [ACCESS] GET /api/chat/chats - ::1
[2026-04-24T06:50:15.427Z] [ACCESS] GET /api/chat/chats - ::1
[2026-04-24T06:50:15.436Z] [ACCESS] GET /api/chat/messages/69eb12a7f55a756ae4e91eb0?page=1 - ::1
[2026-04-24T06:50:19.124Z] [ACCESS] POST /api/chat/message/69eb12a7f55a756ae4e91eb0 - ::1
[2026-04-24T06:50:21.628Z] [ACCESS] GET /api/chat/chats - ::1
[2026-04-24T06:50:21.630Z] [ACCESS] GET /api/elderly/users/suggested?limit=3 - ::1
[2026-04-24T06:50:21.634Z] [ACCESS] GET /api/elderly/users/all - ::1
[2026-04-24T06:50:21.707Z] [ACCESS] GET /api/chat/chats - ::1
[2026-04-24T06:50:21.710Z] [ACCESS] GET /api/elderly/users/suggested?limit=3 - ::1
[2026-04-24T06:50:21.713Z] [ACCESS] GET /api/elderly/users/all - ::1
[2026-04-24T06:50:21.735Z] [ACCESS] GET /api/follow/status/69a07b5cc340cede9866898c - ::1
[2026-04-24T06:50:21.743Z] [ACCESS] GET /api/follow/status/69a07e11c340cede98668aff - ::1
[2026-04-24T06:50:21.755Z] [ACCESS] GET /api/follow/status/69a07d12c340cede98668a79 - ::1
[2026-04-24T06:50:21.878Z] [ACCESS] GET /api/follow/status/69a07c4fc340cede986689f9 - ::1
[2026-04-24T06:50:21.880Z] [ACCESS] GET /api/follow/status/69a07938c340cede98668815 - ::1
[2026-04-24T06:50:21.883Z] [ACCESS] GET /api/follow/status/69e8d19aeb490b1a0c11f38c - ::1
[2026-04-24T06:50:21.886Z] [ACCESS] GET /api/follow/status/69ccc52df8485d977a7fc7d3 - ::1
[2026-04-24T06:50:21.903Z] [ACCESS] GET /api/sos/history - ::1
[2026-04-24T06:50:21.896Z] [ACCESS] GET /api/follow/status/69ccd94bf0258471755c73fa - ::1
[2026-04-24T06:50:21.929Z] [ACCESS] GET /api/follow/status/69a07b5cc340cede9866898c - ::1
[2026-04-24T06:50:21.938Z] [ACCESS] GET /api/follow/status/69a07e11c340cede98668aff - ::1
[2026-04-24T06:50:21.940Z] [ACCESS] GET /api/follow/status/69a07d12c340cede98668a79 - ::1
[2026-04-24T06:50:21.942Z] [ACCESS] GET /api/follow/status/69a07c4fc340cede986689f9 - ::1
[2026-04-24T06:50:21.944Z] [ACCESS] GET /api/follow/status/69a07938c340cede98668815 - ::1
[2026-04-24T06:50:21.957Z] [ACCESS] GET /api/follow/status/69e8d19aeb490b1a0c11f38c - ::1
[2026-04-24T06:50:21.976Z] [ACCESS] GET /api/follow/status/69ccd94bf0258471755c73fa - ::1
[2026-04-24T06:50:21.973Z] [ACCESS] GET /api/follow/status/69ccc52df8485d977a7fc7d3 - ::1
[2026-04-24T06:50:21.979Z] [ACCESS] GET /api/sos/history - ::1
[2026-04-24T06:50:25.709Z] [ACCESS] GET /api/chat/chats - ::1
[2026-04-24T06:50:25.712Z] [ACCESS] GET /api/help/help-requests/my - ::1
[2026-04-24T06:50:25.719Z] [ACCESS] GET /api/help/help-requests/volunteering - ::1
[2026-04-24T06:50:25.722Z] [ACCESS] GET /api/help/help-requests/public?page=1&limit=10&type=&urgency=&location=&search=&category=&condition= - ::1
[2026-04-24T06:50:25.724Z] [ACCESS] GET /api/help/nearby-opportunities - ::1
[2026-04-24T06:50:25.728Z] [ACCESS] GET /api/help/items/user/me - ::1
[2026-04-24T06:50:25.744Z] [ACCESS] GET /api/help/items?page=1&limit=12&type=&status=available&urgency=&location=&search=&category=&condition= - ::1
[2026-04-24T06:50:25.751Z] [ACCESS] GET /api/sos/history - ::1
[2026-04-24T06:50:25.770Z] [ACCESS] GET /api/help/help-requests/my - ::1
[2026-04-24T06:50:25.789Z] [ACCESS] GET /api/chat/chats - ::1
[2026-04-24T06:50:25.796Z] [ACCESS] GET /api/help/help-requests/volunteering - ::1
[2026-04-24T06:50:25.801Z] [ACCESS] GET /api/help/items/user/me - ::1
[2026-04-24T06:50:25.810Z] [ACCESS] GET /api/help/nearby-opportunities - ::1
[2026-04-24T06:50:25.820Z] [ACCESS] GET /api/help/help-requests/public?page=1&limit=10&type=&urgency=&location=&search=&category=&condition= - ::1
[2026-04-24T06:50:25.825Z] [ACCESS] GET /api/help/items?page=1&limit=12&type=&status=available&urgency=&location=&search=&category=&condition= - ::1
[2026-04-24T06:50:51.697Z] [ACCESS] GET /api/admin-data/stats - ::1
[2026-04-24T06:50:51.700Z] [ACCESS] GET /api/admin-data/users - ::1
[2026-04-24T06:50:51.702Z] [ACCESS] GET /api/admin-data/posts - ::1
[2026-04-24T06:50:51.703Z] [ACCESS] GET /api/admin-data/sos - ::1
[2026-04-24T06:50:51.704Z] [ACCESS] GET /api/admin-data/help-requests - ::1
[2026-04-24T06:50:51.712Z] [ACCESS] GET /api/admin-data/chat-analytics - ::1
[2026-04-24T06:50:51.743Z] [ACCESS] GET /api/admin-data/nlp-status - ::1
[2026-04-24T06:50:51.751Z] [ACCESS] GET /api/admin-data/logs?type=all&lines=100 - ::1
[2026-04-24T06:50:55.017Z] [ACCESS] GET /api/help/items?page=1&limit=12&type=&status=available&urgency=&location=&search=&category=&condition= - ::1
[2026-04-24T06:50:55.699Z] [ACCESS] GET /api/chat/chats - ::1
[2026-04-24T06:51:20.203Z] [ACCESS] PUT /api/help/items/69a082ebc340cede98668f63/reserve - ::1
[2026-04-24T06:51:24.389Z] [ACCESS] GET /api/help/items?page=1&limit=12&type=&status=available&urgency=&location=&search=&category=&condition= - ::1
[2026-04-24T06:51:24.392Z] [ACCESS] GET /api/help/help-requests/my - ::1
[2026-04-24T06:51:24.394Z] [ACCESS] GET /api/help/help-requests/volunteering - ::1
[2026-04-24T06:51:24.397Z] [ACCESS] GET /api/help/items/user/me - ::1
[2026-04-24T06:51:25.700Z] [ACCESS] GET /api/chat/chats - ::1
[2026-04-24T06:51:27.641Z] [ACCESS] GET /api/help/help-requests/public?page=1&limit=10&type=&urgency=&location=&search=&category=&condition= - ::1
[2026-04-24T06:51:40.105Z] [ACCESS] GET /api/help/help-requests/697c7e89d4dfb4070d27d685 - ::1
[2026-04-24T06:51:47.560Z] [ACCESS] PUT /api/help/help-requests/697c7e89d4dfb4070d27d685/accept - ::1
[2026-04-24T06:51:48.542Z] [ACCESS] GET /api/help/help-requests/public?page=1&limit=10&type=&urgency=&location=&search=&category=&condition= - ::1
[2026-04-24T06:51:48.544Z] [ACCESS] GET /api/help/help-requests/volunteering - ::1
[2026-04-24T06:51:48.546Z] [ACCESS] GET /api/help/help-requests/my - ::1
[2026-04-24T06:51:48.548Z] [ACCESS] GET /api/help/items/user/me - ::1
[2026-04-24T06:51:51.686Z] [ACCESS] GET /api/admin-data/stats - ::1
[2026-04-24T06:51:51.687Z] [ACCESS] GET /api/admin-data/users - ::1
[2026-04-24T06:51:51.688Z] [ACCESS] GET /api/admin-data/posts - ::1
[2026-04-24T06:51:51.689Z] [ACCESS] GET /api/admin-data/sos - ::1
[2026-04-24T06:51:51.703Z] [ACCESS] GET /api/admin-data/help-requests - ::1
[2026-04-24T06:51:51.718Z] [ACCESS] GET /api/admin-data/chat-analytics - ::1
[2026-04-24T06:51:51.724Z] [ACCESS] GET /api/admin-data/nlp-status - ::1
[2026-04-24T06:51:51.727Z] [ACCESS] GET /api/admin-data/logs?type=all&lines=100 - ::1
[2026-04-24T06:51:55.700Z] [ACCESS] GET /api/chat/chats - ::1
[2026-04-24T06:52:01.665Z] [ACCESS] GET /api/help/help-requests/697c7e89d4dfb4070d27d685 - ::1
[2026-04-24T06:52:09.203Z] [ACCESS] GET /api/elderly/profile/69eb11f2f55a756ae4e91c8a - ::1
[2026-04-24T06:52:09.214Z] [ACCESS] GET /api/elderly/profile/69eb11f2f55a756ae4e91c8a - ::1
[2026-04-24T06:52:09.270Z] [ACCESS] GET /api/sos/history - ::1
[2026-04-24T06:52:09.272Z] [ACCESS] GET /api/chat/chats - ::1
[2026-04-24T06:52:09.323Z] [ACCESS] GET /api/sos/history - ::1
[2026-04-24T06:52:09.330Z] [ACCESS] GET /api/chat/chats - ::1
[2026-04-24T06:52:29.687Z] [ACCESS] GET /api/elderly/profile/69eb11f2f55a756ae4e91c8a - ::1
[2026-04-24T06:52:29.691Z] [ACCESS] GET /api/elderly/profile/69eb11f2f55a756ae4e91c8a - ::1
[2026-04-24T06:52:29.837Z] [ACCESS] GET /api/sos/history - ::1
[2026-04-24T06:52:29.840Z] [ACCESS] GET /api/chat/chats - ::1
[2026-04-24T06:52:29.847Z] [ACCESS] GET /api/sos/history - ::1
[2026-04-24T06:52:29.859Z] [ACCESS] GET /api/chat/chats - ::1
[2026-04-24T06:52:31.523Z] [ACCESS] GET /api/sos/history - ::1
[2026-04-24T06:52:31.526Z] [ACCESS] GET /api/chat/chats - ::1
[2026-04-24T06:52:31.543Z] [ACCESS] GET /api/sos/history - ::1
[2026-04-24T06:52:31.556Z] [ACCESS] GET /api/chat/chats - ::1
[2026-04-24T06:52:31.580Z] [ACCESS] GET /api/chat/chats - ::1
[2026-04-24T06:52:31.590Z] [ACCESS] GET /api/chat/chats - ::1
[2026-04-24T06:52:31.602Z] [ACCESS] GET /api/chat/chats - ::1
[2026-04-24T06:52:34.240Z] [ACCESS] GET /api/elderly/profile/69eb11f2f55a756ae4e91c8a - ::1
[2026-04-24T06:52:34.254Z] [ACCESS] GET /api/elderly/posts/user/69eb11f2f55a756ae4e91c8a - ::1
[2026-04-24T06:52:34.262Z] [ACCESS] GET /api/elderly/profile/69eb11f2f55a756ae4e91c8a - ::1
[2026-04-24T06:52:34.273Z] [ACCESS] GET /api/elderly/posts/user/69eb11f2f55a756ae4e91c8a - ::1
[2026-04-24T06:52:34.320Z] [ACCESS] GET /api/sos/history - ::1
[2026-04-24T06:52:34.331Z] [ACCESS] GET /api/sos/history - ::1
[2026-04-24T06:52:34.352Z] [ACCESS] GET /api/chat/chats - ::1
[2026-04-24T06:52:34.363Z] [ACCESS] GET /api/chat/chats - ::1
[2026-04-24T06:52:38.031Z] [ACCESS] GET /api/follow/feed - ::1
[2026-04-24T06:52:38.058Z] [ACCESS] GET /api/follow/feed - ::1
[2026-04-24T06:52:38.075Z] [ACCESS] GET /api/sos/history - ::1
[2026-04-24T06:52:38.079Z] [ACCESS] GET /api/chat/chats - ::1
[2026-04-24T06:52:38.096Z] [ACCESS] GET /api/sos/history - ::1
[2026-04-24T06:52:38.120Z] [ACCESS] GET /api/chat/chats - ::1
[2026-04-24T06:52:51.700Z] [ACCESS] GET /api/admin-data/stats - ::1
[2026-04-24T06:52:51.702Z] [ACCESS] GET /api/admin-data/users - ::1
[2026-04-24T06:52:51.703Z] [ACCESS] GET /api/admin-data/posts - ::1
[2026-04-24T06:52:51.703Z] [ACCESS] GET /api/admin-data/sos - ::1
[2026-04-24T06:52:51.704Z] [ACCESS] GET /api/admin-data/help-requests - ::1
[2026-04-24T06:52:51.722Z] [ACCESS] GET /api/admin-data/chat-analytics - ::1
[2026-04-24T06:52:51.734Z] [ACCESS] GET /api/admin-data/nlp-status - ::1
[2026-04-24T06:52:51.746Z] [ACCESS] GET /api/admin-data/logs?type=all&lines=100 - ::1
[2026-04-24T06:53:09.613Z] [ACCESS] GET /api/admin-data/stats - ::1
[2026-04-24T06:53:09.614Z] [ACCESS] GET /api/admin-data/users - ::1
[2026-04-24T06:53:09.619Z] [ACCESS] GET /api/admin-data/posts - ::1
[2026-04-24T06:53:09.620Z] [ACCESS] GET /api/admin-data/sos - ::1
[2026-04-24T06:53:09.621Z] [ACCESS] GET /api/admin-data/help-requests - ::1
[2026-04-24T06:53:09.622Z] [ACCESS] GET /api/admin-data/chat-analytics - ::1
[2026-04-24T06:53:09.671Z] [ACCESS] GET /api/admin-data/nlp-status - ::1
[2026-04-24T06:53:09.684Z] [ACCESS] GET /api/admin-data/logs?type=all&lines=100 - ::1
[2026-04-24T06:53:24.695Z] [ACCESS] GET /api/admin-data/stats - ::1
[2026-04-24T06:53:24.697Z] [ACCESS] GET /api/admin-data/users - ::1
[2026-04-24T06:53:24.700Z] [ACCESS] GET /api/admin-data/posts - ::1
[2026-04-24T06:53:24.701Z] [ACCESS] GET /api/admin-data/sos - ::1
[2026-04-24T06:53:24.707Z] [ACCESS] GET /api/admin-data/help-requests - ::1
[2026-04-24T06:53:24.708Z] [ACCESS] GET /api/admin-data/chat-analytics - ::1
[2026-04-24T06:53:24.730Z] [ACCESS] GET /api/admin-data/nlp-status - ::1
[2026-04-24T06:53:24.740Z] [ACCESS] GET /api/admin-data/logs?type=all&lines=100 - ::1
[2026-04-24T06:53:54.693Z] [ACCESS] GET /api/admin-data/users - ::1
[2026-04-24T06:53:54.692Z] [ACCESS] GET /api/admin-data/stats - ::1
[2026-04-24T06:53:54.694Z] [ACCESS] GET /api/admin-data/posts - ::1
[2026-04-24T06:53:54.695Z] [ACCESS] GET /api/admin-data/sos - ::1
[2026-04-24T06:53:54.695Z] [ACCESS] GET /api/admin-data/help-requests - ::1
[2026-04-24T06:53:54.696Z] [ACCESS] GET /api/admin-data/chat-analytics - ::1
[2026-04-24T06:53:54.723Z] [ACCESS] GET /api/admin-data/nlp-status - ::1
[2026-04-24T06:53:54.732Z] [ACCESS] GET /api/admin-data/logs?type=all&lines=100 - ::1
[2026-04-24T06:54:51.697Z] [ACCESS] GET /api/admin-data/stats - ::1
[2026-04-24T06:54:51.699Z] [ACCESS] GET /api/admin-data/users - ::1
[2026-04-24T06:54:51.707Z] [ACCESS] GET /api/admin-data/posts - ::1
[2026-04-24T06:54:51.709Z] [ACCESS] GET /api/admin-data/help-requests - ::1
[2026-04-24T06:54:51.708Z] [ACCESS] GET /api/admin-data/sos - ::1
[2026-04-24T06:54:51.710Z] [ACCESS] GET /api/admin-data/chat-analytics - ::1
[2026-04-24T06:54:51.742Z] [ACCESS] GET /api/admin-data/nlp-status - ::1
[2026-04-24T06:54:51.752Z] [ACCESS] GET /api/admin-data/logs?type=all&lines=100 - ::1
[2026-04-24T06:54:54.537Z] [ACCESS] GET /api/admin-data/stats - ::1
[2026-04-24T06:54:54.539Z] [ACCESS] GET /api/admin-data/users - ::1
[2026-04-24T06:54:54.540Z] [ACCESS] GET /api/admin-data/posts - ::1
[2026-04-24T06:54:54.559Z] [ACCESS] GET /api/admin-data/sos - ::1
[2026-04-24T06:54:54.574Z] [ACCESS] GET /api/admin-data/help-requests - ::1
[2026-04-24T06:54:54.576Z] [ACCESS] GET /api/admin-data/chat-analytics - ::1
[2026-04-24T06:54:54.577Z] [ACCESS] GET /api/admin-data/nlp-status - ::1
[2026-04-24T06:54:54.583Z] [ACCESS] GET /api/admin-data/logs?type=all&lines=100 - ::1
[2026-04-24T06:55:24.528Z] [ACCESS] GET /api/admin-data/stats - ::1
[2026-04-24T06:55:24.529Z] [ACCESS] GET /api/admin-data/users - ::1
[2026-04-24T06:55:24.531Z] [ACCESS] GET /api/admin-data/posts - ::1
[2026-04-24T06:55:24.534Z] [ACCESS] GET /api/admin-data/sos - ::1
[2026-04-24T06:55:24.546Z] [ACCESS] GET /api/admin-data/help-requests - ::1
[2026-04-24T06:55:24.557Z] [ACCESS] GET /api/admin-data/chat-analytics - ::1
[2026-04-24T06:55:24.560Z] [ACCESS] GET /api/admin-data/nlp-status - ::1
[2026-04-24T06:55:24.564Z] [ACCESS] GET /api/admin-data/logs?type=all&lines=100 - ::1
[2026-04-24T06:55:54.541Z] [ACCESS] GET /api/admin-data/stats - ::1
[2026-04-24T06:55:54.542Z] [ACCESS] GET /api/admin-data/users - ::1
[2026-04-24T06:55:54.544Z] [ACCESS] GET /api/admin-data/posts - ::1
[2026-04-24T06:55:54.545Z] [ACCESS] GET /api/admin-data/sos - ::1
[2026-04-24T06:55:54.567Z] [ACCESS] GET /api/admin-data/help-requests - ::1
[2026-04-24T06:55:54.568Z] [ACCESS] GET /api/admin-data/chat-analytics - ::1
[2026-04-24T06:55:54.571Z] [ACCESS] GET /api/admin-data/nlp-status - ::1
[2026-04-24T06:55:54.581Z] [ACCESS] GET /api/admin-data/logs?type=all&lines=100 - ::1
[2026-04-24T06:56:24.551Z] [ACCESS] GET /api/admin-data/stats - ::1
[2026-04-24T06:56:24.559Z] [ACCESS] GET /api/admin-data/chat-analytics - ::1
[2026-04-24T06:56:24.562Z] [ACCESS] GET /api/admin-data/help-requests - ::1
[2026-04-24T06:56:24.564Z] [ACCESS] GET /api/admin-data/sos - ::1
[2026-04-24T06:56:24.571Z] [ACCESS] GET /api/admin-data/posts - ::1
[2026-04-24T06:56:24.572Z] [ACCESS] GET /api/admin-data/users - ::1
[2026-04-24T06:56:24.580Z] [ACCESS] GET /api/admin-data/nlp-status - ::1
[2026-04-24T06:56:24.604Z] [ACCESS] GET /api/admin-data/logs?type=all&lines=100 - ::1
[2026-04-24T06:56:54.695Z] [ACCESS] GET /api/admin-data/stats - ::1
[2026-04-24T06:56:54.696Z] [ACCESS] GET /api/admin-data/users - ::1
[2026-04-24T06:56:54.697Z] [ACCESS] GET /api/admin-data/posts - ::1
[2026-04-24T06:56:54.699Z] [ACCESS] GET /api/admin-data/sos - ::1
[2026-04-24T06:56:54.723Z] [ACCESS] GET /api/admin-data/help-requests - ::1
[2026-04-24T06:56:54.726Z] [ACCESS] GET /api/admin-data/chat-analytics - ::1
[2026-04-24T06:56:54.733Z] [ACCESS] GET /api/admin-data/logs?type=all&lines=100 - ::1
[2026-04-24T06:56:54.736Z] [ACCESS] GET /api/admin-data/nlp-status - ::1
[2026-04-24T06:57:24.702Z] [ACCESS] GET /api/admin-data/stats - ::1
[2026-04-24T06:57:24.703Z] [ACCESS] GET /api/admin-data/users - ::1
[2026-04-24T06:57:24.704Z] [ACCESS] GET /api/admin-data/posts - ::1
[2026-04-24T06:57:24.705Z] [ACCESS] GET /api/admin-data/sos - ::1
[2026-04-24T06:57:24.706Z] [ACCESS] GET /api/admin-data/help-requests - ::1
[2026-04-24T06:57:24.726Z] [ACCESS] GET /api/admin-data/chat-analytics - ::1
[2026-04-24T06:57:24.727Z] [ACCESS] GET /api/admin-data/nlp-status - ::1
[2026-04-24T06:57:24.728Z] [ACCESS] GET /api/admin-data/logs?type=all&lines=100 - ::1
[2026-04-24T06:58:51.692Z] [ACCESS] GET /api/admin-data/stats - ::1
[2026-04-24T06:58:51.693Z] [ACCESS] GET /api/admin-data/users - ::1
[2026-04-24T06:58:51.694Z] [ACCESS] GET /api/admin-data/posts - ::1
[2026-04-24T06:58:51.695Z] [ACCESS] GET /api/admin-data/sos - ::1
[2026-04-24T06:58:51.696Z] [ACCESS] GET /api/admin-data/help-requests - ::1
[2026-04-24T06:58:51.718Z] [ACCESS] GET /api/admin-data/chat-analytics - ::1
[2026-04-24T06:58:51.719Z] [ACCESS] GET /api/admin-data/nlp-status - ::1
[2026-04-24T06:58:51.720Z] [ACCESS] GET /api/admin-data/logs?type=all&lines=100 - ::1
[2026-04-24T06:59:51.696Z] [ACCESS] GET /api/admin-data/stats - ::1
[2026-04-24T06:59:51.698Z] [ACCESS] GET /api/admin-data/sos - ::1
[2026-04-24T06:59:51.699Z] [ACCESS] GET /api/admin-data/users - ::1
[2026-04-24T06:59:51.700Z] [ACCESS] GET /api/admin-data/posts - ::1
[2026-04-24T06:59:51.701Z] [ACCESS] GET /api/admin-data/help-requests - ::1
[2026-04-24T06:59:51.712Z] [ACCESS] GET /api/admin-data/chat-analytics - ::1
[2026-04-24T06:59:51.713Z] [ACCESS] GET /api/admin-data/nlp-status - ::1
[2026-04-24T06:59:51.728Z] [ACCESS] GET /api/admin-data/logs?type=all&lines=100 - ::1
[2026-04-24T07:00:51.702Z] [ACCESS] GET /api/admin-data/stats - ::1
[2026-04-24T07:00:51.702Z] [ACCESS] GET /api/admin-data/users - ::1
[2026-04-24T07:00:51.703Z] [ACCESS] GET /api/admin-data/posts - ::1
[2026-04-24T07:00:51.704Z] [ACCESS] GET /api/admin-data/sos - ::1
[2026-04-24T07:00:51.705Z] [ACCESS] GET /api/admin-data/help-requests - ::1
[2026-04-24T07:00:51.726Z] [ACCESS] GET /api/admin-data/chat-analytics - ::1
[2026-04-24T07:00:51.728Z] [ACCESS] GET /api/admin-data/nlp-status - ::1
[2026-04-24T07:00:51.729Z] [ACCESS] GET /api/admin-data/logs?type=all&lines=100 - ::1
[2026-04-24T07:01:51.695Z] [ACCESS] GET /api/admin-data/stats - ::1
[2026-04-24T07:01:51.696Z] [ACCESS] GET /api/admin-data/users - ::1
[2026-04-24T07:01:51.697Z] [ACCESS] GET /api/admin-data/posts - ::1
[2026-04-24T07:01:51.698Z] [ACCESS] GET /api/admin-data/sos - ::1
[2026-04-24T07:01:51.708Z] [ACCESS] GET /api/admin-data/help-requests - ::1
[2026-04-24T07:01:51.714Z] [ACCESS] GET /api/admin-data/nlp-status - ::1
[2026-04-24T07:01:51.714Z] [ACCESS] GET /api/admin-data/chat-analytics - ::1
[2026-04-24T07:01:51.721Z] [ACCESS] GET /api/admin-data/logs?type=all&lines=100 - ::1
[2026-04-24T07:02:51.692Z] [ACCESS] GET /api/admin-data/stats - ::1
[2026-04-24T07:02:51.693Z] [ACCESS] GET /api/admin-data/users - ::1
[2026-04-24T07:02:51.696Z] [ACCESS] GET /api/admin-data/posts - ::1
[2026-04-24T07:02:51.700Z] [ACCESS] GET /api/admin-data/help-requests - ::1
[2026-04-24T07:02:51.702Z] [ACCESS] GET /api/admin-data/sos - ::1
[2026-04-24T07:02:51.713Z] [ACCESS] GET /api/admin-data/chat-analytics - ::1
[2026-04-24T07:02:51.725Z] [ACCESS] GET /api/admin-data/nlp-status - ::1
[2026-04-24T07:02:51.727Z] [ACCESS] GET /api/admin-data/logs?type=all&lines=100 - ::1
[2026-04-24T07:03:51.694Z] [ACCESS] GET /api/admin-data/stats - ::1
[2026-04-24T07:03:51.697Z] [ACCESS] GET /api/admin-data/posts - ::1
[2026-04-24T07:03:51.696Z] [ACCESS] GET /api/admin-data/users - ::1
[2026-04-24T07:03:51.698Z] [ACCESS] GET /api/admin-data/sos - ::1
[2026-04-24T07:03:51.699Z] [ACCESS] GET /api/admin-data/help-requests - ::1
[2026-04-24T07:03:51.709Z] [ACCESS] GET /api/admin-data/chat-analytics - ::1
[2026-04-24T07:03:51.717Z] [ACCESS] GET /api/admin-data/nlp-status - ::1
[2026-04-24T07:03:51.723Z] [ACCESS] GET /api/admin-data/logs?type=all&lines=100 - ::1
[2026-04-24T07:04:51.697Z] [ACCESS] GET /api/admin-data/stats - ::1
[2026-04-24T07:04:51.698Z] [ACCESS] GET /api/admin-data/users - ::1
[2026-04-24T07:04:51.699Z] [ACCESS] GET /api/admin-data/posts - ::1
[2026-04-24T07:04:51.702Z] [ACCESS] GET /api/admin-data/chat-analytics - ::1
[2026-04-24T07:04:51.700Z] [ACCESS] GET /api/admin-data/sos - ::1
[2026-04-24T07:04:51.700Z] [ACCESS] GET /api/admin-data/help-requests - ::1
[2026-04-24T07:04:51.720Z] [ACCESS] GET /api/admin-data/nlp-status - ::1
[2026-04-24T07:04:51.727Z] [ACCESS] GET /api/admin-data/logs?type=all&lines=100 - ::1
[2026-04-24T07:05:28.658Z] [ACCESS] GET /api/admin-data/stats - ::1
[2026-04-24T07:05:28.659Z] [ACCESS] GET /api/admin-data/chat-analytics - ::1
[2026-04-24T07:05:28.660Z] [ACCESS] GET /api/admin-data/help-requests - ::1
[2026-04-24T07:05:28.664Z] [ACCESS] GET /api/admin-data/sos - ::1
[2026-04-24T07:05:28.675Z] [ACCESS] GET /api/admin-data/posts - ::1
[2026-04-24T07:05:28.678Z] [ACCESS] GET /api/admin-data/nlp-status - ::1
[2026-04-24T07:05:28.676Z] [ACCESS] GET /api/admin-data/users - ::1
[2026-04-24T07:05:28.700Z] [ACCESS] GET /api/admin-data/logs?type=all&lines=100 - ::1
[2026-04-24T07:05:54.687Z] [ACCESS] GET /api/admin-data/stats - ::1
[2026-04-24T07:05:54.688Z] [ACCESS] GET /api/admin-data/users - ::1
[2026-04-24T07:05:54.690Z] [ACCESS] GET /api/admin-data/posts - ::1
[2026-04-24T07:05:54.691Z] [ACCESS] GET /api/admin-data/sos - ::1
[2026-04-24T07:05:54.711Z] [ACCESS] GET /api/admin-data/help-requests - ::1
[2026-04-24T07:05:54.712Z] [ACCESS] GET /api/admin-data/chat-analytics - ::1
[2026-04-24T07:05:54.712Z] [ACCESS] GET /api/admin-data/nlp-status - ::1
[2026-04-24T07:05:54.718Z] [ACCESS] GET /api/admin-data/logs?type=all&lines=100 - ::1
[2026-04-24T07:06:24.707Z] [ACCESS] GET /api/admin-data/stats - ::1
[2026-04-24T07:06:24.708Z] [ACCESS] GET /api/admin-data/users - ::1
[2026-04-24T07:06:24.709Z] [ACCESS] GET /api/admin-data/posts - ::1
[2026-04-24T07:06:24.710Z] [ACCESS] GET /api/admin-data/sos - ::1
[2026-04-24T07:06:24.712Z] [ACCESS] GET /api/admin-data/help-requests - ::1
[2026-04-24T07:06:24.712Z] [ACCESS] GET /api/admin-data/chat-analytics - ::1
[2026-04-24T07:06:24.731Z] [ACCESS] GET /api/admin-data/nlp-status - ::1
[2026-04-24T07:06:24.740Z] [ACCESS] GET /api/admin-data/logs?type=all&lines=100 - ::1
[2026-04-24T07:07:51.695Z] [ACCESS] GET /api/admin-data/stats - ::1
[2026-04-24T07:07:51.696Z] [ACCESS] GET /api/admin-data/users - ::1
[2026-04-24T07:07:51.698Z] [ACCESS] GET /api/admin-data/posts - ::1
[2026-04-24T07:07:51.699Z] [ACCESS] GET /api/admin-data/sos - ::1
[2026-04-24T07:07:51.701Z] [ACCESS] GET /api/admin-data/help-requests - ::1
[2026-04-24T07:07:51.709Z] [ACCESS] GET /api/admin-data/chat-analytics - ::1
[2026-04-24T07:07:51.724Z] [ACCESS] GET /api/admin-data/nlp-status - ::1
[2026-04-24T07:07:51.726Z] [ACCESS] GET /api/admin-data/logs?type=all&lines=100 - ::1
[2026-04-24T07:08:51.695Z] [ACCESS] GET /api/admin-data/stats - ::1
[2026-04-24T07:08:51.696Z] [ACCESS] GET /api/admin-data/users - ::1
[2026-04-24T07:08:51.698Z] [ACCESS] GET /api/admin-data/posts - ::1
[2026-04-24T07:08:51.702Z] [ACCESS] GET /api/admin-data/help-requests - ::1
[2026-04-24T07:08:51.705Z] [ACCESS] GET /api/admin-data/sos - ::1
[2026-04-24T07:08:51.713Z] [ACCESS] GET /api/admin-data/chat-analytics - ::1
[2026-04-24T07:08:51.723Z] [ACCESS] GET /api/admin-data/nlp-status - ::1
[2026-04-24T07:08:51.724Z] [ACCESS] GET /api/admin-data/logs?type=all&lines=100 - ::1
[2026-04-24T07:09:51.696Z] [ACCESS] GET /api/admin-data/stats - ::1
[2026-04-24T07:09:51.697Z] [ACCESS] GET /api/admin-data/users - ::1
[2026-04-24T07:09:51.703Z] [ACCESS] GET /api/admin-data/sos - ::1
[2026-04-24T07:09:51.704Z] [ACCESS] GET /api/admin-data/posts - ::1
[2026-04-24T07:09:51.705Z] [ACCESS] GET /api/admin-data/help-requests - ::1
[2026-04-24T07:09:51.707Z] [ACCESS] GET /api/admin-data/chat-analytics - ::1
[2026-04-24T07:09:51.718Z] [ACCESS] GET /api/admin-data/nlp-status - ::1
[2026-04-24T07:09:51.730Z] [ACCESS] GET /api/admin-data/logs?type=all&lines=100 - ::1
[2026-04-24T07:10:51.691Z] [ACCESS] GET /api/admin-data/stats - ::1
[2026-04-24T07:10:51.693Z] [ACCESS] GET /api/admin-data/users - ::1
[2026-04-24T07:10:51.694Z] [ACCESS] GET /api/admin-data/posts - ::1
[2026-04-24T07:10:51.696Z] [ACCESS] GET /api/admin-data/sos - ::1
[2026-04-24T07:10:51.697Z] [ACCESS] GET /api/admin-data/help-requests - ::1
[2026-04-24T07:10:51.706Z] [ACCESS] GET /api/admin-data/chat-analytics - ::1
[2026-04-24T07:10:51.712Z] [ACCESS] GET /api/admin-data/nlp-status - ::1
[2026-04-24T07:10:51.719Z] [ACCESS] GET /api/admin-data/logs?type=all&lines=100 - ::1
[2026-04-24T07:11:51.691Z] [ACCESS] GET /api/admin-data/stats - ::1
[2026-04-24T07:11:51.692Z] [ACCESS] GET /api/admin-data/users - ::1
[2026-04-24T07:11:51.699Z] [ACCESS] GET /api/admin-data/posts - ::1
[2026-04-24T07:11:51.700Z] [ACCESS] GET /api/admin-data/sos - ::1
[2026-04-24T07:11:51.704Z] [ACCESS] GET /api/admin-data/chat-analytics - ::1
[2026-04-24T07:11:51.701Z] [ACCESS] GET /api/admin-data/help-requests - ::1
[2026-04-24T07:11:51.719Z] [ACCESS] GET /api/admin-data/nlp-status - ::1
[2026-04-24T07:11:51.723Z] [ACCESS] GET /api/admin-data/logs?type=all&lines=100 - ::1
[2026-04-24T07:12:51.696Z] [ACCESS] GET /api/admin-data/stats - ::1
[2026-04-24T07:12:51.697Z] [ACCESS] GET /api/admin-data/users - ::1
[2026-04-24T07:12:51.699Z] [ACCESS] GET /api/admin-data/sos - ::1
[2026-04-24T07:12:51.700Z] [ACCESS] GET /api/admin-data/posts - ::1
[2026-04-24T07:12:51.705Z] [ACCESS] GET /api/admin-data/help-requests - ::1
[2026-04-24T07:12:51.710Z] [ACCESS] GET /api/admin-data/chat-analytics - ::1
[2026-04-24T07:12:51.716Z] [ACCESS] GET /api/admin-data/nlp-status - ::1
[2026-04-24T07:12:51.724Z] [ACCESS] GET /api/admin-data/logs?type=all&lines=100 - ::1
[2026-04-24T07:13:51.702Z] [ACCESS] GET /api/admin-data/stats - ::1
[2026-04-24T07:13:51.703Z] [ACCESS] GET /api/admin-data/users - ::1
[2026-04-24T07:13:51.704Z] [ACCESS] GET /api/admin-data/posts - ::1
[2026-04-24T07:13:51.706Z] [ACCESS] GET /api/admin-data/sos - ::1
[2026-04-24T07:13:51.711Z] [ACCESS] GET /api/admin-data/help-requests - ::1
[2026-04-24T07:13:51.732Z] [ACCESS] GET /api/admin-data/nlp-status - ::1
[2026-04-24T07:13:51.731Z] [ACCESS] GET /api/admin-data/chat-analytics - ::1
[2026-04-24T07:13:51.733Z] [ACCESS] GET /api/admin-data/logs?type=all&lines=100 - ::1
[2026-04-24T07:14:51.697Z] [ACCESS] GET /api/admin-data/stats - ::1
[2026-04-24T07:14:51.698Z] [ACCESS] GET /api/admin-data/users - ::1
[2026-04-24T07:14:51.701Z] [ACCESS] GET /api/admin-data/chat-analytics - ::1
[2026-04-24T07:14:51.699Z] [ACCESS] GET /api/admin-data/posts - ::1
[2026-04-24T07:14:51.700Z] [ACCESS] GET /api/admin-data/sos - ::1
[2026-04-24T07:14:51.700Z] [ACCESS] GET /api/admin-data/help-requests - ::1
[2026-04-24T07:14:51.724Z] [ACCESS] GET /api/admin-data/nlp-status - ::1
[2026-04-24T07:14:51.726Z] [ACCESS] GET /api/admin-data/logs?type=all&lines=100 - ::1
[2026-04-24T07:15:51.694Z] [ACCESS] GET /api/admin-data/stats - ::1
[2026-04-24T07:15:51.695Z] [ACCESS] GET /api/admin-data/users - ::1
[2026-04-24T07:15:51.696Z] [ACCESS] GET /api/admin-data/posts - ::1
[2026-04-24T07:15:51.696Z] [ACCESS] GET /api/admin-data/sos - ::1
[2026-04-24T07:15:51.715Z] [ACCESS] GET /api/admin-data/chat-analytics - ::1
[2026-04-24T07:15:51.719Z] [ACCESS] GET /api/admin-data/nlp-status - ::1
[2026-04-24T07:15:51.714Z] [ACCESS] GET /api/admin-data/help-requests - ::1
[2026-04-24T07:15:51.722Z] [ACCESS] GET /api/admin-data/logs?type=all&lines=100 - ::1
[2026-04-24T07:16:51.707Z] [ACCESS] GET /api/admin-data/stats - ::1
[2026-04-24T07:16:51.709Z] [ACCESS] GET /api/admin-data/users - ::1
[2026-04-24T07:16:51.711Z] [ACCESS] GET /api/admin-data/sos - ::1
[2026-04-24T07:16:51.713Z] [ACCESS] GET /api/admin-data/posts - ::1
[2026-04-24T07:16:51.723Z] [ACCESS] GET /api/admin-data/help-requests - ::1
[2026-04-24T07:16:51.733Z] [ACCESS] GET /api/admin-data/chat-analytics - ::1
[2026-04-24T07:16:51.739Z] [ACCESS] GET /api/admin-data/nlp-status - ::1
[2026-04-24T07:16:51.749Z] [ACCESS] GET /api/admin-data/logs?type=all&lines=100 - ::1
[2026-04-24T07:17:51.708Z] [ACCESS] GET /api/admin-data/stats - ::1
[2026-04-24T07:17:51.715Z] [ACCESS] GET /api/admin-data/users - ::1
[2026-04-24T07:17:51.719Z] [ACCESS] GET /api/admin-data/posts - ::1
[2026-04-24T07:17:51.721Z] [ACCESS] GET /api/admin-data/sos - ::1
[2026-04-24T07:17:51.723Z] [ACCESS] GET /api/admin-data/help-requests - ::1
[2026-04-24T07:17:51.735Z] [ACCESS] GET /api/admin-data/chat-analytics - ::1
[2026-04-24T07:17:51.755Z] [ACCESS] GET /api/admin-data/nlp-status - ::1
[2026-04-24T07:17:51.760Z] [ACCESS] GET /api/admin-data/logs?type=all&lines=100 - ::1
[2026-04-24T07:18:51.700Z] [ACCESS] GET /api/admin-data/stats - ::1
[2026-04-24T07:18:51.738Z] [ACCESS] GET /api/admin-data/users - ::1
[2026-04-24T07:18:51.769Z] [ACCESS] GET /api/admin-data/posts - ::1
[2026-04-24T07:18:51.782Z] [ACCESS] GET /api/admin-data/sos - ::1
[2026-04-24T07:18:51.783Z] [ACCESS] GET /api/admin-data/help-requests - ::1
[2026-04-24T07:18:51.784Z] [ACCESS] GET /api/admin-data/chat-analytics - ::1
[2026-04-24T07:18:51.789Z] [ACCESS] GET /api/admin-data/nlp-status - ::1
[2026-04-24T07:18:51.797Z] [ACCESS] GET /api/admin-data/logs?type=all&lines=100 - ::1
[2026-04-24T07:19:51.696Z] [ACCESS] GET /api/admin-data/stats - ::1
[2026-04-24T07:19:51.710Z] [ACCESS] GET /api/admin-data/users - ::1
[2026-04-24T07:19:51.715Z] [ACCESS] GET /api/admin-data/sos - ::1
[2026-04-24T07:19:51.712Z] [ACCESS] GET /api/admin-data/posts - ::1
[2026-04-24T07:19:51.717Z] [ACCESS] GET /api/admin-data/help-requests - ::1
[2026-04-24T07:19:51.719Z] [ACCESS] GET /api/admin-data/chat-analytics - ::1
[2026-04-24T07:19:51.741Z] [ACCESS] GET /api/admin-data/nlp-status - ::1
[2026-04-24T07:19:51.750Z] [ACCESS] GET /api/admin-data/logs?type=all&lines=100 - ::1
[2026-04-24T07:20:51.690Z] [ACCESS] GET /api/admin-data/stats - ::1
[2026-04-24T07:20:51.702Z] [ACCESS] GET /api/admin-data/users - ::1
[2026-04-24T07:20:51.706Z] [ACCESS] GET /api/admin-data/posts - ::1
[2026-04-24T07:20:51.708Z] [ACCESS] GET /api/admin-data/sos - ::1
[2026-04-24T07:20:51.717Z] [ACCESS] GET /api/admin-data/help-requests - ::1
[2026-04-24T07:20:51.718Z] [ACCESS] GET /api/admin-data/chat-analytics - ::1
[2026-04-24T07:20:51.745Z] [ACCESS] GET /api/admin-data/nlp-status - ::1
[2026-04-24T07:20:51.748Z] [ACCESS] GET /api/admin-data/logs?type=all&lines=100 - ::1
[2026-04-24T07:21:51.701Z] [ACCESS] GET /api/admin-data/stats - ::1
[2026-04-24T07:21:51.704Z] [ACCESS] GET /api/admin-data/users - ::1
[2026-04-24T07:21:51.707Z] [ACCESS] GET /api/admin-data/posts - ::1
[2026-04-24T07:21:51.710Z] [ACCESS] GET /api/admin-data/sos - ::1
[2026-04-24T07:21:51.713Z] [ACCESS] GET /api/admin-data/help-requests - ::1
[2026-04-24T07:21:51.737Z] [ACCESS] GET /api/admin-data/nlp-status - ::1
[2026-04-24T07:21:51.736Z] [ACCESS] GET /api/admin-data/chat-analytics - ::1
[2026-04-24T07:21:51.743Z] [ACCESS] GET /api/admin-data/logs?type=all&lines=100 - ::1
[2026-04-24T07:22:51.700Z] [ACCESS] GET /api/admin-data/stats - ::1
[2026-04-24T07:22:51.706Z] [ACCESS] GET /api/admin-data/users - ::1
[2026-04-24T07:22:51.708Z] [ACCESS] GET /api/admin-data/posts - ::1
[2026-04-24T07:22:51.714Z] [ACCESS] GET /api/admin-data/sos - ::1
[2026-04-24T07:22:51.722Z] [ACCESS] GET /api/admin-data/help-requests - ::1
[2026-04-24T07:22:51.739Z] [ACCESS] GET /api/admin-data/chat-analytics - ::1
[2026-04-24T07:22:51.746Z] [ACCESS] GET /api/admin-data/nlp-status - ::1
[2026-04-24T07:22:51.747Z] [ACCESS] GET /api/admin-data/logs?type=all&lines=100 - ::1
[2026-04-24T07:23:51.703Z] [ACCESS] GET /api/admin-data/stats - ::1
[2026-04-24T07:23:51.705Z] [ACCESS] GET /api/admin-data/users - ::1
[2026-04-24T07:23:51.709Z] [ACCESS] GET /api/admin-data/posts - ::1
[2026-04-24T07:23:51.721Z] [ACCESS] GET /api/admin-data/sos - ::1
[2026-04-24T07:23:51.730Z] [ACCESS] GET /api/admin-data/chat-analytics - ::1
[2026-04-24T07:23:51.729Z] [ACCESS] GET /api/admin-data/help-requests - ::1
[2026-04-24T07:23:51.743Z] [ACCESS] GET /api/admin-data/nlp-status - ::1
[2026-04-24T07:23:51.746Z] [ACCESS] GET /api/admin-data/logs?type=all&lines=100 - ::1
[2026-04-24T07:24:51.702Z] [ACCESS] GET /api/admin-data/stats - ::1
[2026-04-24T07:24:51.708Z] [ACCESS] GET /api/admin-data/users - ::1
[2026-04-24T07:24:51.711Z] [ACCESS] GET /api/admin-data/posts - ::1
[2026-04-24T07:24:51.714Z] [ACCESS] GET /api/admin-data/sos - ::1
[2026-04-24T07:24:51.728Z] [ACCESS] GET /api/admin-data/help-requests - ::1
[2026-04-24T07:24:51.732Z] [ACCESS] GET /api/admin-data/chat-analytics - ::1
[2026-04-24T07:24:51.746Z] [ACCESS] GET /api/admin-data/nlp-status - ::1
[2026-04-24T07:24:51.750Z] [ACCESS] GET /api/admin-data/logs?type=all&lines=100 - ::1
[2026-04-24T07:25:51.689Z] [ACCESS] GET /api/admin-data/stats - ::1
[2026-04-24T07:25:51.692Z] [ACCESS] GET /api/admin-data/users - ::1
[2026-04-24T07:25:51.694Z] [ACCESS] GET /api/admin-data/posts - ::1
[2026-04-24T07:25:51.695Z] [ACCESS] GET /api/admin-data/sos - ::1
[2026-04-24T07:25:51.696Z] [ACCESS] GET /api/admin-data/help-requests - ::1
[2026-04-24T07:25:51.697Z] [ACCESS] GET /api/admin-data/chat-analytics - ::1
[2026-04-24T07:25:51.718Z] [ACCESS] GET /api/admin-data/nlp-status - ::1
[2026-04-24T07:25:51.726Z] [ACCESS] GET /api/admin-data/logs?type=all&lines=100 - ::1
[2026-04-24T07:26:20.783Z] [ACCESS] GET /api/admin-data/stats - ::1
[2026-04-24T07:26:20.787Z] [ACCESS] GET /api/admin-data/users - ::1
[2026-04-24T07:26:20.790Z] [ACCESS] GET /api/admin-data/posts - ::1
[2026-04-24T07:26:20.796Z] [ACCESS] GET /api/admin-data/sos - ::1
[2026-04-24T07:26:20.798Z] [ACCESS] GET /api/admin-data/help-requests - ::1
[2026-04-24T07:26:20.822Z] [ACCESS] GET /api/admin-data/chat-analytics - ::1
[2026-04-24T07:26:20.825Z] [ACCESS] GET /api/admin-data/nlp-status - ::1
[2026-04-24T07:26:20.827Z] [ACCESS] GET /api/admin-data/logs?type=all&lines=100 - ::1
[2026-04-24T07:26:24.698Z] [ACCESS] GET /api/admin-data/stats - ::1
[2026-04-24T07:26:24.699Z] [ACCESS] GET /api/admin-data/users - ::1
[2026-04-24T07:26:24.704Z] [ACCESS] GET /api/admin-data/posts - ::1
[2026-04-24T07:26:24.706Z] [ACCESS] GET /api/admin-data/sos - ::1
[2026-04-24T07:26:24.717Z] [ACCESS] GET /api/admin-data/help-requests - ::1
[2026-04-24T07:26:24.718Z] [ACCESS] GET /api/admin-data/chat-analytics - ::1
[2026-04-24T07:26:24.721Z] [ACCESS] GET /api/admin-data/nlp-status - ::1
[2026-04-24T07:26:24.727Z] [ACCESS] GET /api/admin-data/logs?type=all&lines=100 - ::1
[2026-04-24T07:26:54.702Z] [ACCESS] GET /api/admin-data/stats - ::1
[2026-04-24T07:26:54.704Z] [ACCESS] GET /api/admin-data/users - ::1
[2026-04-24T07:26:54.706Z] [ACCESS] GET /api/admin-data/posts - ::1
[2026-04-24T07:26:54.709Z] [ACCESS] GET /api/admin-data/sos - ::1
[2026-04-24T07:26:54.711Z] [ACCESS] GET /api/admin-data/help-requests - ::1
[2026-04-24T07:26:54.745Z] [ACCESS] GET /api/admin-data/chat-analytics - ::1
[2026-04-24T07:26:54.747Z] [ACCESS] GET /api/admin-data/nlp-status - ::1
[2026-04-24T07:26:54.748Z] [ACCESS] GET /api/admin-data/logs?type=all&lines=100 - ::1
[2026-04-24T07:27:51.700Z] [ACCESS] GET /api/admin-data/stats - ::1
[2026-04-24T07:27:51.701Z] [ACCESS] GET /api/admin-data/users - ::1
[2026-04-24T07:27:51.702Z] [ACCESS] GET /api/admin-data/posts - ::1
[2026-04-24T07:27:51.703Z] [ACCESS] GET /api/admin-data/sos - ::1
[2026-04-24T07:27:51.711Z] [ACCESS] GET /api/admin-data/help-requests - ::1
[2026-04-24T07:27:51.718Z] [ACCESS] GET /api/admin-data/chat-analytics - ::1
[2026-04-24T07:27:51.723Z] [ACCESS] GET /api/admin-data/nlp-status - ::1
[2026-04-24T07:27:51.724Z] [ACCESS] GET /api/admin-data/logs?type=all&lines=100 - ::1
[2026-04-24T07:28:51.689Z] [ACCESS] GET /api/admin-data/stats - ::1
[2026-04-24T07:28:51.692Z] [ACCESS] GET /api/admin-data/users - ::1
[2026-04-24T07:28:51.693Z] [ACCESS] GET /api/admin-data/posts - ::1
[2026-04-24T07:28:51.694Z] [ACCESS] GET /api/admin-data/sos - ::1
[2026-04-24T07:28:51.695Z] [ACCESS] GET /api/admin-data/help-requests - ::1
[2026-04-24T07:28:51.714Z] [ACCESS] GET /api/admin-data/chat-analytics - ::1
[2026-04-24T07:28:51.715Z] [ACCESS] GET /api/admin-data/nlp-status - ::1
[2026-04-24T07:28:51.716Z] [ACCESS] GET /api/admin-data/logs?type=all&lines=100 - ::1
[2026-04-24T07:29:51.710Z] [ACCESS] GET /api/admin-data/stats - ::1
[2026-04-24T07:29:51.713Z] [ACCESS] GET /api/admin-data/users - ::1
[2026-04-24T07:29:51.715Z] [ACCESS] GET /api/admin-data/posts - ::1
[2026-04-24T07:29:51.736Z] [ACCESS] GET /api/admin-data/sos - ::1
[2026-04-24T07:29:51.738Z] [ACCESS] GET /api/admin-data/help-requests - ::1
[2026-04-24T07:29:51.745Z] [ACCESS] GET /api/admin-data/nlp-status - ::1
[2026-04-24T07:29:51.755Z] [ACCESS] GET /api/admin-data/chat-analytics - ::1
[2026-04-24T07:29:51.756Z] [ACCESS] GET /api/admin-data/logs?type=all&lines=100 - ::1
[2026-04-24T07:30:51.700Z] [ACCESS] GET /api/admin-data/stats - ::1
[2026-04-24T07:30:51.701Z] [ACCESS] GET /api/admin-data/users - ::1
[2026-04-24T07:30:51.702Z] [ACCESS] GET /api/admin-data/posts - ::1
[2026-04-24T07:30:51.703Z] [ACCESS] GET /api/admin-data/sos - ::1
[2026-04-24T07:30:51.706Z] [ACCESS] GET /api/admin-data/help-requests - ::1
[2026-04-24T07:30:51.713Z] [ACCESS] GET /api/admin-data/chat-analytics - ::1
[2026-04-24T07:30:51.721Z] [ACCESS] GET /api/admin-data/nlp-status - ::1
[2026-04-24T07:30:51.728Z] [ACCESS] GET /api/admin-data/logs?type=all&lines=100 - ::1
[2026-04-24T07:31:51.701Z] [ACCESS] GET /api/admin-data/stats - ::1
[2026-04-24T07:31:51.702Z] [ACCESS] GET /api/admin-data/users - ::1
[2026-04-24T07:31:51.703Z] [ACCESS] GET /api/admin-data/posts - ::1
[2026-04-24T07:31:51.704Z] [ACCESS] GET /api/admin-data/sos - ::1
[2026-04-24T07:31:51.714Z] [ACCESS] GET /api/admin-data/help-requests - ::1
[2026-04-24T07:31:51.721Z] [ACCESS] GET /api/admin-data/chat-analytics - ::1
[2026-04-24T07:31:51.725Z] [ACCESS] GET /api/admin-data/nlp-status - ::1
[2026-04-24T07:31:51.727Z] [ACCESS] GET /api/admin-data/logs?type=all&lines=100 - ::1
[2026-04-24T07:32:51.693Z] [ACCESS] GET /api/admin-data/stats - ::1
[2026-04-24T07:32:51.696Z] [ACCESS] GET /api/admin-data/users - ::1
[2026-04-24T07:32:51.698Z] [ACCESS] GET /api/admin-data/posts - ::1
[2026-04-24T07:32:51.699Z] [ACCESS] GET /api/admin-data/sos - ::1
[2026-04-24T07:32:51.700Z] [ACCESS] GET /api/admin-data/help-requests - ::1
[2026-04-24T07:32:51.701Z] [ACCESS] GET /api/admin-data/chat-analytics - ::1
[2026-04-24T07:32:51.717Z] [ACCESS] GET /api/admin-data/nlp-status - ::1
[2026-04-24T07:32:51.726Z] [ACCESS] GET /api/admin-data/logs?type=all&lines=100 - ::1
[2026-04-24T07:33:51.693Z] [ACCESS] GET /api/admin-data/stats - ::1
[2026-04-24T07:33:51.694Z] [ACCESS] GET /api/admin-data/users - ::1
[2026-04-24T07:33:51.696Z] [ACCESS] GET /api/admin-data/sos - ::1
[2026-04-24T07:33:51.695Z] [ACCESS] GET /api/admin-data/posts - ::1
[2026-04-24T07:33:51.697Z] [ACCESS] GET /api/admin-data/help-requests - ::1
[2026-04-24T07:33:51.698Z] [ACCESS] GET /api/admin-data/chat-analytics - ::1
[2026-04-24T07:33:51.719Z] [ACCESS] GET /api/admin-data/nlp-status - ::1
[2026-04-24T07:33:51.722Z] [ACCESS] GET /api/admin-data/logs?type=all&lines=100 - ::1
[2026-04-24T07:34:51.693Z] [ACCESS] GET /api/admin-data/stats - ::1
[2026-04-24T07:34:51.694Z] [ACCESS] GET /api/admin-data/users - ::1
[2026-04-24T07:34:51.695Z] [ACCESS] GET /api/admin-data/posts - ::1
[2026-04-24T07:34:51.700Z] [ACCESS] GET /api/admin-data/sos - ::1
[2026-04-24T07:34:51.705Z] [ACCESS] GET /api/admin-data/help-requests - ::1
[2026-04-24T07:34:51.716Z] [ACCESS] GET /api/admin-data/nlp-status - ::1
[2026-04-24T07:34:51.715Z] [ACCESS] GET /api/admin-data/chat-analytics - ::1
[2026-04-24T07:34:51.718Z] [ACCESS] GET /api/admin-data/logs?type=all&lines=100 - ::1
[2026-04-24T07:35:51.700Z] [ACCESS] GET /api/admin-data/stats - ::1
[2026-04-24T07:35:51.702Z] [ACCESS] GET /api/admin-data/users - ::1
[2026-04-24T07:35:51.704Z] [ACCESS] GET /api/admin-data/sos - ::1
[2026-04-24T07:35:51.703Z] [ACCESS] GET /api/admin-data/posts - ::1
[2026-04-24T07:35:51.713Z] [ACCESS] GET /api/admin-data/help-requests - ::1
[2026-04-24T07:35:51.720Z] [ACCESS] GET /api/admin-data/chat-analytics - ::1
[2026-04-24T07:35:51.724Z] [ACCESS] GET /api/admin-data/nlp-status - ::1
[2026-04-24T07:35:51.728Z] [ACCESS] GET /api/admin-data/logs?type=all&lines=100 - ::1
[2026-04-24T07:36:51.697Z] [ACCESS] GET /api/admin-data/stats - ::1
[2026-04-24T07:36:51.698Z] [ACCESS] GET /api/admin-data/users - ::1
[2026-04-24T07:36:51.706Z] [ACCESS] GET /api/admin-data/posts - ::1
[2026-04-24T07:36:51.717Z] [ACCESS] GET /api/admin-data/sos - ::1
[2026-04-24T07:36:51.724Z] [ACCESS] GET /api/admin-data/chat-analytics - ::1
[2026-04-24T07:36:51.720Z] [ACCESS] GET /api/admin-data/help-requests - ::1
[2026-04-24T07:36:51.728Z] [ACCESS] GET /api/admin-data/nlp-status - ::1
[2026-04-24T07:36:51.729Z] [ACCESS] GET /api/admin-data/logs?type=all&lines=100 - ::1
[2026-04-24T07:37:51.704Z] [ACCESS] GET /api/admin-data/stats - ::1
[2026-04-24T07:37:51.706Z] [ACCESS] GET /api/admin-data/users - ::1
[2026-04-24T07:37:51.707Z] [ACCESS] GET /api/admin-data/posts - ::1
[2026-04-24T07:37:51.708Z] [ACCESS] GET /api/admin-data/sos - ::1
[2026-04-24T07:37:51.720Z] [ACCESS] GET /api/admin-data/help-requests - ::1
[2026-04-24T07:37:51.724Z] [ACCESS] GET /api/admin-data/chat-analytics - ::1
[2026-04-24T07:37:51.726Z] [ACCESS] GET /api/admin-data/nlp-status - ::1
[2026-04-24T07:37:51.730Z] [ACCESS] GET /api/admin-data/logs?type=all&lines=100 - ::1
[2026-04-24T07:38:51.697Z] [ACCESS] GET /api/admin-data/stats - ::1
[2026-04-24T07:38:51.698Z] [ACCESS] GET /api/admin-data/users - ::1
[2026-04-24T07:38:51.699Z] [ACCESS] GET /api/admin-data/posts - ::1
[2026-04-24T07:38:51.704Z] [ACCESS] GET /api/admin-data/sos - ::1
[2026-04-24T07:38:51.709Z] [ACCESS] GET /api/admin-data/help-requests - ::1
[2026-04-24T07:38:51.717Z] [ACCESS] GET /api/admin-data/chat-analytics - ::1
[2026-04-24T07:38:51.720Z] [ACCESS] GET /api/admin-data/nlp-status - ::1
[2026-04-24T07:38:51.723Z] [ACCESS] GET /api/admin-data/logs?type=all&lines=100 - ::1
[2026-04-24T07:39:51.933Z] [ACCESS] GET /api/admin-data/nlp-status - ::1
[2026-04-24T07:39:51.931Z] [ACCESS] GET /api/admin-data/chat-analytics - ::1
[2026-04-24T07:39:51.934Z] [ACCESS] GET /api/admin-data/posts - ::1
[2026-04-24T07:39:51.935Z] [ACCESS] GET /api/admin-data/sos - ::1
[2026-04-24T07:39:51.936Z] [ACCESS] GET /api/admin-data/help-requests - ::1
[2026-04-24T07:39:51.936Z] [ACCESS] GET /api/admin-data/stats - ::1
[2026-04-24T07:39:51.952Z] [ACCESS] GET /api/admin-data/logs?type=all&lines=100 - ::1
[2026-04-24T07:39:51.957Z] [ACCESS] GET /api/admin-data/users - ::1
[2026-04-24T07:40:51.703Z] [ACCESS] GET /api/admin-data/stats - ::1
[2026-04-24T07:40:51.704Z] [ACCESS] GET /api/admin-data/users - ::1
[2026-04-24T07:40:51.705Z] [ACCESS] GET /api/admin-data/posts - ::1
[2026-04-24T07:40:51.706Z] [ACCESS] GET /api/admin-data/sos - ::1
[2026-04-24T07:40:51.707Z] [ACCESS] GET /api/admin-data/help-requests - ::1
[2026-04-24T07:40:51.711Z] [ACCESS] GET /api/admin-data/chat-analytics - ::1
[2026-04-24T07:40:51.725Z] [ACCESS] GET /api/admin-data/nlp-status - ::1
[2026-04-24T07:40:51.731Z] [ACCESS] GET /api/admin-data/logs?type=all&lines=100 - ::1
[2026-04-24T07:41:51.698Z] [ACCESS] GET /api/admin-data/stats - ::1
[2026-04-24T07:41:51.701Z] [ACCESS] GET /api/admin-data/users - ::1
[2026-04-24T07:41:51.702Z] [ACCESS] GET /api/admin-data/posts - ::1
[2026-04-24T07:41:51.703Z] [ACCESS] GET /api/admin-data/sos - ::1
[2026-04-24T07:41:51.711Z] [ACCESS] GET /api/admin-data/help-requests - ::1
[2026-04-24T07:41:51.713Z] [ACCESS] GET /api/admin-data/chat-analytics - ::1
[2026-04-24T07:41:51.720Z] [ACCESS] GET /api/admin-data/nlp-status - ::1
[2026-04-24T07:41:51.725Z] [ACCESS] GET /api/admin-data/logs?type=all&lines=100 - ::1
[2026-04-24T07:42:51.697Z] [ACCESS] GET /api/admin-data/stats - ::1
[2026-04-24T07:42:51.698Z] [ACCESS] GET /api/admin-data/users - ::1
[2026-04-24T07:42:51.699Z] [ACCESS] GET /api/admin-data/posts - ::1
[2026-04-24T07:42:51.711Z] [ACCESS] GET /api/admin-data/sos - ::1
[2026-04-24T07:42:51.714Z] [ACCESS] GET /api/admin-data/help-requests - ::1
[2026-04-24T07:42:51.719Z] [ACCESS] GET /api/admin-data/chat-analytics - ::1
[2026-04-24T07:42:51.727Z] [ACCESS] GET /api/admin-data/nlp-status - ::1
[2026-04-24T07:42:51.729Z] [ACCESS] GET /api/admin-data/logs?type=all&lines=100 - ::1
[2026-04-24T07:43:51.690Z] [ACCESS] GET /api/admin-data/stats - ::1
[2026-04-24T07:43:51.693Z] [ACCESS] GET /api/admin-data/users - ::1
[2026-04-24T07:43:51.695Z] [ACCESS] GET /api/admin-data/posts - ::1
[2026-04-24T07:43:51.700Z] [ACCESS] GET /api/admin-data/sos - ::1
[2026-04-24T07:43:51.702Z] [ACCESS] GET /api/admin-data/help-requests - ::1
[2026-04-24T07:43:51.715Z] [ACCESS] GET /api/admin-data/chat-analytics - ::1
[2026-04-24T07:43:51.719Z] [ACCESS] GET /api/admin-data/nlp-status - ::1
[2026-04-24T07:43:51.721Z] [ACCESS] GET /api/admin-data/logs?type=all&lines=100 - ::1
[2026-04-24T07:44:51.699Z] [ACCESS] GET /api/admin-data/stats - ::1
[2026-04-24T07:44:51.702Z] [ACCESS] GET /api/admin-data/users - ::1
[2026-04-24T07:44:51.703Z] [ACCESS] GET /api/admin-data/posts - ::1
[2026-04-24T07:44:51.704Z] [ACCESS] GET /api/admin-data/sos - ::1
[2026-04-24T07:44:51.706Z] [ACCESS] GET /api/admin-data/help-requests - ::1
[2026-04-24T07:44:51.726Z] [ACCESS] GET /api/admin-data/nlp-status - ::1
[2026-04-24T07:44:51.723Z] [ACCESS] GET /api/admin-data/chat-analytics - ::1
[2026-04-24T07:44:51.730Z] [ACCESS] GET /api/admin-data/logs?type=all&lines=100 - ::1
[2026-04-24T07:45:51.700Z] [ACCESS] GET /api/admin-data/stats - ::1
[2026-04-24T07:45:51.701Z] [ACCESS] GET /api/admin-data/users - ::1
[2026-04-24T07:45:51.704Z] [ACCESS] GET /api/admin-data/posts - ::1
[2026-04-24T07:45:51.710Z] [ACCESS] GET /api/admin-data/help-requests - ::1
[2026-04-24T07:45:51.711Z] [ACCESS] GET /api/admin-data/sos - ::1
[2026-04-24T07:45:51.715Z] [ACCESS] GET /api/admin-data/chat-analytics - ::1
[2026-04-24T07:45:51.727Z] [ACCESS] GET /api/admin-data/nlp-status - ::1
[2026-04-24T07:45:51.728Z] [ACCESS] GET /api/admin-data/logs?type=all&lines=100 - ::1
[2026-04-24T07:46:51.703Z] [ACCESS] GET /api/admin-data/stats - ::1
[2026-04-24T07:46:51.705Z] [ACCESS] GET /api/admin-data/users - ::1
[2026-04-24T07:46:51.706Z] [ACCESS] GET /api/admin-data/posts - ::1
[2026-04-24T07:46:51.707Z] [ACCESS] GET /api/admin-data/sos - ::1
[2026-04-24T07:46:51.714Z] [ACCESS] GET /api/admin-data/help-requests - ::1
[2026-04-24T07:46:51.724Z] [ACCESS] GET /api/admin-data/chat-analytics - ::1
[2026-04-24T07:46:51.727Z] [ACCESS] GET /api/admin-data/nlp-status - ::1
[2026-04-24T07:46:51.730Z] [ACCESS] GET /api/admin-data/logs?type=all&lines=100 - ::1
[2026-04-24T07:47:51.695Z] [ACCESS] GET /api/admin-data/stats - ::1
[2026-04-24T07:47:51.696Z] [ACCESS] GET /api/admin-data/users - ::1
[2026-04-24T07:47:51.697Z] [ACCESS] GET /api/admin-data/posts - ::1
[2026-04-24T07:47:51.698Z] [ACCESS] GET /api/admin-data/sos - ::1
[2026-04-24T07:47:51.698Z] [ACCESS] GET /api/admin-data/help-requests - ::1
[2026-04-24T07:47:51.707Z] [ACCESS] GET /api/admin-data/chat-analytics - ::1
[2026-04-24T07:47:51.720Z] [ACCESS] GET /api/admin-data/nlp-status - ::1
[2026-04-24T07:47:51.721Z] [ACCESS] GET /api/admin-data/logs?type=all&lines=100 - ::1
[2026-04-24T07:48:51.697Z] [ACCESS] GET /api/admin-data/stats - ::1
[2026-04-24T07:48:51.700Z] [ACCESS] GET /api/admin-data/users - ::1
[2026-04-24T07:48:51.701Z] [ACCESS] GET /api/admin-data/posts - ::1
[2026-04-24T07:48:51.703Z] [ACCESS] GET /api/admin-data/sos - ::1
[2026-04-24T07:48:51.704Z] [ACCESS] GET /api/admin-data/help-requests - ::1
[2026-04-24T07:48:51.720Z] [ACCESS] GET /api/admin-data/chat-analytics - ::1
[2026-04-24T07:48:51.721Z] [ACCESS] GET /api/admin-data/nlp-status - ::1
[2026-04-24T07:48:51.726Z] [ACCESS] GET /api/admin-data/logs?type=all&lines=100 - ::1
[2026-04-24T07:49:51.701Z] [ACCESS] GET /api/admin-data/stats - ::1
[2026-04-24T07:49:51.706Z] [ACCESS] GET /api/admin-data/users - ::1
[2026-04-24T07:49:51.707Z] [ACCESS] GET /api/admin-data/posts - ::1
[2026-04-24T07:49:51.712Z] [ACCESS] GET /api/admin-data/sos - ::1
[2026-04-24T07:49:51.715Z] [ACCESS] GET /api/admin-data/help-requests - ::1
[2026-04-24T07:49:51.717Z] [ACCESS] GET /api/admin-data/chat-analytics - ::1
[2026-04-24T07:49:51.729Z] [ACCESS] GET /api/admin-data/nlp-status - ::1
[2026-04-24T07:49:51.731Z] [ACCESS] GET /api/admin-data/logs?type=all&lines=100 - ::1
[2026-04-24T07:50:51.692Z] [ACCESS] GET /api/admin-data/stats - ::1
[2026-04-24T07:50:51.695Z] [ACCESS] GET /api/admin-data/users - ::1
[2026-04-24T07:50:51.696Z] [ACCESS] GET /api/admin-data/posts - ::1
[2026-04-24T07:50:51.703Z] [ACCESS] GET /api/admin-data/sos - ::1
[2026-04-24T07:50:51.710Z] [ACCESS] GET /api/admin-data/help-requests - ::1
[2026-04-24T07:50:51.717Z] [ACCESS] GET /api/admin-data/chat-analytics - ::1
[2026-04-24T07:50:51.718Z] [ACCESS] GET /api/admin-data/nlp-status - ::1
[2026-04-24T07:50:51.723Z] [ACCESS] GET /api/admin-data/logs?type=all&lines=100 - ::1
[2026-04-24T07:51:51.696Z] [ACCESS] GET /api/admin-data/stats - ::1
[2026-04-24T07:51:51.697Z] [ACCESS] GET /api/admin-data/users - ::1
[2026-04-24T07:51:51.698Z] [ACCESS] GET /api/admin-data/posts - ::1
[2026-04-24T07:51:51.699Z] [ACCESS] GET /api/admin-data/sos - ::1
[2026-04-24T07:51:51.700Z] [ACCESS] GET /api/admin-data/help-requests - ::1
[2026-04-24T07:51:51.700Z] [ACCESS] GET /api/admin-data/chat-analytics - ::1
[2026-04-24T07:51:51.722Z] [ACCESS] GET /api/admin-data/nlp-status - ::1
[2026-04-24T07:51:51.724Z] [ACCESS] GET /api/admin-data/logs?type=all&lines=100 - ::1
[2026-04-24T07:52:51.692Z] [ACCESS] GET /api/admin-data/stats - ::1
[2026-04-24T07:52:51.695Z] [ACCESS] GET /api/admin-data/users - ::1
[2026-04-24T07:52:51.697Z] [ACCESS] GET /api/admin-data/help-requests - ::1
[2026-04-24T07:52:51.698Z] [ACCESS] GET /api/admin-data/chat-analytics - ::1
[2026-04-24T07:52:51.696Z] [ACCESS] GET /api/admin-data/posts - ::1
[2026-04-24T07:52:51.697Z] [ACCESS] GET /api/admin-data/sos - ::1
[2026-04-24T07:52:51.715Z] [ACCESS] GET /api/admin-data/nlp-status - ::1
[2026-04-24T07:52:51.726Z] [ACCESS] GET /api/admin-data/logs?type=all&lines=100 - ::1
[2026-04-24T07:53:51.701Z] [ACCESS] GET /api/admin-data/stats - ::1
[2026-04-24T07:53:51.702Z] [ACCESS] GET /api/admin-data/users - ::1
[2026-04-24T07:53:51.703Z] [ACCESS] GET /api/admin-data/posts - ::1
[2026-04-24T07:53:51.703Z] [ACCESS] GET /api/admin-data/sos - ::1
[2026-04-24T07:53:51.704Z] [ACCESS] GET /api/admin-data/help-requests - ::1
[2026-04-24T07:53:51.705Z] [ACCESS] GET /api/admin-data/chat-analytics - ::1
[2026-04-24T07:53:51.722Z] [ACCESS] GET /api/admin-data/nlp-status - ::1
[2026-04-24T07:53:51.728Z] [ACCESS] GET /api/admin-data/logs?type=all&lines=100 - ::1
[2026-04-24T07:54:51.699Z] [ACCESS] GET /api/admin-data/stats - ::1
[2026-04-24T07:54:51.700Z] [ACCESS] GET /api/admin-data/users - ::1
[2026-04-24T07:54:51.701Z] [ACCESS] GET /api/admin-data/posts - ::1
[2026-04-24T07:54:51.702Z] [ACCESS] GET /api/admin-data/sos - ::1
[2026-04-24T07:54:51.711Z] [ACCESS] GET /api/admin-data/help-requests - ::1
[2026-04-24T07:54:51.721Z] [ACCESS] GET /api/admin-data/chat-analytics - ::1
[2026-04-24T07:54:51.725Z] [ACCESS] GET /api/admin-data/nlp-status - ::1
[2026-04-24T07:54:51.727Z] [ACCESS] GET /api/admin-data/logs?type=all&lines=100 - ::1
[2026-04-24T07:55:51.703Z] [ACCESS] GET /api/admin-data/stats - ::1
[2026-04-24T07:55:51.704Z] [ACCESS] GET /api/admin-data/users - ::1
[2026-04-24T07:55:51.705Z] [ACCESS] GET /api/admin-data/posts - ::1
[2026-04-24T07:55:51.705Z] [ACCESS] GET /api/admin-data/sos - ::1
[2026-04-24T07:55:51.720Z] [ACCESS] GET /api/admin-data/help-requests - ::1
[2026-04-24T07:55:51.722Z] [ACCESS] GET /api/admin-data/chat-analytics - ::1
[2026-04-24T07:55:51.724Z] [ACCESS] GET /api/admin-data/nlp-status - ::1
[2026-04-24T07:55:51.725Z] [ACCESS] GET /api/admin-data/logs?type=all&lines=100 - ::1
[2026-04-24T07:56:51.691Z] [ACCESS] GET /api/admin-data/stats - ::1
[2026-04-24T07:56:51.692Z] [ACCESS] GET /api/admin-data/users - ::1
[2026-04-24T07:56:51.693Z] [ACCESS] GET /api/admin-data/posts - ::1
[2026-04-24T07:56:51.694Z] [ACCESS] GET /api/admin-data/sos - ::1
[2026-04-24T07:56:51.694Z] [ACCESS] GET /api/admin-data/help-requests - ::1
[2026-04-24T07:56:51.710Z] [ACCESS] GET /api/admin-data/chat-analytics - ::1
[2026-04-24T07:56:51.713Z] [ACCESS] GET /api/admin-data/nlp-status - ::1
[2026-04-24T07:56:51.716Z] [ACCESS] GET /api/admin-data/logs?type=all&lines=100 - ::1
[2026-04-24T07:57:51.696Z] [ACCESS] GET /api/admin-data/stats - ::1
[2026-04-24T07:57:51.697Z] [ACCESS] GET /api/admin-data/users - ::1
[2026-04-24T07:57:51.698Z] [ACCESS] GET /api/admin-data/posts - ::1
[2026-04-24T07:57:51.699Z] [ACCESS] GET /api/admin-data/sos - ::1
[2026-04-24T07:57:51.706Z] [ACCESS] GET /api/admin-data/help-requests - ::1
[2026-04-24T07:57:51.718Z] [ACCESS] GET /api/admin-data/chat-analytics - ::1
[2026-04-24T07:57:51.721Z] [ACCESS] GET /api/admin-data/nlp-status - ::1
[2026-04-24T07:57:51.723Z] [ACCESS] GET /api/admin-data/logs?type=all&lines=100 - ::1
[2026-04-24T07:58:51.702Z] [ACCESS] GET /api/admin-data/stats - ::1
[2026-04-24T07:58:51.703Z] [ACCESS] GET /api/admin-data/users - ::1
[2026-04-24T07:58:51.703Z] [ACCESS] GET /api/admin-data/posts - ::1
[2026-04-24T07:58:51.704Z] [ACCESS] GET /api/admin-data/sos - ::1
[2026-04-24T07:58:51.705Z] [ACCESS] GET /api/admin-data/help-requests - ::1
[2026-04-24T07:58:51.706Z] [ACCESS] GET /api/admin-data/chat-analytics - ::1
[2026-04-24T07:58:51.722Z] [ACCESS] GET /api/admin-data/nlp-status - ::1
[2026-04-24T07:58:51.728Z] [ACCESS] GET /api/admin-data/logs?type=all&lines=100 - ::1
[2026-04-24T07:59:51.693Z] [ACCESS] GET /api/admin-data/stats - ::1
[2026-04-24T07:59:51.695Z] [ACCESS] GET /api/admin-data/users - ::1
[2026-04-24T07:59:51.701Z] [ACCESS] GET /api/admin-data/posts - ::1
[2026-04-24T07:59:51.702Z] [ACCESS] GET /api/admin-data/sos - ::1
[2026-04-24T07:59:51.708Z] [ACCESS] GET /api/admin-data/help-requests - ::1
[2026-04-24T07:59:51.709Z] [ACCESS] GET /api/admin-data/chat-analytics - ::1
[2026-04-24T07:59:51.719Z] [ACCESS] GET /api/admin-data/logs?type=all&lines=100 - ::1
[2026-04-24T07:59:51.722Z] [ACCESS] GET /api/admin-data/nlp-status - ::1
[2026-04-24T08:00:51.690Z] [ACCESS] GET /api/admin-data/stats - ::1
[2026-04-24T08:00:51.693Z] [ACCESS] GET /api/admin-data/users - ::1
[2026-04-24T08:00:51.694Z] [ACCESS] GET /api/admin-data/posts - ::1
[2026-04-24T08:00:51.700Z] [ACCESS] GET /api/admin-data/sos - ::1
[2026-04-24T08:00:51.704Z] [ACCESS] GET /api/admin-data/help-requests - ::1
[2026-04-24T08:00:51.705Z] [ACCESS] GET /api/admin-data/chat-analytics - ::1
[2026-04-24T08:00:51.717Z] [ACCESS] GET /api/admin-data/nlp-status - ::1
[2026-04-24T08:00:51.718Z] [ACCESS] GET /api/admin-data/logs?type=all&lines=100 - ::1
[2026-04-24T08:01:51.706Z] [ACCESS] GET /api/admin-data/stats - ::1
[2026-04-24T08:01:51.709Z] [ACCESS] GET /api/admin-data/users - ::1
[2026-04-24T08:01:51.711Z] [ACCESS] GET /api/admin-data/posts - ::1
[2026-04-24T08:01:51.714Z] [ACCESS] GET /api/admin-data/sos - ::1
[2026-04-24T08:01:51.735Z] [ACCESS] GET /api/admin-data/help-requests - ::1
[2026-04-24T08:01:51.737Z] [ACCESS] GET /api/admin-data/chat-analytics - ::1
[2026-04-24T08:01:51.738Z] [ACCESS] GET /api/admin-data/nlp-status - ::1
[2026-04-24T08:01:51.739Z] [ACCESS] GET /api/admin-data/logs?type=all&lines=100 - ::1
[2026-04-24T08:02:51.696Z] [ACCESS] GET /api/admin-data/stats - ::1
[2026-04-24T08:02:51.697Z] [ACCESS] GET /api/admin-data/users - ::1
[2026-04-24T08:02:51.698Z] [ACCESS] GET /api/admin-data/posts - ::1
[2026-04-24T08:02:51.699Z] [ACCESS] GET /api/admin-data/sos - ::1
[2026-04-24T08:02:51.700Z] [ACCESS] GET /api/admin-data/help-requests - ::1
[2026-04-24T08:02:51.707Z] [ACCESS] GET /api/admin-data/chat-analytics - ::1
[2026-04-24T08:02:51.723Z] [ACCESS] GET /api/admin-data/nlp-status - ::1
[2026-04-24T08:02:51.724Z] [ACCESS] GET /api/admin-data/logs?type=all&lines=100 - ::1
[2026-04-24T08:03:51.698Z] [ACCESS] GET /api/admin-data/stats - ::1
[2026-04-24T08:03:51.700Z] [ACCESS] GET /api/admin-data/users - ::1
[2026-04-24T08:03:51.701Z] [ACCESS] GET /api/admin-data/posts - ::1
[2026-04-24T08:03:51.702Z] [ACCESS] GET /api/admin-data/sos - ::1
[2026-04-24T08:03:51.718Z] [ACCESS] GET /api/admin-data/chat-analytics - ::1
[2026-04-24T08:03:51.717Z] [ACCESS] GET /api/admin-data/help-requests - ::1
[2026-04-24T08:03:51.721Z] [ACCESS] GET /api/admin-data/nlp-status - ::1
[2026-04-24T08:03:51.722Z] [ACCESS] GET /api/admin-data/logs?type=all&lines=100 - ::1
[2026-04-24T08:04:51.692Z] [ACCESS] GET /api/admin-data/stats - ::1
[2026-04-24T08:04:51.692Z] [ACCESS] GET /api/admin-data/users - ::1
[2026-04-24T08:04:51.693Z] [ACCESS] GET /api/admin-data/posts - ::1
[2026-04-24T08:04:51.694Z] [ACCESS] GET /api/admin-data/sos - ::1
[2026-04-24T08:04:51.695Z] [ACCESS] GET /api/admin-data/help-requests - ::1
[2026-04-24T08:04:51.695Z] [ACCESS] GET /api/admin-data/chat-analytics - ::1
[2026-04-24T08:04:51.711Z] [ACCESS] GET /api/admin-data/nlp-status - ::1
[2026-04-24T08:04:51.721Z] [ACCESS] GET /api/admin-data/logs?type=all&lines=100 - ::1
[2026-04-24T08:30:32.669Z] [ACCESS] POST /api/elderly/login - ::1
[2026-04-24T08:30:32.805Z] [ACCESS] GET /api/follow/feed - ::1
[2026-04-24T08:30:32.818Z] [ACCESS] GET /api/follow/feed - ::1
[2026-04-24T08:30:32.832Z] [ACCESS] GET /api/sos/history - ::1
[2026-04-24T08:30:32.836Z] [ACCESS] GET /api/chat/chats - ::1
[2026-04-24T08:30:32.840Z] [ACCESS] GET /api/sos/history - ::1
[2026-04-24T08:30:32.848Z] [ACCESS] GET /api/chat/chats - ::1
[2026-04-24T08:30:39.955Z] [ACCESS] GET /api/elderly/profile/69eb11f2f55a756ae4e91c8a - ::1
[2026-04-24T08:30:39.962Z] [ACCESS] GET /api/elderly/profile/69eb11f2f55a756ae4e91c8a - ::1
[2026-04-24T08:30:39.996Z] [ACCESS] GET /api/sos/history - ::1
[2026-04-24T08:30:40.002Z] [ACCESS] GET /api/sos/history - ::1
[2026-04-24T08:30:40.013Z] [ACCESS] GET /api/chat/chats - ::1
[2026-04-24T08:30:40.020Z] [ACCESS] GET /api/chat/chats - ::1
[2026-04-24T08:30:43.079Z] [ACCESS] GET /api/follow/feed - ::1
[2026-04-24T08:30:43.092Z] [ACCESS] GET /api/follow/feed - ::1
[2026-04-24T08:30:43.098Z] [ACCESS] GET /api/sos/history - ::1
[2026-04-24T08:30:43.100Z] [ACCESS] GET /api/chat/chats - ::1
[2026-04-24T08:30:43.111Z] [ACCESS] GET /api/sos/history - ::1
[2026-04-24T08:30:43.116Z] [ACCESS] GET /api/chat/chats - ::1
[2026-04-24T08:30:45.112Z] [ACCESS] GET /api/follow/feed - ::1
[2026-04-24T08:30:45.127Z] [ACCESS] GET /api/follow/feed - ::1
[2026-04-24T08:30:45.151Z] [ACCESS] GET /api/sos/history - ::1
[2026-04-24T08:30:45.157Z] [ACCESS] GET /api/sos/history - ::1
[2026-04-24T08:30:45.173Z] [ACCESS] GET /api/chat/chats - ::1
[2026-04-24T08:30:45.182Z] [ACCESS] GET /api/chat/chats - ::1
[2026-04-24T08:34:58.983Z] [ACCESS] POST /api/elderly/login - ::1
[2026-04-24T08:34:59.132Z] [ACCESS] GET /api/follow/feed - ::1
[2026-04-24T08:34:59.135Z] [ACCESS] GET /api/chat/chats - ::1
[2026-04-24T08:34:59.138Z] [ACCESS] GET /api/sos/history - ::1
[2026-04-24T08:34:59.155Z] [ACCESS] GET /api/sos/history - ::1
[2026-04-24T08:34:59.162Z] [ACCESS] GET /api/chat/chats - ::1
[2026-04-24T08:34:59.170Z] [ACCESS] GET /api/follow/feed - ::1
[2026-04-24T08:35:29.122Z] [ACCESS] GET /api/chat/chats - ::1
[2026-04-24T08:35:59.119Z] [ACCESS] GET /api/chat/chats - ::1
[2026-04-24T08:36:29.119Z] [ACCESS] GET /api/chat/chats - ::1
[2026-04-24T08:36:59.711Z] [ACCESS] GET /api/chat/chats - ::1
[2026-04-24T08:37:28.709Z] [ACCESS] GET /api/admin-data/stats - ::1
[2026-04-24T08:37:28.710Z] [ACCESS] GET /api/admin-data/users - ::1
[2026-04-24T08:37:28.712Z] [ACCESS] GET /api/admin-data/posts - ::1
[2026-04-24T08:37:28.733Z] [ACCESS] GET /api/admin-data/sos - ::1
[2026-04-24T08:37:28.734Z] [ACCESS] GET /api/admin-data/help-requests - ::1
[2026-04-24T08:37:28.760Z] [ACCESS] GET /api/admin-data/chat-analytics - ::1
[2026-04-24T08:37:28.763Z] [ACCESS] GET /api/admin-data/nlp-status - ::1
[2026-04-24T08:37:28.768Z] [ACCESS] GET /api/admin-data/logs?type=all&lines=100 - ::1
[2026-04-24T08:37:29.340Z] [ACCESS] GET /api/admin-data/stats - ::1
[2026-04-24T08:37:29.345Z] [ACCESS] GET /api/admin-data/users - ::1
[2026-04-24T08:37:29.346Z] [ACCESS] GET /api/admin-data/posts - ::1
[2026-04-24T08:37:29.347Z] [ACCESS] GET /api/admin-data/sos - ::1
[2026-04-24T08:37:29.357Z] [ACCESS] GET /api/admin-data/help-requests - ::1
[2026-04-24T08:37:29.366Z] [ACCESS] GET /api/admin-data/chat-analytics - ::1
[2026-04-24T08:37:29.367Z] [ACCESS] GET /api/admin-data/nlp-status - ::1
[2026-04-24T08:37:29.375Z] [ACCESS] GET /api/admin-data/logs?type=all&lines=100 - ::1
[2026-04-24T08:37:29.384Z] [ACCESS] GET /api/admin-data/sos - ::1
[2026-04-24T08:37:29.386Z] [ACCESS] GET /api/admin-data/posts - ::1
[2026-04-24T08:37:29.392Z] [ACCESS] GET /api/admin-data/users - ::1
[2026-04-24T08:37:29.393Z] [ACCESS] GET /api/admin-data/logs?type=all&lines=100 - ::1
[2026-04-24T08:37:29.405Z] [ACCESS] GET /api/admin-data/help-requests - ::1
[2026-04-24T08:37:29.406Z] [ACCESS] GET /api/admin-data/nlp-status - ::1
[2026-04-24T08:37:29.454Z] [ACCESS] GET /api/admin-data/stats - ::1
[2026-04-24T08:37:29.482Z] [ACCESS] GET /api/admin-data/chat-analytics - ::1
[2026-04-24T08:37:29.687Z] [ACCESS] GET /api/chat/chats - ::1
[2026-04-24T08:37:59.705Z] [ACCESS] GET /api/chat/chats - ::1
[2026-04-24T08:38:29.704Z] [ACCESS] GET /api/chat/chats - ::1
[2026-04-24T08:39:51.713Z] [ACCESS] GET /api/chat/chats - ::1
[2026-04-24T08:40:51.704Z] [ACCESS] GET /api/chat/chats - ::1
[2026-04-24T08:41:51.714Z] [ACCESS] GET /api/chat/chats - ::1
[2026-04-24T08:42:51.711Z] [ACCESS] GET /api/chat/chats - ::1
[2026-04-24T08:43:51.705Z] [ACCESS] GET /api/chat/chats - ::1
[2026-04-24T08:44:51.709Z] [ACCESS] GET /api/chat/chats - ::1
[2026-04-24T08:45:51.717Z] [ACCESS] GET /api/chat/chats - ::1
[2026-04-24T08:46:51.707Z] [ACCESS] GET /api/chat/chats - ::1
[2026-04-24T08:47:51.711Z] [ACCESS] GET /api/chat/chats - ::1
[2026-04-24T08:48:51.716Z] [ACCESS] GET /api/chat/chats - ::1
[2026-04-24T08:49:30.196Z] [ACCESS] GET /api/admin-data/stats - ::1
[2026-04-24T08:49:30.197Z] [ACCESS] GET /api/admin-data/users - ::1
[2026-04-24T08:49:30.199Z] [ACCESS] GET /api/admin-data/posts - ::1
[2026-04-24T08:49:30.200Z] [ACCESS] GET /api/admin-data/sos - ::1
[2026-04-24T08:49:30.203Z] [ACCESS] GET /api/admin-data/help-requests - ::1
[2026-04-24T08:49:30.204Z] [ACCESS] GET /api/admin-data/chat-analytics - ::1
[2026-04-24T08:49:30.228Z] [ACCESS] GET /api/admin-data/nlp-status - ::1
[2026-04-24T08:49:30.238Z] [ACCESS] GET /api/admin-data/logs?type=all&lines=100 - ::1
[2026-04-24T08:49:51.708Z] [ACCESS] GET /api/chat/chats - ::1
[2026-04-24T08:49:59.692Z] [ACCESS] GET /api/admin-data/stats - ::1
[2026-04-24T08:49:59.694Z] [ACCESS] GET /api/admin-data/users - ::1
[2026-04-24T08:49:59.696Z] [ACCESS] GET /api/admin-data/posts - ::1
[2026-04-24T08:49:59.697Z] [ACCESS] GET /api/admin-data/sos - ::1
[2026-04-24T08:49:59.715Z] [ACCESS] GET /api/admin-data/help-requests - ::1
[2026-04-24T08:49:59.716Z] [ACCESS] GET /api/admin-data/chat-analytics - ::1
[2026-04-24T08:49:59.719Z] [ACCESS] GET /api/admin-data/nlp-status - ::1
[2026-04-24T08:49:59.720Z] [ACCESS] GET /api/admin-data/logs?type=all&lines=100 - ::1
[2026-04-24T08:50:29.697Z] [ACCESS] GET /api/admin-data/stats - ::1
[2026-04-24T08:50:29.699Z] [ACCESS] GET /api/admin-data/users - ::1
[2026-04-24T08:50:29.701Z] [ACCESS] GET /api/admin-data/posts - ::1
[2026-04-24T08:50:29.702Z] [ACCESS] GET /api/admin-data/sos - ::1
[2026-04-24T08:50:29.706Z] [ACCESS] GET /api/admin-data/help-requests - ::1
[2026-04-24T08:50:29.707Z] [ACCESS] GET /api/admin-data/chat-analytics - ::1
[2026-04-24T08:50:29.723Z] [ACCESS] GET /api/admin-data/nlp-status - ::1
[2026-04-24T08:50:29.731Z] [ACCESS] GET /api/admin-data/logs?type=all&lines=100 - ::1
[2026-04-24T08:50:51.705Z] [ACCESS] GET /api/chat/chats - ::1
[2026-04-24T08:50:59.688Z] [ACCESS] GET /api/admin-data/stats - ::1
[2026-04-24T08:50:59.689Z] [ACCESS] GET /api/admin-data/users - ::1
[2026-04-24T08:50:59.690Z] [ACCESS] GET /api/admin-data/posts - ::1
[2026-04-24T08:50:59.691Z] [ACCESS] GET /api/admin-data/sos - ::1
[2026-04-24T08:50:59.699Z] [ACCESS] GET /api/admin-data/help-requests - ::1
[2026-04-24T08:50:59.701Z] [ACCESS] GET /api/admin-data/chat-analytics - ::1
[2026-04-24T08:50:59.709Z] [ACCESS] GET /api/admin-data/nlp-status - ::1
[2026-04-24T08:50:59.716Z] [ACCESS] GET /api/admin-data/logs?type=all&lines=100 - ::1
[2026-04-24T08:51:25.479Z] [ACCESS] GET /api/chat/chats - ::1
[2026-04-24T08:51:26.883Z] [ACCESS] GET /api/chat/chats - ::1
[2026-04-24T08:51:26.898Z] [ACCESS] GET /api/help/items/user/me - ::1
[2026-04-24T08:51:26.903Z] [ACCESS] GET /api/help/items?page=1&limit=12&type=&status=available&urgency=&location=&search=&category=&condition= - ::1
[2026-04-24T08:51:26.905Z] [ACCESS] GET /api/help/help-requests/my - ::1
[2026-04-24T08:51:26.908Z] [ACCESS] GET /api/help/nearby-opportunities - ::1
[2026-04-24T08:51:26.914Z] [ACCESS] GET /api/chat/chats - ::1
[2026-04-24T08:51:26.921Z] [ACCESS] GET /api/help/help-requests/volunteering - ::1
[2026-04-24T08:51:26.932Z] [ACCESS] GET /api/help/help-requests/public?page=1&limit=10&type=&urgency=&location=&search=&category=&condition= - ::1
[2026-04-24T08:51:26.949Z] [ACCESS] GET /api/sos/history - ::1
[2026-04-24T08:51:26.952Z] [ACCESS] GET /api/help/items/user/me - ::1
[2026-04-24T08:51:26.954Z] [ACCESS] GET /api/help/items?page=1&limit=12&type=&status=available&urgency=&location=&search=&category=&condition= - ::1
[2026-04-24T08:51:26.957Z] [ACCESS] GET /api/help/help-requests/my - ::1
[2026-04-24T08:51:26.968Z] [ACCESS] GET /api/help/nearby-opportunities - ::1
[2026-04-24T08:51:26.972Z] [ACCESS] GET /api/help/help-requests/volunteering - ::1
[2026-04-24T08:51:26.979Z] [ACCESS] GET /api/help/help-requests/public?page=1&limit=10&type=&urgency=&location=&search=&category=&condition= - ::1
[2026-04-24T08:51:28.812Z] [ACCESS] GET /api/chat/chats - ::1
[2026-04-24T08:51:28.818Z] [ACCESS] GET /api/elderly/users/all - ::1
[2026-04-24T08:51:28.820Z] [ACCESS] GET /api/elderly/users/suggested?limit=3 - ::1
[2026-04-24T08:51:28.829Z] [ACCESS] GET /api/chat/chats - ::1
[2026-04-24T08:51:28.890Z] [ACCESS] GET /api/elderly/users/all - ::1
[2026-04-24T08:51:28.899Z] [ACCESS] GET /api/sos/history - ::1
[2026-04-24T08:51:28.901Z] [ACCESS] GET /api/elderly/users/suggested?limit=3 - ::1
[2026-04-24T08:51:28.914Z] [ACCESS] GET /api/follow/status/69eb11f2f55a756ae4e91c8a - ::1
[2026-04-24T08:51:28.943Z] [ACCESS] GET /api/sos/history - ::1
[2026-04-24T08:51:29.042Z] [ACCESS] GET /api/follow/status/69a07d12c340cede98668a79 - ::1
[2026-04-24T08:51:29.045Z] [ACCESS] GET /api/follow/status/69a07e11c340cede98668aff - ::1
[2026-04-24T08:51:29.048Z] [ACCESS] GET /api/follow/status/69a07b5cc340cede9866898c - ::1
[2026-04-24T08:51:29.047Z] [ACCESS] GET /api/follow/status/69a07c4fc340cede986689f9 - ::1
[2026-04-24T08:51:29.052Z] [ACCESS] GET /api/follow/status/69ccc52df8485d977a7fc7d3 - ::1
[2026-04-24T08:51:29.050Z] [ACCESS] GET /api/follow/status/69e8d19aeb490b1a0c11f38c - ::1
[2026-04-24T08:51:29.068Z] [ACCESS] GET /api/follow/status/69ccd94bf0258471755c73fa - ::1
[2026-04-24T08:51:29.070Z] [ACCESS] GET /api/follow/status/69eb11f2f55a756ae4e91c8a - ::1
[2026-04-24T08:51:29.075Z] [ACCESS] GET /api/follow/status/69a07d12c340cede98668a79 - ::1
[2026-04-24T08:51:29.080Z] [ACCESS] GET /api/follow/status/69a07e11c340cede98668aff - ::1
[2026-04-24T08:51:29.073Z] [ACCESS] GET /api/follow/status/69a07c4fc340cede986689f9 - ::1
[2026-04-24T08:51:29.086Z] [ACCESS] GET /api/follow/status/69ccc52df8485d977a7fc7d3 - ::1
[2026-04-24T08:51:29.091Z] [ACCESS] GET /api/follow/status/69e8d19aeb490b1a0c11f38c - ::1
[2026-04-24T08:51:29.095Z] [ACCESS] GET /api/follow/status/69a07b5cc340cede9866898c - ::1
[2026-04-24T08:51:29.097Z] [ACCESS] GET /api/follow/status/69ccd94bf0258471755c73fa - ::1
[2026-04-24T08:51:29.691Z] [ACCESS] GET /api/admin-data/stats - ::1
[2026-04-24T08:51:29.692Z] [ACCESS] GET /api/admin-data/users - ::1
[2026-04-24T08:51:29.693Z] [ACCESS] GET /api/admin-data/posts - ::1
[2026-04-24T08:51:29.694Z] [ACCESS] GET /api/admin-data/sos - ::1
[2026-04-24T08:51:29.695Z] [ACCESS] GET /api/admin-data/help-requests - ::1
[2026-04-24T08:51:29.705Z] [ACCESS] GET /api/admin-data/chat-analytics - ::1
[2026-04-24T08:51:29.713Z] [ACCESS] GET /api/admin-data/nlp-status - ::1
[2026-04-24T08:51:29.722Z] [ACCESS] GET /api/admin-data/logs?type=all&lines=100 - ::1
[2026-04-24T08:51:59.705Z] [ACCESS] GET /api/admin-data/users - ::1
[2026-04-24T08:51:59.706Z] [ACCESS] GET /api/admin-data/stats - ::1
[2026-04-24T08:51:59.707Z] [ACCESS] GET /api/admin-data/posts - ::1
[2026-04-24T08:51:59.708Z] [ACCESS] GET /api/admin-data/sos - ::1
[2026-04-24T08:51:59.709Z] [ACCESS] GET /api/admin-data/nlp-status - ::1
[2026-04-24T08:51:59.710Z] [ACCESS] GET /api/admin-data/help-requests - ::1
[2026-04-24T08:51:59.732Z] [ACCESS] GET /api/admin-data/chat-analytics - ::1
[2026-04-24T08:51:59.736Z] [ACCESS] GET /api/chat/chats - ::1
[2026-04-24T08:51:59.745Z] [ACCESS] GET /api/admin-data/logs?type=all&lines=100 - ::1
[2026-04-24T08:52:29.702Z] [ACCESS] GET /api/admin-data/stats - ::1
[2026-04-24T08:52:29.706Z] [ACCESS] GET /api/chat/chats - ::1
[2026-04-24T08:52:29.709Z] [ACCESS] GET /api/admin-data/users - ::1
[2026-04-24T08:52:29.713Z] [ACCESS] GET /api/admin-data/chat-analytics - ::1
[2026-04-24T08:52:29.710Z] [ACCESS] GET /api/admin-data/posts - ::1
[2026-04-24T08:52:29.711Z] [ACCESS] GET /api/admin-data/sos - ::1
[2026-04-24T08:52:29.712Z] [ACCESS] GET /api/admin-data/help-requests - ::1
[2026-04-24T08:52:29.734Z] [ACCESS] GET /api/admin-data/nlp-status - ::1
[2026-04-24T08:52:29.742Z] [ACCESS] GET /api/admin-data/logs?type=all&lines=100 - ::1
[2026-04-24T08:52:59.688Z] [ACCESS] GET /api/admin-data/stats - ::1
[2026-04-24T08:52:59.689Z] [ACCESS] GET /api/chat/chats - ::1
[2026-04-24T08:52:59.698Z] [ACCESS] GET /api/admin-data/users - ::1
[2026-04-24T08:52:59.703Z] [ACCESS] GET /api/admin-data/posts - ::1
[2026-04-24T08:52:59.704Z] [ACCESS] GET /api/admin-data/sos - ::1
[2026-04-24T08:52:59.706Z] [ACCESS] GET /api/admin-data/help-requests - ::1
[2026-04-24T08:52:59.707Z] [ACCESS] GET /api/admin-data/chat-analytics - ::1
[2026-04-24T08:52:59.722Z] [ACCESS] GET /api/admin-data/nlp-status - ::1
[2026-04-24T08:52:59.732Z] [ACCESS] GET /api/admin-data/logs?type=all&lines=100 - ::1
[2026-04-24T08:53:29.694Z] [ACCESS] GET /api/admin-data/stats - ::1
[2026-04-24T08:53:29.695Z] [ACCESS] GET /api/chat/chats - ::1
[2026-04-24T08:53:29.699Z] [ACCESS] GET /api/admin-data/users - ::1
[2026-04-24T08:53:29.702Z] [ACCESS] GET /api/admin-data/posts - ::1
[2026-04-24T08:53:29.704Z] [ACCESS] GET /api/admin-data/sos - ::1
[2026-04-24T08:53:29.707Z] [ACCESS] GET /api/admin-data/help-requests - ::1
[2026-04-24T08:53:29.713Z] [ACCESS] GET /api/admin-data/chat-analytics - ::1
[2026-04-24T08:53:29.727Z] [ACCESS] GET /api/admin-data/nlp-status - ::1
[2026-04-24T08:53:29.731Z] [ACCESS] GET /api/admin-data/logs?type=all&lines=100 - ::1
[2026-04-24T08:53:58.818Z] [ACCESS] GET /api/chat/chats - ::1
[2026-04-24T08:53:59.697Z] [ACCESS] GET /api/admin-data/stats - ::1
[2026-04-24T08:53:59.700Z] [ACCESS] GET /api/admin-data/users - ::1
[2026-04-24T08:53:59.701Z] [ACCESS] GET /api/admin-data/posts - ::1
[2026-04-24T08:53:59.703Z] [ACCESS] GET /api/admin-data/sos - ::1
[2026-04-24T08:53:59.704Z] [ACCESS] GET /api/admin-data/help-requests - ::1
[2026-04-24T08:53:59.714Z] [ACCESS] GET /api/admin-data/chat-analytics - ::1
[2026-04-24T08:53:59.723Z] [ACCESS] GET /api/admin-data/nlp-status - ::1
[2026-04-24T08:53:59.732Z] [ACCESS] GET /api/admin-data/logs?type=all&lines=100 - ::1
[2026-04-24T08:54:00.790Z] [ACCESS] GET /api/chat/chats - ::1
[2026-04-24T08:54:00.813Z] [ACCESS] GET /api/chat/chats - ::1
[2026-04-24T08:54:00.821Z] [ACCESS] GET /api/help/help-requests/my - ::1
[2026-04-24T08:54:00.826Z] [ACCESS] GET /api/help/help-requests/volunteering - ::1
[2026-04-24T08:54:00.828Z] [ACCESS] GET /api/help/items/user/me - ::1
[2026-04-24T08:54:00.830Z] [ACCESS] GET /api/help/help-requests/public?page=1&limit=10&type=&urgency=&location=&search=&category=&condition= - ::1
[2026-04-24T08:54:00.834Z] [ACCESS] GET /api/help/items?page=1&limit=12&type=&status=available&urgency=&location=&search=&category=&condition= - ::1
[2026-04-24T08:54:00.850Z] [ACCESS] GET /api/help/nearby-opportunities - ::1
[2026-04-24T08:54:00.853Z] [ACCESS] GET /api/sos/history - ::1
[2026-04-24T08:54:00.856Z] [ACCESS] GET /api/help/help-requests/my - ::1
[2026-04-24T08:54:00.864Z] [ACCESS] GET /api/help/items/user/me - ::1
[2026-04-24T08:54:00.870Z] [ACCESS] GET /api/help/help-requests/volunteering - ::1
[2026-04-24T08:54:00.872Z] [ACCESS] GET /api/help/help-requests/public?page=1&limit=10&type=&urgency=&location=&search=&category=&condition= - ::1
[2026-04-24T08:54:00.884Z] [ACCESS] GET /api/help/items?page=1&limit=12&type=&status=available&urgency=&location=&search=&category=&condition= - ::1
[2026-04-24T08:54:00.889Z] [ACCESS] GET /api/help/nearby-opportunities - ::1
[2026-04-24T08:54:29.695Z] [ACCESS] GET /api/admin-data/stats - ::1
[2026-04-24T08:54:29.698Z] [ACCESS] GET /api/admin-data/users - ::1
[2026-04-24T08:54:29.700Z] [ACCESS] GET /api/admin-data/posts - ::1
[2026-04-24T08:54:29.746Z] [ACCESS] GET /api/admin-data/sos - ::1
[2026-04-24T08:54:29.748Z] [ACCESS] GET /api/admin-data/help-requests - ::1
[2026-04-24T08:54:29.758Z] [ACCESS] GET /api/admin-data/nlp-status - ::1
[2026-04-24T08:54:29.750Z] [ACCESS] GET /api/admin-data/chat-analytics - ::1
[2026-04-24T08:54:29.771Z] [ACCESS] GET /api/admin-data/logs?type=all&lines=100 - ::1
[2026-04-24T08:54:31.688Z] [ACCESS] GET /api/chat/chats - ::1
[2026-04-24T08:55:01.633Z] [ACCESS] GET /api/chat/chats - ::1
[2026-04-24T08:55:21.781Z] [ACCESS] GET /api/admin-data/chat-analytics - ::1
[2026-04-24T08:55:21.786Z] [ACCESS] GET /api/admin-data/help-requests - ::1
[2026-04-24T08:55:21.788Z] [ACCESS] GET /api/admin-data/sos - ::1
[2026-04-24T08:55:21.791Z] [ACCESS] GET /api/admin-data/posts - ::1
[2026-04-24T08:55:21.794Z] [ACCESS] GET /api/admin-data/users - ::1
[2026-04-24T08:55:21.804Z] [ACCESS] GET /api/admin-data/stats - ::1
[2026-04-24T08:55:21.818Z] [ACCESS] GET /api/admin-data/nlp-status - ::1
[2026-04-24T08:55:21.830Z] [ACCESS] GET /api/admin-data/logs?type=all&lines=100 - ::1
[2026-04-24T08:55:29.699Z] [ACCESS] GET /api/admin-data/stats - ::1
[2026-04-24T08:55:29.702Z] [ACCESS] GET /api/admin-data/users - ::1
[2026-04-24T08:55:29.703Z] [ACCESS] GET /api/admin-data/posts - ::1
[2026-04-24T08:55:29.704Z] [ACCESS] GET /api/admin-data/sos - ::1
[2026-04-24T08:55:29.705Z] [ACCESS] GET /api/admin-data/help-requests - ::1
[2026-04-24T08:55:29.725Z] [ACCESS] GET /api/admin-data/nlp-status - ::1
[2026-04-24T08:55:29.716Z] [ACCESS] GET /api/admin-data/chat-analytics - ::1
[2026-04-24T08:55:29.735Z] [ACCESS] GET /api/admin-data/logs?type=all&lines=100 - ::1
[2026-04-24T08:55:31.701Z] [ACCESS] GET /api/chat/chats - ::1
[2026-04-24T08:55:59.695Z] [ACCESS] GET /api/admin-data/stats - ::1
[2026-04-24T08:55:59.697Z] [ACCESS] GET /api/admin-data/users - ::1
[2026-04-24T08:55:59.699Z] [ACCESS] GET /api/admin-data/posts - ::1
[2026-04-24T08:55:59.700Z] [ACCESS] GET /api/admin-data/sos - ::1
[2026-04-24T08:55:59.701Z] [ACCESS] GET /api/admin-data/help-requests - ::1
[2026-04-24T08:55:59.715Z] [ACCESS] GET /api/admin-data/chat-analytics - ::1
[2026-04-24T08:55:59.723Z] [ACCESS] GET /api/admin-data/nlp-status - ::1
[2026-04-24T08:55:59.732Z] [ACCESS] GET /api/admin-data/logs?type=all&lines=100 - ::1
[2026-04-24T08:56:01.692Z] [ACCESS] GET /api/chat/chats - ::1
[2026-04-24T08:56:29.689Z] [ACCESS] GET /api/admin-data/stats - ::1
[2026-04-24T08:56:29.693Z] [ACCESS] GET /api/admin-data/users - ::1
[2026-04-24T08:56:29.695Z] [ACCESS] GET /api/admin-data/posts - ::1
[2026-04-24T08:56:29.696Z] [ACCESS] GET /api/admin-data/help-requests - ::1
[2026-04-24T08:56:29.696Z] [ACCESS] GET /api/admin-data/sos - ::1
[2026-04-24T08:56:29.704Z] [ACCESS] GET /api/admin-data/chat-analytics - ::1
[2026-04-24T08:56:29.721Z] [ACCESS] GET /api/admin-data/nlp-status - ::1
[2026-04-24T08:56:29.729Z] [ACCESS] GET /api/admin-data/logs?type=all&lines=100 - ::1
[2026-04-24T08:56:31.695Z] [ACCESS] GET /api/chat/chats - ::1
[2026-04-24T08:56:59.691Z] [ACCESS] GET /api/admin-data/stats - ::1
[2026-04-24T08:56:59.695Z] [ACCESS] GET /api/admin-data/users - ::1
[2026-04-24T08:56:59.697Z] [ACCESS] GET /api/admin-data/sos - ::1
[2026-04-24T08:56:59.698Z] [ACCESS] GET /api/admin-data/help-requests - ::1
[2026-04-24T08:56:59.696Z] [ACCESS] GET /api/admin-data/posts - ::1
[2026-04-24T08:56:59.700Z] [ACCESS] GET /api/admin-data/chat-analytics - ::1
[2026-04-24T08:56:59.723Z] [ACCESS] GET /api/admin-data/nlp-status - ::1
[2026-04-24T08:56:59.734Z] [ACCESS] GET /api/admin-data/logs?type=all&lines=100 - ::1
[2026-04-24T08:57:01.694Z] [ACCESS] GET /api/chat/chats - ::1
[2026-04-24T08:57:29.704Z] [ACCESS] GET /api/admin-data/stats - ::1
[2026-04-24T08:57:29.708Z] [ACCESS] GET /api/admin-data/users - ::1
[2026-04-24T08:57:29.710Z] [ACCESS] GET /api/admin-data/posts - ::1
[2026-04-24T08:57:29.712Z] [ACCESS] GET /api/admin-data/sos - ::1
[2026-04-24T08:57:29.713Z] [ACCESS] GET /api/admin-data/help-requests - ::1
[2026-04-24T08:57:29.725Z] [ACCESS] GET /api/admin-data/chat-analytics - ::1
[2026-04-24T08:57:29.737Z] [ACCESS] GET /api/admin-data/nlp-status - ::1
[2026-04-24T08:57:29.742Z] [ACCESS] GET /api/admin-data/logs?type=all&lines=100 - ::1
[2026-04-24T08:57:51.704Z] [ACCESS] GET /api/chat/chats - ::1
[2026-04-24T08:57:59.692Z] [ACCESS] GET /api/admin-data/stats - ::1
[2026-04-24T08:57:59.693Z] [ACCESS] GET /api/admin-data/users - ::1
[2026-04-24T08:57:59.699Z] [ACCESS] GET /api/admin-data/posts - ::1
[2026-04-24T08:57:59.700Z] [ACCESS] GET /api/admin-data/sos - ::1
[2026-04-24T08:57:59.701Z] [ACCESS] GET /api/admin-data/help-requests - ::1
[2026-04-24T08:57:59.702Z] [ACCESS] GET /api/admin-data/chat-analytics - ::1
[2026-04-24T08:57:59.724Z] [ACCESS] GET /api/admin-data/nlp-status - ::1
[2026-04-24T08:57:59.730Z] [ACCESS] GET /api/admin-data/logs?type=all&lines=100 - ::1
[2026-04-24T08:58:29.688Z] [ACCESS] GET /api/admin-data/stats - ::1
[2026-04-24T08:58:29.690Z] [ACCESS] GET /api/admin-data/posts - ::1
[2026-04-24T08:58:29.692Z] [ACCESS] GET /api/admin-data/users - ::1
[2026-04-24T08:58:29.697Z] [ACCESS] GET /api/admin-data/sos - ::1
[2026-04-24T08:58:29.698Z] [ACCESS] GET /api/admin-data/help-requests - ::1
[2026-04-24T08:58:29.702Z] [ACCESS] GET /api/admin-data/chat-analytics - ::1
[2026-04-24T08:58:29.715Z] [ACCESS] GET /api/admin-data/nlp-status - ::1
[2026-04-24T08:58:29.716Z] [ACCESS] GET /api/admin-data/logs?type=all&lines=100 - ::1
[2026-04-24T08:58:51.712Z] [ACCESS] GET /api/chat/chats - ::1
[2026-04-24T08:58:59.702Z] [ACCESS] GET /api/admin-data/stats - ::1
[2026-04-24T08:58:59.703Z] [ACCESS] GET /api/admin-data/users - ::1
[2026-04-24T08:58:59.707Z] [ACCESS] GET /api/admin-data/sos - ::1
[2026-04-24T08:58:59.706Z] [ACCESS] GET /api/admin-data/posts - ::1
[2026-04-24T08:58:59.725Z] [ACCESS] GET /api/admin-data/help-requests - ::1
[2026-04-24T08:58:59.726Z] [ACCESS] GET /api/admin-data/chat-analytics - ::1
[2026-04-24T08:58:59.731Z] [ACCESS] GET /api/admin-data/nlp-status - ::1
[2026-04-24T08:58:59.739Z] [ACCESS] GET /api/admin-data/logs?type=all&lines=100 - ::1
[2026-04-24T08:59:23.412Z] [ACCESS] GET /api/chat/chats - ::1
[2026-04-24T08:59:27.648Z] [ACCESS] GET /api/sos/history - ::1
[2026-04-24T08:59:27.651Z] [ACCESS] GET /api/chat/chats - ::1
[2026-04-24T08:59:27.664Z] [ACCESS] GET /api/sos/history - ::1
[2026-04-24T08:59:27.674Z] [ACCESS] GET /api/chat/chats - ::1
[2026-04-24T08:59:27.683Z] [ACCESS] GET /api/chat/chats - ::1
[2026-04-24T08:59:27.694Z] [ACCESS] GET /api/chat/chats - ::1
[2026-04-24T08:59:27.703Z] [ACCESS] GET /api/chat/chats - ::1
[2026-04-24T08:59:28.767Z] [ACCESS] GET /api/chat/messages/69de0447d01e7cd183271faf?page=1 - ::1
[2026-04-24T08:59:29.705Z] [ACCESS] GET /api/admin-data/stats - ::1
[2026-04-24T08:59:29.709Z] [ACCESS] GET /api/admin-data/users - ::1
[2026-04-24T08:59:29.711Z] [ACCESS] GET /api/admin-data/sos - ::1
[2026-04-24T08:59:29.712Z] [ACCESS] GET /api/admin-data/posts - ::1
[2026-04-24T08:59:29.713Z] [ACCESS] GET /api/admin-data/help-requests - ::1
[2026-04-24T08:59:29.736Z] [ACCESS] GET /api/admin-data/nlp-status - ::1
[2026-04-24T08:59:29.732Z] [ACCESS] GET /api/admin-data/chat-analytics - ::1
[2026-04-24T08:59:29.744Z] [ACCESS] GET /api/admin-data/logs?type=all&lines=100 - ::1
[2026-04-24T08:59:31.828Z] [ACCESS] GET /api/elderly/profile/69a07938c340cede98668815 - ::1
[2026-04-24T08:59:31.830Z] [ACCESS] GET /api/elderly/posts/user/69a07938c340cede98668815 - ::1
[2026-04-24T08:59:31.837Z] [ACCESS] GET /api/elderly/profile/69a07938c340cede98668815 - ::1
[2026-04-24T08:59:31.846Z] [ACCESS] GET /api/elderly/posts/user/69a07938c340cede98668815 - ::1
[2026-04-24T08:59:31.871Z] [ACCESS] GET /api/sos/history - ::1
[2026-04-24T08:59:31.877Z] [ACCESS] GET /api/sos/history - ::1
[2026-04-24T08:59:31.892Z] [ACCESS] GET /api/chat/chats - ::1
[2026-04-24T08:59:31.900Z] [ACCESS] GET /api/chat/chats - ::1
[2026-04-24T08:59:32.442Z] [ACCESS] GET /api/sos/history - ::1
[2026-04-24T08:59:32.447Z] [ACCESS] GET /api/chat/chats - ::1
[2026-04-24T08:59:32.451Z] [ACCESS] GET /api/sos/history - ::1
[2026-04-24T08:59:32.461Z] [ACCESS] GET /api/chat/chats - ::1
[2026-04-24T08:59:32.469Z] [ACCESS] GET /api/chat/chats - ::1
[2026-04-24T08:59:32.482Z] [ACCESS] GET /api/chat/messages/69de0447d01e7cd183271faf?page=1 - ::1
[2026-04-24T08:59:32.484Z] [ACCESS] GET /api/chat/chats - ::1
[2026-04-24T08:59:32.496Z] [ACCESS] GET /api/chat/chats - ::1
[2026-04-24T08:59:42.701Z] [ACCESS] GET /api/chat/chats - ::1
[2026-04-24T08:59:52.688Z] [ACCESS] GET /api/chat/chats - ::1
[2026-04-24T08:59:59.700Z] [ACCESS] GET /api/admin-data/stats - ::1
[2026-04-24T08:59:59.701Z] [ACCESS] GET /api/admin-data/users - ::1
[2026-04-24T08:59:59.708Z] [ACCESS] GET /api/admin-data/posts - ::1
[2026-04-24T08:59:59.709Z] [ACCESS] GET /api/admin-data/sos - ::1
[2026-04-24T08:59:59.711Z] [ACCESS] GET /api/admin-data/help-requests - ::1
[2026-04-24T08:59:59.719Z] [ACCESS] GET /api/admin-data/chat-analytics - ::1
[2026-04-24T08:59:59.731Z] [ACCESS] GET /api/admin-data/nlp-status - ::1
[2026-04-24T08:59:59.735Z] [ACCESS] GET /api/admin-data/logs?type=all&lines=100 - ::1
[2026-04-24T09:00:02.702Z] [ACCESS] GET /api/chat/chats - ::1
[2026-04-24T09:00:02.717Z] [ACCESS] GET /api/chat/chats - ::1
[2026-04-24T09:00:12.702Z] [ACCESS] GET /api/chat/chats - ::1
[2026-04-24T09:00:22.696Z] [ACCESS] GET /api/chat/chats - ::1
[2026-04-24T09:00:32.704Z] [ACCESS] GET /api/chat/chats - ::1
[2026-04-24T09:00:32.714Z] [ACCESS] GET /api/chat/chats - ::1
[2026-04-24T09:00:42.447Z] [ACCESS] GET /api/chat/chats - ::1
[2026-04-24T09:00:42.734Z] [ACCESS] GET /api/admin-data/sos - ::1
[2026-04-24T09:00:42.735Z] [ACCESS] GET /api/admin-data/posts - ::1
[2026-04-24T09:00:42.738Z] [ACCESS] GET /api/admin-data/users - ::1
[2026-04-24T09:00:42.739Z] [ACCESS] GET /api/admin-data/stats - ::1
[2026-04-24T09:00:42.742Z] [ACCESS] GET /api/admin-data/help-requests - ::1
[2026-04-24T09:00:42.748Z] [ACCESS] GET /api/admin-data/chat-analytics - ::1
[2026-04-24T09:00:42.755Z] [ACCESS] GET /api/admin-data/logs?type=all&lines=100 - ::1
[2026-04-24T09:00:42.777Z] [ACCESS] GET /api/admin-data/nlp-status - ::1
[2026-04-24T09:00:52.703Z] [ACCESS] GET /api/chat/chats - ::1
[2026-04-24T09:00:59.687Z] [ACCESS] GET /api/admin-data/stats - ::1
[2026-04-24T09:00:59.689Z] [ACCESS] GET /api/admin-data/posts - ::1
[2026-04-24T09:00:59.688Z] [ACCESS] GET /api/admin-data/users - ::1
[2026-04-24T09:00:59.690Z] [ACCESS] GET /api/admin-data/sos - ::1
[2026-04-24T09:00:59.706Z] [ACCESS] GET /api/admin-data/help-requests - ::1
[2026-04-24T09:00:59.707Z] [ACCESS] GET /api/admin-data/chat-analytics - ::1
[2026-04-24T09:00:59.708Z] [ACCESS] GET /api/admin-data/nlp-status - ::1
[2026-04-24T09:00:59.713Z] [ACCESS] GET /api/admin-data/logs?type=all&lines=100 - ::1
[2026-04-24T09:01:02.698Z] [ACCESS] GET /api/chat/chats - ::1
[2026-04-24T09:01:02.707Z] [ACCESS] GET /api/chat/chats - ::1
[2026-04-24T09:01:12.696Z] [ACCESS] GET /api/chat/chats - ::1
[2026-04-24T09:01:22.705Z] [ACCESS] GET /api/chat/chats - ::1
[2026-04-24T09:01:29.709Z] [ACCESS] GET /api/admin-data/stats - ::1
[2026-04-24T09:01:29.717Z] [ACCESS] GET /api/admin-data/users - ::1
[2026-04-24T09:01:29.721Z] [ACCESS] GET /api/admin-data/posts - ::1
[2026-04-24T09:01:29.723Z] [ACCESS] GET /api/admin-data/sos - ::1
[2026-04-24T09:01:29.725Z] [ACCESS] GET /api/admin-data/help-requests - ::1
[2026-04-24T09:01:29.747Z] [ACCESS] GET /api/admin-data/chat-analytics - ::1
[2026-04-24T09:01:29.757Z] [ACCESS] GET /api/admin-data/nlp-status - ::1
[2026-04-24T09:01:29.764Z] [ACCESS] GET /api/admin-data/logs?type=all&lines=100 - ::1
[2026-04-24T09:01:32.694Z] [ACCESS] GET /api/chat/chats - ::1
[2026-04-24T09:01:32.716Z] [ACCESS] GET /api/chat/chats - ::1
[2026-04-24T09:01:42.705Z] [ACCESS] GET /api/chat/chats - ::1
[2026-04-24T09:01:52.450Z] [ACCESS] GET /api/chat/chats - ::1
[2026-04-24T09:01:54.502Z] [ACCESS] GET /api/elderly/profile/69a07938c340cede98668815 - ::1
[2026-04-24T09:01:54.508Z] [ACCESS] GET /api/elderly/profile/69a07938c340cede98668815 - ::1
[2026-04-24T09:01:54.545Z] [ACCESS] GET /api/sos/history - ::1
[2026-04-24T09:01:54.550Z] [ACCESS] GET /api/sos/history - ::1
[2026-04-24T09:01:54.560Z] [ACCESS] GET /api/chat/chats - ::1
[2026-04-24T09:01:54.569Z] [ACCESS] GET /api/chat/chats - ::1
[2026-04-24T09:01:59.694Z] [ACCESS] GET /api/admin-data/stats - ::1
[2026-04-24T09:01:59.696Z] [ACCESS] GET /api/admin-data/users - ::1
[2026-04-24T09:01:59.697Z] [ACCESS] GET /api/admin-data/posts - ::1
[2026-04-24T09:01:59.708Z] [ACCESS] GET /api/admin-data/sos - ::1
[2026-04-24T09:01:59.708Z] [ACCESS] GET /api/admin-data/help-requests - ::1
[2026-04-24T09:01:59.714Z] [ACCESS] GET /api/admin-data/chat-analytics - ::1
[2026-04-24T09:01:59.725Z] [ACCESS] GET /api/admin-data/nlp-status - ::1
[2026-04-24T09:01:59.727Z] [ACCESS] GET /api/admin-data/logs?type=all&lines=100 - ::1
[2026-04-24T09:02:02.668Z] [ACCESS] GET /api/chat/chats - ::1
[2026-04-24T09:02:02.678Z] [ACCESS] GET /api/help/help-requests/my - ::1
[2026-04-24T09:02:02.680Z] [ACCESS] GET /api/help/help-requests/volunteering - ::1
[2026-04-24T09:02:02.686Z] [ACCESS] GET /api/help/items/user/me - ::1
[2026-04-24T09:02:02.688Z] [ACCESS] GET /api/help/help-requests/public?page=1&limit=10&type=&urgency=&location=&search=&category=&condition= - ::1
[2026-04-24T09:02:02.694Z] [ACCESS] GET /api/help/items?page=1&limit=12&type=&status=available&urgency=&location=&search=&category=&condition= - ::1
[2026-04-24T09:02:02.698Z] [ACCESS] GET /api/help/nearby-opportunities - ::1
[2026-04-24T09:02:02.711Z] [ACCESS] GET /api/chat/chats - ::1
[2026-04-24T09:02:02.716Z] [ACCESS] GET /api/sos/history - ::1
[2026-04-24T09:02:02.719Z] [ACCESS] GET /api/help/items/user/me - ::1
[2026-04-24T09:02:02.723Z] [ACCESS] GET /api/help/help-requests/my - ::1
[2026-04-24T09:02:02.727Z] [ACCESS] GET /api/help/help-requests/volunteering - ::1
[2026-04-24T09:02:02.733Z] [ACCESS] GET /api/help/help-requests/public?page=1&limit=10&type=&urgency=&location=&search=&category=&condition= - ::1
[2026-04-24T09:02:02.743Z] [ACCESS] GET /api/help/items?page=1&limit=12&type=&status=available&urgency=&location=&search=&category=&condition= - ::1
[2026-04-24T09:02:02.746Z] [ACCESS] GET /api/help/nearby-opportunities - ::1
[2026-04-24T09:02:29.693Z] [ACCESS] GET /api/admin-data/stats - ::1
[2026-04-24T09:02:29.695Z] [ACCESS] GET /api/admin-data/users - ::1
[2026-04-24T09:02:29.696Z] [ACCESS] GET /api/admin-data/posts - ::1
[2026-04-24T09:02:29.706Z] [ACCESS] GET /api/admin-data/sos - ::1
[2026-04-24T09:02:29.727Z] [ACCESS] GET /api/admin-data/help-requests - ::1
[2026-04-24T09:02:29.728Z] [ACCESS] GET /api/admin-data/nlp-status - ::1
[2026-04-24T09:02:29.732Z] [ACCESS] GET /api/admin-data/chat-analytics - ::1
[2026-04-24T09:02:29.733Z] [ACCESS] GET /api/admin-data/logs?type=all&lines=100 - ::1
[2026-04-24T09:02:32.662Z] [ACCESS] GET /api/chat/chats - ::1
[2026-04-24T09:02:59.704Z] [ACCESS] GET /api/admin-data/stats - ::1
[2026-04-24T09:02:59.705Z] [ACCESS] GET /api/admin-data/users - ::1
[2026-04-24T09:02:59.706Z] [ACCESS] GET /api/admin-data/posts - ::1
[2026-04-24T09:02:59.707Z] [ACCESS] GET /api/admin-data/sos - ::1
[2026-04-24T09:02:59.715Z] [ACCESS] GET /api/admin-data/help-requests - ::1
[2026-04-24T09:02:59.726Z] [ACCESS] GET /api/admin-data/chat-analytics - ::1
[2026-04-24T09:02:59.730Z] [ACCESS] GET /api/admin-data/nlp-status - ::1
[2026-04-24T09:02:59.733Z] [ACCESS] GET /api/admin-data/logs?type=all&lines=100 - ::1
[2026-04-24T09:03:02.662Z] [ACCESS] GET /api/chat/chats - ::1
[2026-04-24T09:03:29.699Z] [ACCESS] GET /api/admin-data/stats - ::1
[2026-04-24T09:03:29.700Z] [ACCESS] GET /api/admin-data/users - ::1
[2026-04-24T09:03:29.706Z] [ACCESS] GET /api/admin-data/posts - ::1
[2026-04-24T09:03:29.707Z] [ACCESS] GET /api/admin-data/help-requests - ::1
[2026-04-24T09:03:29.708Z] [ACCESS] GET /api/admin-data/sos - ::1
[2026-04-24T09:03:29.709Z] [ACCESS] GET /api/admin-data/chat-analytics - ::1
[2026-04-24T09:03:29.728Z] [ACCESS] GET /api/admin-data/nlp-status - ::1
[2026-04-24T09:03:29.733Z] [ACCESS] GET /api/admin-data/logs?type=all&lines=100 - ::1
[2026-04-24T09:03:32.659Z] [ACCESS] GET /api/chat/chats - ::1
[2026-04-24T09:03:59.695Z] [ACCESS] GET /api/admin-data/stats - ::1
[2026-04-24T09:03:59.696Z] [ACCESS] GET /api/admin-data/users - ::1
[2026-04-24T09:03:59.697Z] [ACCESS] GET /api/admin-data/posts - ::1
[2026-04-24T09:03:59.706Z] [ACCESS] GET /api/admin-data/sos - ::1
[2026-04-24T09:03:59.707Z] [ACCESS] GET /api/admin-data/help-requests - ::1
[2026-04-24T09:03:59.708Z] [ACCESS] GET /api/admin-data/chat-analytics - ::1
[2026-04-24T09:03:59.721Z] [ACCESS] GET /api/admin-data/nlp-status - ::1
[2026-04-24T09:03:59.722Z] [ACCESS] GET /api/admin-data/logs?type=all&lines=100 - ::1
[2026-04-24T09:04:02.659Z] [ACCESS] GET /api/chat/chats - ::1
[2026-04-24T09:04:29.705Z] [ACCESS] GET /api/admin-data/stats - ::1
[2026-04-24T09:04:29.707Z] [ACCESS] GET /api/admin-data/posts - ::1
[2026-04-24T09:04:29.708Z] [ACCESS] GET /api/admin-data/sos - ::1
[2026-04-24T09:04:29.709Z] [ACCESS] GET /api/admin-data/help-requests - ::1
[2026-04-24T09:04:29.710Z] [ACCESS] GET /api/admin-data/chat-analytics - ::1
[2026-04-24T09:04:29.706Z] [ACCESS] GET /api/admin-data/users - ::1
[2026-04-24T09:04:29.733Z] [ACCESS] GET /api/admin-data/nlp-status - ::1
[2026-04-24T09:04:29.736Z] [ACCESS] GET /api/admin-data/logs?type=all&lines=100 - ::1
[2026-04-24T09:04:32.662Z] [ACCESS] GET /api/chat/chats - ::1
[2026-04-24T09:04:59.693Z] [ACCESS] GET /api/admin-data/stats - ::1
[2026-04-24T09:04:59.694Z] [ACCESS] GET /api/admin-data/users - ::1
[2026-04-24T09:04:59.695Z] [ACCESS] GET /api/admin-data/posts - ::1
[2026-04-24T09:04:59.696Z] [ACCESS] GET /api/admin-data/sos - ::1
[2026-04-24T09:04:59.712Z] [ACCESS] GET /api/admin-data/help-requests - ::1
[2026-04-24T09:04:59.715Z] [ACCESS] GET /api/admin-data/chat-analytics - ::1
[2026-04-24T09:04:59.716Z] [ACCESS] GET /api/admin-data/nlp-status - ::1
[2026-04-24T09:04:59.717Z] [ACCESS] GET /api/admin-data/logs?type=all&lines=100 - ::1
[2026-04-24T09:05:02.658Z] [ACCESS] GET /api/chat/chats - ::1
[2026-04-24T09:05:29.698Z] [ACCESS] GET /api/admin-data/stats - ::1
[2026-04-24T09:05:29.699Z] [ACCESS] GET /api/admin-data/users - ::1
[2026-04-24T09:05:29.700Z] [ACCESS] GET /api/admin-data/posts - ::1
[2026-04-24T09:05:29.702Z] [ACCESS] GET /api/admin-data/chat-analytics - ::1
[2026-04-24T09:05:29.701Z] [ACCESS] GET /api/admin-data/sos - ::1
[2026-04-24T09:05:29.702Z] [ACCESS] GET /api/admin-data/help-requests - ::1
[2026-04-24T09:05:29.725Z] [ACCESS] GET /api/admin-data/nlp-status - ::1
[2026-04-24T09:05:29.727Z] [ACCESS] GET /api/admin-data/logs?type=all&lines=100 - ::1
[2026-04-24T09:05:32.662Z] [ACCESS] GET /api/chat/chats - ::1
[2026-04-24T09:06:02.662Z] [ACCESS] GET /api/chat/chats - ::1
[2026-04-24T09:06:30.699Z] [ACCESS] GET /api/admin-data/stats - ::1
[2026-04-24T09:06:30.701Z] [ACCESS] GET /api/admin-data/users - ::1
[2026-04-24T09:06:30.702Z] [ACCESS] GET /api/admin-data/posts - ::1
[2026-04-24T09:06:30.704Z] [ACCESS] GET /api/admin-data/help-requests - ::1
[2026-04-24T09:06:30.702Z] [ACCESS] GET /api/admin-data/sos - ::1
[2026-04-24T09:06:30.712Z] [ACCESS] GET /api/admin-data/chat-analytics - ::1
[2026-04-24T09:06:30.721Z] [ACCESS] GET /api/admin-data/nlp-status - ::1
[2026-04-24T09:06:30.728Z] [ACCESS] GET /api/admin-data/logs?type=all&lines=100 - ::1
[2026-04-24T09:06:32.662Z] [ACCESS] GET /api/chat/chats - ::1
[2026-04-24T09:07:02.662Z] [ACCESS] GET /api/chat/chats - ::1
[2026-04-24T09:07:31.691Z] [ACCESS] GET /api/admin-data/stats - ::1
[2026-04-24T09:07:31.695Z] [ACCESS] GET /api/admin-data/users - ::1
[2026-04-24T09:07:31.697Z] [ACCESS] GET /api/admin-data/posts - ::1
[2026-04-24T09:07:31.698Z] [ACCESS] GET /api/admin-data/sos - ::1
[2026-04-24T09:07:31.702Z] [ACCESS] GET /api/admin-data/help-requests - ::1
[2026-04-24T09:07:31.706Z] [ACCESS] GET /api/admin-data/chat-analytics - ::1
[2026-04-24T09:07:31.718Z] [ACCESS] GET /api/admin-data/nlp-status - ::1
[2026-04-24T09:07:31.723Z] [ACCESS] GET /api/admin-data/logs?type=all&lines=100 - ::1
[2026-04-24T09:07:32.663Z] [ACCESS] GET /api/chat/chats - ::1
[2026-04-24T09:08:02.661Z] [ACCESS] GET /api/chat/chats - ::1
[2026-04-24T09:08:32.663Z] [ACCESS] GET /api/chat/chats - ::1
[2026-04-24T09:08:32.688Z] [ACCESS] GET /api/admin-data/stats - ::1
[2026-04-24T09:08:32.690Z] [ACCESS] GET /api/admin-data/users - ::1
[2026-04-24T09:08:32.692Z] [ACCESS] GET /api/admin-data/posts - ::1
[2026-04-24T09:08:32.692Z] [ACCESS] GET /api/admin-data/sos - ::1
[2026-04-24T09:08:32.693Z] [ACCESS] GET /api/admin-data/help-requests - ::1
[2026-04-24T09:08:32.694Z] [ACCESS] GET /api/admin-data/chat-analytics - ::1
[2026-04-24T09:08:32.713Z] [ACCESS] GET /api/admin-data/nlp-status - ::1
[2026-04-24T09:08:32.722Z] [ACCESS] GET /api/admin-data/logs?type=all&lines=100 - ::1
[2026-04-24T09:09:02.662Z] [ACCESS] GET /api/chat/chats - ::1
[2026-04-24T09:09:32.662Z] [ACCESS] GET /api/chat/chats - ::1
[2026-04-24T09:09:33.702Z] [ACCESS] GET /api/admin-data/stats - ::1
[2026-04-24T09:09:33.703Z] [ACCESS] GET /api/admin-data/users - ::1
[2026-04-24T09:09:33.709Z] [ACCESS] GET /api/admin-data/posts - ::1
[2026-04-24T09:09:33.711Z] [ACCESS] GET /api/admin-data/sos - ::1
[2026-04-24T09:09:33.713Z] [ACCESS] GET /api/admin-data/help-requests - ::1
[2026-04-24T09:09:33.713Z] [ACCESS] GET /api/admin-data/chat-analytics - ::1
[2026-04-24T09:09:33.730Z] [ACCESS] GET /api/admin-data/nlp-status - ::1
[2026-04-24T09:09:33.736Z] [ACCESS] GET /api/admin-data/logs?type=all&lines=100 - ::1
[2026-04-24T09:10:02.662Z] [ACCESS] GET /api/chat/chats - ::1
[2026-04-24T09:10:32.663Z] [ACCESS] GET /api/chat/chats - ::1
[2026-04-24T09:10:34.690Z] [ACCESS] GET /api/admin-data/stats - ::1
[2026-04-24T09:10:34.691Z] [ACCESS] GET /api/admin-data/users - ::1
[2026-04-24T09:10:34.692Z] [ACCESS] GET /api/admin-data/posts - ::1
[2026-04-24T09:10:34.694Z] [ACCESS] GET /api/admin-data/sos - ::1
[2026-04-24T09:10:34.711Z] [ACCESS] GET /api/admin-data/help-requests - ::1
[2026-04-24T09:10:34.711Z] [ACCESS] GET /api/admin-data/nlp-status - ::1
[2026-04-24T09:10:34.713Z] [ACCESS] GET /api/admin-data/chat-analytics - ::1
[2026-04-24T09:10:34.715Z] [ACCESS] GET /api/admin-data/logs?type=all&lines=100 - ::1
[2026-04-24T09:11:02.662Z] [ACCESS] GET /api/chat/chats - ::1
[2026-04-24T09:11:32.662Z] [ACCESS] GET /api/chat/chats - ::1
[2026-04-24T09:11:35.695Z] [ACCESS] GET /api/admin-data/stats - ::1
[2026-04-24T09:11:35.698Z] [ACCESS] GET /api/admin-data/users - ::1
[2026-04-24T09:11:35.698Z] [ACCESS] GET /api/admin-data/posts - ::1
[2026-04-24T09:11:35.701Z] [ACCESS] GET /api/admin-data/help-requests - ::1
[2026-04-24T09:11:35.700Z] [ACCESS] GET /api/admin-data/sos - ::1
[2026-04-24T09:11:35.716Z] [ACCESS] GET /api/admin-data/nlp-status - ::1
[2026-04-24T09:11:35.725Z] [ACCESS] GET /api/admin-data/chat-analytics - ::1
[2026-04-24T09:11:35.732Z] [ACCESS] GET /api/admin-data/logs?type=all&lines=100 - ::1
[2026-04-24T09:12:02.658Z] [ACCESS] GET /api/chat/chats - ::1
[2026-04-24T09:12:32.661Z] [ACCESS] GET /api/chat/chats - ::1
[2026-04-24T09:12:36.697Z] [ACCESS] GET /api/admin-data/stats - ::1
[2026-04-24T09:12:36.698Z] [ACCESS] GET /api/admin-data/users - ::1
[2026-04-24T09:12:36.698Z] [ACCESS] GET /api/admin-data/posts - ::1
[2026-04-24T09:12:36.699Z] [ACCESS] GET /api/admin-data/sos - ::1
[2026-04-24T09:12:36.700Z] [ACCESS] GET /api/admin-data/help-requests - ::1
[2026-04-24T09:12:36.701Z] [ACCESS] GET /api/admin-data/chat-analytics - ::1
[2026-04-24T09:12:36.726Z] [ACCESS] GET /api/admin-data/nlp-status - ::1
[2026-04-24T09:12:36.729Z] [ACCESS] GET /api/admin-data/logs?type=all&lines=100 - ::1
[2026-04-24T09:13:02.663Z] [ACCESS] GET /api/chat/chats - ::1
[2026-04-24T09:13:32.666Z] [ACCESS] GET /api/chat/chats - ::1
[2026-04-24T09:13:37.693Z] [ACCESS] GET /api/admin-data/stats - ::1
[2026-04-24T09:13:37.694Z] [ACCESS] GET /api/admin-data/users - ::1
[2026-04-24T09:13:37.695Z] [ACCESS] GET /api/admin-data/posts - ::1
[2026-04-24T09:13:37.709Z] [ACCESS] GET /api/admin-data/sos - ::1
[2026-04-24T09:13:37.714Z] [ACCESS] GET /api/admin-data/help-requests - ::1
[2026-04-24T09:13:37.722Z] [ACCESS] GET /api/admin-data/chat-analytics - ::1
[2026-04-24T09:13:37.723Z] [ACCESS] GET /api/admin-data/nlp-status - ::1
[2026-04-24T09:13:37.730Z] [ACCESS] GET /api/admin-data/logs?type=all&lines=100 - ::1
[2026-04-24T09:14:02.663Z] [ACCESS] GET /api/chat/chats - ::1
[2026-04-24T09:14:32.661Z] [ACCESS] GET /api/chat/chats - ::1
[2026-04-24T09:14:38.697Z] [ACCESS] GET /api/admin-data/stats - ::1
[2026-04-24T09:14:38.698Z] [ACCESS] GET /api/admin-data/users - ::1
[2026-04-24T09:14:38.704Z] [ACCESS] GET /api/admin-data/posts - ::1
[2026-04-24T09:14:38.705Z] [ACCESS] GET /api/admin-data/sos - ::1
[2026-04-24T09:14:38.706Z] [ACCESS] GET /api/admin-data/help-requests - ::1
[2026-04-24T09:14:38.717Z] [ACCESS] GET /api/admin-data/chat-analytics - ::1
[2026-04-24T09:14:38.724Z] [ACCESS] GET /api/admin-data/nlp-status - ::1
[2026-04-24T09:14:38.731Z] [ACCESS] GET /api/admin-data/logs?type=all&lines=100 - ::1
[2026-04-24T09:15:02.660Z] [ACCESS] GET /api/chat/chats - ::1
[2026-04-24T09:15:32.659Z] [ACCESS] GET /api/chat/chats - ::1
[2026-04-24T09:15:39.701Z] [ACCESS] GET /api/admin-data/stats - ::1
[2026-04-24T09:15:39.702Z] [ACCESS] GET /api/admin-data/users - ::1
[2026-04-24T09:15:39.704Z] [ACCESS] GET /api/admin-data/posts - ::1
[2026-04-24T09:15:39.705Z] [ACCESS] GET /api/admin-data/sos - ::1
[2026-04-24T09:15:39.713Z] [ACCESS] GET /api/admin-data/help-requests - ::1
[2026-04-24T09:15:39.714Z] [ACCESS] GET /api/admin-data/chat-analytics - ::1
[2026-04-24T09:15:39.722Z] [ACCESS] GET /api/admin-data/nlp-status - ::1
[2026-04-24T09:15:39.762Z] [ACCESS] GET /api/admin-data/logs?type=all&lines=100 - ::1
[2026-04-24T09:16:02.658Z] [ACCESS] GET /api/chat/chats - ::1
[2026-04-24T09:16:32.691Z] [ACCESS] GET /api/chat/chats - ::1
[2026-04-24T09:17:02.696Z] [ACCESS] GET /api/chat/chats - ::1
[2026-04-24T09:17:51.702Z] [ACCESS] GET /api/chat/chats - ::1
[2026-04-24T09:18:51.709Z] [ACCESS] GET /api/chat/chats - ::1
[2026-04-24T09:19:51.703Z] [ACCESS] GET /api/chat/chats - ::1
[2026-04-24T09:20:52.232Z] [ACCESS] GET /api/chat/chats - ::1
[2026-04-24T09:21:51.701Z] [ACCESS] GET /api/chat/chats - ::1
[2026-04-24T09:22:51.697Z] [ACCESS] GET /api/chat/chats - ::1
[2026-04-24T09:23:51.700Z] [ACCESS] GET /api/chat/chats - ::1
[2026-04-24T09:24:51.698Z] [ACCESS] GET /api/chat/chats - ::1
[2026-04-24T09:25:51.708Z] [ACCESS] GET /api/chat/chats - ::1
[2026-04-24T09:26:51.704Z] [ACCESS] GET /api/chat/chats - ::1
[2026-04-24T09:27:51.702Z] [ACCESS] GET /api/chat/chats - ::1
[2026-04-24T09:28:51.695Z] [ACCESS] GET /api/chat/chats - ::1
[2026-04-24T09:29:51.702Z] [ACCESS] GET /api/chat/chats - ::1
[2026-04-24T09:30:51.695Z] [ACCESS] GET /api/chat/chats - ::1
[2026-04-24T09:59:18.141Z] [ACCESS] GET /api/chat/chats - ::1
[2026-04-24T09:59:19.114Z] [ACCESS] GET /api/chat/chats - ::1
[2026-04-24T09:59:19.119Z] [ACCESS] GET /api/help/help-requests/my - ::1
[2026-04-24T09:59:19.123Z] [ACCESS] GET /api/help/help-requests/volunteering - ::1
[2026-04-24T09:59:19.125Z] [ACCESS] GET /api/help/items/user/me - ::1
[2026-04-24T09:59:19.136Z] [ACCESS] GET /api/chat/chats - ::1
[2026-04-24T09:59:19.141Z] [ACCESS] GET /api/help/help-requests/public?page=1&limit=10&type=&urgency=&location=&search=&category=&condition= - ::1
[2026-04-24T09:59:19.146Z] [ACCESS] GET /api/help/nearby-opportunities - ::1
[2026-04-24T09:59:19.149Z] [ACCESS] GET /api/help/items?page=1&limit=12&type=&status=available&urgency=&location=&search=&category=&condition= - ::1
[2026-04-24T09:59:19.152Z] [ACCESS] GET /api/help/items/user/me - ::1
[2026-04-24T09:59:19.154Z] [ACCESS] GET /api/help/help-requests/my - ::1
[2026-04-24T09:59:19.166Z] [ACCESS] GET /api/help/help-requests/volunteering - ::1
[2026-04-24T09:59:19.170Z] [ACCESS] GET /api/help/help-requests/public?page=1&limit=10&type=&urgency=&location=&search=&category=&condition= - ::1
[2026-04-24T09:59:19.174Z] [ACCESS] GET /api/help/nearby-opportunities - ::1
[2026-04-24T09:59:19.176Z] [ACCESS] GET /api/help/items?page=1&limit=12&type=&status=available&urgency=&location=&search=&category=&condition= - ::1
[2026-04-24T09:59:19.190Z] [ACCESS] GET /api/sos/history - ::1
[2026-04-24T09:59:49.697Z] [ACCESS] GET /api/chat/chats - ::1
[2026-04-24T10:00:19.703Z] [ACCESS] GET /api/chat/chats - ::1
[2026-04-24T10:00:49.697Z] [ACCESS] GET /api/chat/chats - ::1
[2026-04-24T10:01:19.687Z] [ACCESS] GET /api/chat/chats - ::1
[2026-04-24T10:01:49.697Z] [ACCESS] GET /api/chat/chats - ::1
[2026-04-24T10:02:19.735Z] [ACCESS] GET /api/chat/chats - ::1
[2026-04-24T10:02:51.692Z] [ACCESS] GET /api/chat/chats - ::1
[2026-04-24T10:03:51.707Z] [ACCESS] GET /api/chat/chats - ::1
[2026-04-24T10:04:51.710Z] [ACCESS] GET /api/chat/chats - ::1
[2026-04-24T10:05:51.701Z] [ACCESS] GET /api/chat/chats - ::1
[2026-04-24T10:06:51.709Z] [ACCESS] GET /api/chat/chats - ::1
[2026-04-24T10:07:51.721Z] [ACCESS] GET /api/chat/chats - ::1
[2026-04-24T10:08:51.700Z] [ACCESS] GET /api/chat/chats - ::1
[2026-04-24T10:09:51.694Z] [ACCESS] GET /api/chat/chats - ::1
[2026-04-24T10:10:51.709Z] [ACCESS] GET /api/chat/chats - ::1
[2026-04-24T10:11:51.718Z] [ACCESS] GET /api/chat/chats - ::1
[2026-04-24T10:12:51.703Z] [ACCESS] GET /api/chat/chats - ::1
[2026-04-24T10:13:51.705Z] [ACCESS] GET /api/chat/chats - ::1
[2026-04-24T10:14:51.700Z] [ACCESS] GET /api/chat/chats - ::1
[2026-04-24T10:15:51.710Z] [ACCESS] GET /api/chat/chats - ::1
[2026-04-24T10:16:51.703Z] [ACCESS] GET /api/chat/chats - ::1
[2026-04-24T10:17:51.696Z] [ACCESS] GET /api/chat/chats - ::1
[2026-04-24T10:18:51.708Z] [ACCESS] GET /api/chat/chats - ::1
[2026-04-24T10:19:51.713Z] [ACCESS] GET /api/chat/chats - ::1
[2026-04-24T10:20:51.704Z] [ACCESS] GET /api/chat/chats - ::1
[2026-04-24T10:21:51.701Z] [ACCESS] GET /api/chat/chats - ::1
[2026-04-24T10:22:51.707Z] [ACCESS] GET /api/chat/chats - ::1
[2026-04-24T10:23:51.701Z] [ACCESS] GET /api/chat/chats - ::1
[2026-04-24T10:24:51.702Z] [ACCESS] GET /api/chat/chats - ::1
[2026-04-24T10:25:19.122Z] [ACCESS] GET /api/chat/chats - ::1
[2026-04-24T10:25:49.705Z] [ACCESS] GET /api/chat/chats - ::1
[2026-04-24T10:26:19.701Z] [ACCESS] GET /api/chat/chats - ::1
[2026-04-24T10:26:49.693Z] [ACCESS] GET /api/chat/chats - ::1
[2026-04-24T10:27:19.691Z] [ACCESS] GET /api/chat/chats - ::1
[2026-04-24T10:27:49.699Z] [ACCESS] GET /api/chat/chats - ::1
[2026-04-24T10:28:19.696Z] [ACCESS] GET /api/chat/chats - ::1
[2026-04-24T10:28:49.694Z] [ACCESS] GET /api/chat/chats - ::1
[2026-04-24T10:29:19.693Z] [ACCESS] GET /api/chat/chats - ::1
[2026-04-24T10:29:49.699Z] [ACCESS] GET /api/chat/chats - ::1
[2026-04-24T10:30:05.299Z] [ACCESS] GET /api/elderly/profile/69a07938c340cede98668815 - ::1
[2026-04-24T10:30:05.301Z] [ACCESS] GET /api/elderly/posts/user/69a07938c340cede98668815 - ::1
[2026-04-24T10:30:05.310Z] [ACCESS] GET /api/elderly/profile/69a07938c340cede98668815 - ::1
[2026-04-24T10:30:05.320Z] [ACCESS] GET /api/elderly/posts/user/69a07938c340cede98668815 - ::1
[2026-04-24T10:30:05.360Z] [ACCESS] GET /api/sos/history - ::1
[2026-04-24T10:30:05.367Z] [ACCESS] GET /api/sos/history - ::1
[2026-04-24T10:30:05.383Z] [ACCESS] GET /api/chat/chats - ::1
[2026-04-24T10:30:05.391Z] [ACCESS] GET /api/chat/chats - ::1
[2026-04-24T10:30:35.691Z] [ACCESS] GET /api/chat/chats - ::1
[2026-04-24T10:31:05.698Z] [ACCESS] GET /api/chat/chats - ::1
[2026-04-24T10:31:35.695Z] [ACCESS] GET /api/chat/chats - ::1
[2026-04-24T10:32:05.701Z] [ACCESS] GET /api/chat/chats - ::1
[2026-04-24T10:32:35.700Z] [ACCESS] GET /api/chat/chats - ::1
[2026-04-24T10:33:05.693Z] [ACCESS] GET /api/chat/chats - ::1
[2026-04-24T10:33:51.706Z] [ACCESS] GET /api/chat/chats - ::1
[2026-04-24T10:34:51.702Z] [ACCESS] GET /api/chat/chats - ::1
[2026-04-24T10:35:49.519Z] [ACCESS] GET /api/chat/chats - ::1
[2026-04-24T10:36:05.694Z] [ACCESS] GET /api/chat/chats - ::1
[2026-04-24T10:36:14.105Z] [ACCESS] GET /api/elderly/profile/69a07938c340cede98668815 - ::1
[2026-04-24T10:36:14.110Z] [ACCESS] GET /api/elderly/profile/69a07938c340cede98668815 - ::1
[2026-04-24T10:36:14.154Z] [ACCESS] GET /api/sos/history - ::1
[2026-04-24T10:36:14.160Z] [ACCESS] GET /api/sos/history - ::1
[2026-04-24T10:36:14.171Z] [ACCESS] GET /api/chat/chats - ::1
[2026-04-24T10:36:14.179Z] [ACCESS] GET /api/chat/chats - ::1
[2026-04-24T10:36:44.700Z] [ACCESS] GET /api/chat/chats - ::1
[2026-04-24T10:37:14.693Z] [ACCESS] GET /api/chat/chats - ::1
[2026-04-24T10:37:44.158Z] [ACCESS] GET /api/chat/chats - ::1
[2026-04-24T10:38:14.702Z] [ACCESS] GET /api/chat/chats - ::1
[2026-04-24T10:38:44.704Z] [ACCESS] GET /api/chat/chats - ::1
[2026-04-24T10:39:14.694Z] [ACCESS] GET /api/chat/chats - ::1
[2026-04-24T10:39:51.703Z] [ACCESS] GET /api/chat/chats - ::1
[2026-04-24T10:40:26.512Z] [ACCESS] GET /api/chat/chats - ::1
[2026-04-24T10:40:44.695Z] [ACCESS] GET /api/chat/chats - ::1
[2026-04-24T10:41:14.689Z] [ACCESS] GET /api/chat/chats - ::1
[2026-04-24T10:41:51.718Z] [ACCESS] GET /api/chat/chats - ::1
[2026-04-24T10:42:51.720Z] [ACCESS] GET /api/chat/chats - ::1
[2026-04-24T10:43:51.716Z] [ACCESS] GET /api/chat/chats - ::1
[2026-04-24T10:44:35.427Z] [ACCESS] GET /api/chat/chats - ::1
[2026-04-24T10:44:44.166Z] [ACCESS] GET /api/chat/chats - ::1
[2026-04-24T10:45:14.695Z] [ACCESS] GET /api/chat/chats - ::1
[2026-04-24T10:45:44.691Z] [ACCESS] GET /api/chat/chats - ::1
[2026-04-24T10:46:14.687Z] [ACCESS] GET /api/chat/chats - ::1
[2026-04-24T10:46:44.161Z] [ACCESS] GET /api/chat/chats - ::1
[2026-04-24T10:47:14.159Z] [ACCESS] GET /api/chat/chats - ::1
[2026-04-24T10:47:44.711Z] [ACCESS] GET /api/chat/chats - ::1
[2026-04-24T10:48:14.165Z] [ACCESS] GET /api/chat/chats - ::1
[2026-04-24T10:48:44.157Z] [ACCESS] GET /api/chat/chats - ::1
[2026-04-24T10:49:14.712Z] [ACCESS] GET /api/chat/chats - ::1
[2026-04-24T10:49:44.695Z] [ACCESS] GET /api/chat/chats - ::1
[2026-04-24T10:50:51.699Z] [ACCESS] GET /api/chat/chats - ::1
[2026-04-24T10:51:21.443Z] [ACCESS] GET /api/chat/chats - ::1
[2026-04-24T10:51:44.692Z] [ACCESS] GET /api/chat/chats - ::1
[2026-04-24T10:52:14.693Z] [ACCESS] GET /api/chat/chats - ::1
[2026-04-24T10:52:44.691Z] [ACCESS] GET /api/chat/chats - ::1
[2026-04-24T10:53:14.689Z] [ACCESS] GET /api/chat/chats - ::1
[2026-04-24T10:53:51.700Z] [ACCESS] GET /api/chat/chats - ::1
[2026-04-24T10:54:23.148Z] [ACCESS] GET /api/chat/chats - ::1
[2026-04-24T10:54:44.691Z] [ACCESS] GET /api/chat/chats - ::1
[2026-04-24T10:55:14.690Z] [ACCESS] GET /api/chat/chats - ::1
[2026-04-24T10:55:51.704Z] [ACCESS] GET /api/chat/chats - ::1
[2026-04-24T10:56:51.703Z] [ACCESS] GET /api/chat/chats - ::1
[2026-04-24T10:57:20.929Z] [ACCESS] GET /api/chat/chats - ::1
[2026-04-24T10:57:44.699Z] [ACCESS] GET /api/chat/chats - ::1
[2026-04-24T10:58:14.694Z] [ACCESS] GET /api/chat/chats - ::1
[2026-04-24T10:58:44.684Z] [ACCESS] GET /api/chat/chats - ::1
[2026-04-24T10:59:14.700Z] [ACCESS] GET /api/chat/chats - ::1
[2026-04-24T10:59:44.699Z] [ACCESS] GET /api/chat/chats - ::1
[2026-04-24T11:00:51.706Z] [ACCESS] GET /api/chat/chats - ::1
[2026-04-24T11:01:15.148Z] [ACCESS] GET /api/chat/chats - ::1
[2026-04-24T11:01:44.697Z] [ACCESS] GET /api/chat/chats - ::1
[2026-04-24T11:02:14.699Z] [ACCESS] GET /api/chat/chats - ::1
[2026-04-24T11:02:51.699Z] [ACCESS] GET /api/chat/chats - ::1
[2026-04-24T11:03:51.699Z] [ACCESS] GET /api/chat/chats - ::1
[2026-04-24T11:04:51.709Z] [ACCESS] GET /api/chat/chats - ::1
[2026-04-24T11:05:14.697Z] [ACCESS] GET /api/chat/chats - ::1
[2026-04-24T11:05:44.688Z] [ACCESS] GET /api/chat/chats - ::1
[2026-04-24T11:06:51.717Z] [ACCESS] GET /api/chat/chats - ::1
[2026-04-24T11:07:51.703Z] [ACCESS] GET /api/chat/chats - ::1
[2026-04-24T11:08:51.700Z] [ACCESS] GET /api/chat/chats - ::1
[2026-04-24T11:09:51.705Z] [ACCESS] GET /api/chat/chats - ::1
[2026-04-24T11:10:51.703Z] [ACCESS] GET /api/chat/chats - ::1
[2026-04-24T11:11:51.696Z] [ACCESS] GET /api/chat/chats - ::1
[2026-04-24T11:12:14.699Z] [ACCESS] GET /api/chat/chats - ::1
[2026-04-24T11:12:44.690Z] [ACCESS] GET /api/chat/chats - ::1
[2026-04-24T11:13:51.696Z] [ACCESS] GET /api/chat/chats - ::1
[2026-04-24T11:14:51.702Z] [ACCESS] GET /api/chat/chats - ::1
[2026-04-24T11:15:51.724Z] [ACCESS] GET /api/chat/chats - ::1
[2026-04-24T11:16:51.703Z] [ACCESS] GET /api/chat/chats - ::1
[2026-04-24T11:17:51.713Z] [ACCESS] GET /api/chat/chats - ::1
[2026-04-24T11:18:51.709Z] [ACCESS] GET /api/chat/chats - ::1
[2026-04-24T11:19:51.716Z] [ACCESS] GET /api/chat/chats - ::1
[2026-04-24T11:20:51.699Z] [ACCESS] GET /api/chat/chats - ::1
[2026-04-24T11:21:51.704Z] [ACCESS] GET /api/chat/chats - ::1
[2026-04-24T11:22:51.705Z] [ACCESS] GET /api/chat/chats - ::1
[2026-04-24T11:23:51.705Z] [ACCESS] GET /api/chat/chats - ::1
[2026-04-24T11:24:51.707Z] [ACCESS] GET /api/chat/chats - ::1
[2026-04-24T11:25:51.709Z] [ACCESS] GET /api/chat/chats - ::1
[2026-04-24T11:26:51.698Z] [ACCESS] GET /api/chat/chats - ::1
[2026-04-24T11:27:51.695Z] [ACCESS] GET /api/chat/chats - ::1
[2026-04-24T11:28:51.710Z] [ACCESS] GET /api/chat/chats - ::1
[2026-04-24T11:29:51.703Z] [ACCESS] GET /api/chat/chats - ::1
[2026-04-24T11:30:51.705Z] [ACCESS] GET /api/chat/chats - ::1
[2026-04-24T11:31:51.705Z] [ACCESS] GET /api/chat/chats - ::1
[2026-04-24T11:32:51.699Z] [ACCESS] GET /api/chat/chats - ::1
[2026-04-24T11:33:51.706Z] [ACCESS] GET /api/chat/chats - ::1
[2026-04-24T11:34:51.703Z] [ACCESS] GET /api/chat/chats - ::1
[2026-04-24T11:35:51.713Z] [ACCESS] GET /api/chat/chats - ::1
[2026-04-24T11:36:51.700Z] [ACCESS] GET /api/chat/chats - ::1
[2026-04-24T11:37:51.695Z] [ACCESS] GET /api/chat/chats - ::1
[2026-04-24T11:38:51.701Z] [ACCESS] GET /api/chat/chats - ::1
[2026-04-24T11:39:51.692Z] [ACCESS] GET /api/chat/chats - ::1
[2026-04-24T11:40:51.703Z] [ACCESS] GET /api/chat/chats - ::1
[2026-04-24T11:41:51.709Z] [ACCESS] GET /api/chat/chats - ::1
[2026-04-24T11:42:51.712Z] [ACCESS] GET /api/chat/chats - ::1
[2026-04-24T11:43:51.695Z] [ACCESS] GET /api/chat/chats - ::1
[2026-04-24T11:44:51.707Z] [ACCESS] GET /api/chat/chats - ::1
[2026-04-24T11:45:51.723Z] [ACCESS] GET /api/chat/chats - ::1
[2026-04-24T11:46:51.698Z] [ACCESS] GET /api/chat/chats - ::1
[2026-04-24T11:47:51.704Z] [ACCESS] GET /api/chat/chats - ::1
[2026-04-24T11:48:51.707Z] [ACCESS] GET /api/chat/chats - ::1
[2026-04-24T11:49:51.695Z] [ACCESS] GET /api/chat/chats - ::1
[2026-04-24T11:50:51.709Z] [ACCESS] GET /api/chat/chats - ::1
[2026-04-24T11:51:51.717Z] [ACCESS] GET /api/chat/chats - ::1
[2026-04-24T11:52:51.708Z] [ACCESS] GET /api/chat/chats - ::1
[2026-04-24T11:53:51.696Z] [ACCESS] GET /api/chat/chats - ::1
[2026-04-24T11:54:51.704Z] [ACCESS] GET /api/chat/chats - ::1
[2026-04-24T11:55:51.698Z] [ACCESS] GET /api/chat/chats - ::1
[2026-04-24T11:56:51.696Z] [ACCESS] GET /api/chat/chats - ::1
[2026-04-24T11:57:51.700Z] [ACCESS] GET /api/chat/chats - ::1
[2026-04-24T11:59:05.421Z] [ACCESS] GET /api/chat/chats - ::1
[2026-04-24T11:59:05.845Z] [ACCESS] GET /api/elderly/profile/69a07938c340cede98668815 - ::1
[2026-04-24T11:59:05.850Z] [ACCESS] GET /api/elderly/profile/69a07938c340cede98668815 - ::1
[2026-04-24T11:59:05.967Z] [ACCESS] GET /api/sos/history - ::1
[2026-04-24T11:59:05.972Z] [ACCESS] GET /api/chat/chats - ::1
[2026-04-24T11:59:05.975Z] [ACCESS] GET /api/sos/history - ::1
[2026-04-24T11:59:05.982Z] [ACCESS] GET /api/chat/chats - ::1
[2026-04-24T11:59:36.696Z] [ACCESS] GET /api/chat/chats - ::1
[2026-04-24T12:00:06.699Z] [ACCESS] GET /api/chat/chats - ::1
[2026-04-24T12:00:36.703Z] [ACCESS] GET /api/chat/chats - ::1
[2026-04-24T12:01:06.690Z] [ACCESS] GET /api/chat/chats - ::1
[2026-04-24T12:01:36.704Z] [ACCESS] GET /api/chat/chats - ::1
[2026-04-24T12:02:06.695Z] [ACCESS] GET /api/chat/chats - ::1
[2026-04-24T12:02:51.696Z] [ACCESS] GET /api/chat/chats - ::1
[2026-04-24T12:03:51.699Z] [ACCESS] GET /api/chat/chats - ::1
[2026-04-24T12:04:51.706Z] [ACCESS] GET /api/chat/chats - ::1
[2026-04-24T12:05:51.693Z] [ACCESS] GET /api/chat/chats - ::1
[2026-04-24T12:06:51.694Z] [ACCESS] GET /api/chat/chats - ::1
[2026-04-24T12:07:51.712Z] [ACCESS] GET /api/chat/chats - ::1
[2026-04-24T12:08:51.700Z] [ACCESS] GET /api/chat/chats - ::1
[2026-04-24T12:23:17.394Z] [ACCESS] GET /api/chat/chats - ::1
[2026-04-24T12:23:51.710Z] [ACCESS] GET /api/chat/chats - ::1
[2026-04-24T12:24:51.813Z] [ACCESS] GET /api/chat/chats - ::1
[2026-04-24T12:25:51.717Z] [ACCESS] GET /api/chat/chats - ::1
[2026-04-24T12:26:51.714Z] [ACCESS] GET /api/chat/chats - ::1
[2026-04-24T12:27:51.704Z] [ACCESS] GET /api/chat/chats - ::1
[2026-04-24T12:28:51.701Z] [ACCESS] GET /api/chat/chats - ::1
[2026-04-24T12:29:51.710Z] [ACCESS] GET /api/chat/chats - ::1
[2026-04-24T12:30:51.699Z] [ACCESS] GET /api/chat/chats - ::1
[2026-04-24T12:31:51.703Z] [ACCESS] GET /api/chat/chats - ::1
[2026-04-24T12:32:37.659Z] [ACCESS] GET /api/chat/chats - ::1
